path	bytes	sha256	regenerate
challenge/artifacts/experiments/confidence/confidence_v1/features/masked_quotes/bm25_hearing.sentence/train.jsonl	99957	56437e04fe9eb3d56c2addf20a27a0e179d69ebe8ce8495e4ece3d724f629158	cd challenge && uv run python -m utils.confidence_policies --config configs/confidence_policies.toml collect --run-name confidence_v1 --targets bm25_hearing.sentence
challenge/artifacts/experiments/confidence/confidence_v1/features/masked_quotes/bm25_hearing.sentence/validation.jsonl	28358	ec316ed7a955d25dbf326553b025cc651fbeefdf8e00d3271b8abd0facba6ebd	cd challenge && uv run python -m utils.confidence_policies --config configs/confidence_policies.toml collect --run-name confidence_v1 --targets bm25_hearing.sentence
challenge/artifacts/experiments/confidence/confidence_v1/features/masked_quotes/hybrid_rrf.sentence/train.jsonl	100861	c3236f632d7fba505e36f569ace414f597bc32ac0153e4de1c847e232ac31f01	cd challenge && uv run python -m utils.confidence_policies --config configs/confidence_policies.toml collect --run-name confidence_v1 --targets hybrid_rrf.sentence
challenge/artifacts/experiments/confidence/confidence_v1/features/masked_quotes/hybrid_rrf.sentence/validation.jsonl	28642	aa75362556ccb71a778e1e0f36a0d871b065c078d333f339d4df7a09f7ac01f0	cd challenge && uv run python -m utils.confidence_policies --config configs/confidence_policies.toml collect --run-name confidence_v1 --targets hybrid_rrf.sentence
challenge/artifacts/experiments/confidence/confidence_v1/features/masked_quotes/rerank_bge.sentence/train.jsonl	99567	2c31cc91ab9561f991647dc831dd347b1d252751f1cdc933e50cf260fcfe7ff3	cd challenge && uv run python -m utils.confidence_policies --config configs/confidence_policies.toml collect --run-name confidence_v1 --targets rerank_bge.sentence
challenge/artifacts/experiments/confidence/confidence_v1/features/masked_quotes/rerank_bge.sentence/validation.jsonl	28273	f36ee10b52651d14670c13ada8c030c2b3856ef334402ce33ddf52ee23f27a55	cd challenge && uv run python -m utils.confidence_policies --config configs/confidence_policies.toml collect --run-name confidence_v1 --targets rerank_bge.sentence
challenge/artifacts/experiments/confidence/confidence_v1/features/masked_quotes/serafim_335m.sentence/train.jsonl	100577	115df4754c501cc464e8b48c27885bf24387ad357b239c11b76a94beabde0118	cd challenge && uv run python -m utils.confidence_policies --config configs/confidence_policies.toml collect --run-name confidence_v1 --targets serafim_335m.sentence
challenge/artifacts/experiments/confidence/confidence_v1/features/masked_quotes/serafim_335m.sentence/validation.jsonl	28547	9b1d59c4e6a344bbd9f55da852c599e4e501dcf56b4aea4ccdff0b2743a66831	cd challenge && uv run python -m utils.confidence_policies --config configs/confidence_policies.toml collect --run-name confidence_v1 --targets serafim_335m.sentence
challenge/artifacts/experiments/confidence/confidence_v1/features/masked_quotes/serafim_335m.turn/train.jsonl	95685	9136063f1258567c936c9d1e44f2b08f5e6e6729ccf175a180d651f160668213	cd challenge && uv run python -m utils.confidence_policies --config configs/confidence_policies.toml collect --run-name confidence_v1 --targets serafim_335m.turn
challenge/artifacts/experiments/confidence/confidence_v1/features/masked_quotes/serafim_335m.turn/validation.jsonl	27417	31b6751bdee4492a9bc42c0d28bfee477f249a6c054f389b32490b56c15a795f	cd challenge && uv run python -m utils.confidence_policies --config configs/confidence_policies.toml collect --run-name confidence_v1 --targets serafim_335m.turn
challenge/artifacts/experiments/confidence/confidence_v1/features/masked_quotes/serafim_335m.window2/train.jsonl	100568	9c28c2b9091daf4123fb1746f89a86afe25d8167dc0f873947577791c945ddc8	cd challenge && uv run python -m utils.confidence_policies --config configs/confidence_policies.toml collect --run-name confidence_v1 --targets serafim_335m.window2
challenge/artifacts/experiments/confidence/confidence_v1/features/masked_quotes/serafim_335m.window2/validation.jsonl	28537	aa4c437f0bb784485dbc41b839034258e35d5727266e983ab07ba342cf725f54	cd challenge && uv run python -m utils.confidence_policies --config configs/confidence_policies.toml collect --run-name confidence_v1 --targets serafim_335m.window2
challenge/artifacts/experiments/confidence/confidence_v1/features/masked_quotes/serafim_335m.window3/train.jsonl	100547	80a432cc0744ce9f9ff42084a7b681ac267b046fa687ca3131a6aa743d5a9599	cd challenge && uv run python -m utils.confidence_policies --config configs/confidence_policies.toml collect --run-name confidence_v1 --targets serafim_335m.window3
challenge/artifacts/experiments/confidence/confidence_v1/features/masked_quotes/serafim_335m.window3/validation.jsonl	28513	efbf85a3323a4f567f6bc4c942d8c09146c936829002c21ad68400a101bf10aa	cd challenge && uv run python -m utils.confidence_policies --config configs/confidence_policies.toml collect --run-name confidence_v1 --targets serafim_335m.window3
challenge/artifacts/experiments/confidence/confidence_v1/features/nli/bm25_hearing.sentence/train.jsonl	1794393	84be133bda3b3aac94e757dfe65cdb075e1f187cf11b97393c366d4df8d1fb3c	cd challenge && uv run python -m utils.confidence_policies --config configs/confidence_policies.toml collect --run-name confidence_v1 --targets bm25_hearing.sentence
challenge/artifacts/experiments/confidence/confidence_v1/features/nli/bm25_hearing.sentence/validation.jsonl	430667	dd87f762b57cebb678f601f55414adda558727ba4d254f76134a7f90cc51ec63	cd challenge && uv run python -m utils.confidence_policies --config configs/confidence_policies.toml collect --run-name confidence_v1 --targets bm25_hearing.sentence
challenge/artifacts/experiments/confidence/confidence_v1/features/nli/hybrid_rrf.sentence/train.jsonl	1811541	70c922812765e48582053309b0a22188ebf7b454d6ef009bfe9c7d06e45fc0f0	cd challenge && uv run python -m utils.confidence_policies --config configs/confidence_policies.toml collect --run-name confidence_v1 --targets hybrid_rrf.sentence
challenge/artifacts/experiments/confidence/confidence_v1/features/nli/hybrid_rrf.sentence/validation.jsonl	434817	67fcaf302480d2be48ec3fd31a2af934e9bbfd87cef321452a333b9a96cf4fdc	cd challenge && uv run python -m utils.confidence_policies --config configs/confidence_policies.toml collect --run-name confidence_v1 --targets hybrid_rrf.sentence
challenge/artifacts/experiments/confidence/confidence_v1/features/nli/rerank_bge.sentence/train.jsonl	1788283	90a31ed7298324d649363a6fd2566c00c67a602de9a759baa32d485f3468dd5b	cd challenge && uv run python -m utils.confidence_policies --config configs/confidence_policies.toml collect --run-name confidence_v1 --targets rerank_bge.sentence
challenge/artifacts/experiments/confidence/confidence_v1/features/nli/rerank_bge.sentence/validation.jsonl	429202	b64bbe05931cf984349e7d069710a6d7d8fa950d85ac545653a86fd7e9d35f15	cd challenge && uv run python -m utils.confidence_policies --config configs/confidence_policies.toml collect --run-name confidence_v1 --targets rerank_bge.sentence
challenge/artifacts/experiments/confidence/confidence_v1/features/nli/serafim_335m.sentence/train.jsonl	1807292	fb6a8cf4f09f8bb4a21fd3b4fd4ee3d392c04b5d7a1fa5b24192a5a410d74f1c	cd challenge && uv run python -m utils.confidence_policies --config configs/confidence_policies.toml collect --run-name confidence_v1 --targets serafim_335m.sentence
challenge/artifacts/experiments/confidence/confidence_v1/features/nli/serafim_335m.sentence/validation.jsonl	433755	c52ee53812256387c9136b5c978ab7ca72d74d7b2a900e594c67dd6b9a5a7f92	cd challenge && uv run python -m utils.confidence_policies --config configs/confidence_policies.toml collect --run-name confidence_v1 --targets serafim_335m.sentence
challenge/artifacts/experiments/confidence/confidence_v1/features/nli/serafim_335m.turn/train.jsonl	1721835	67ac33887221312f20fed3ac5a1edf548650f91528ab44e5b542fc3806525da1	cd challenge && uv run python -m utils.confidence_policies --config configs/confidence_policies.toml collect --run-name confidence_v1 --targets serafim_335m.turn
challenge/artifacts/experiments/confidence/confidence_v1/features/nli/serafim_335m.turn/validation.jsonl	412349	e5a255932e7a65429d9843c3dd6b8911597dc1728febefc4726a4c9e901e999d	cd challenge && uv run python -m utils.confidence_policies --config configs/confidence_policies.toml collect --run-name confidence_v1 --targets serafim_335m.turn
challenge/artifacts/experiments/confidence/confidence_v1/features/nli/serafim_335m.window2/train.jsonl	1809989	c42787ef00cf14afe330a25905182b8df7ee31d58ab6fec1180a2186e7f7a303	cd challenge && uv run python -m utils.confidence_policies --config configs/confidence_policies.toml collect --run-name confidence_v1 --targets serafim_335m.window2
challenge/artifacts/experiments/confidence/confidence_v1/features/nli/serafim_335m.window2/validation.jsonl	434310	ea27a1d42ec07ae7e7dff0a922ea60cf8c8934d538b1944d01777a960269caad	cd challenge && uv run python -m utils.confidence_policies --config configs/confidence_policies.toml collect --run-name confidence_v1 --targets serafim_335m.window2
challenge/artifacts/experiments/confidence/confidence_v1/features/nli/serafim_335m.window3/train.jsonl	1810125	4ce740c8ec1f5c32908af7340a1b9b554df279f3d84148ecc13116ae661c8537	cd challenge && uv run python -m utils.confidence_policies --config configs/confidence_policies.toml collect --run-name confidence_v1 --targets serafim_335m.window3
challenge/artifacts/experiments/confidence/confidence_v1/features/nli/serafim_335m.window3/validation.jsonl	434397	75e5e93e28ab00a711ee8299925b6c2ef7c1f639ea080877e89640e86baa7e6a	cd challenge && uv run python -m utils.confidence_policies --config configs/confidence_policies.toml collect --run-name confidence_v1 --targets serafim_335m.window3
challenge/artifacts/experiments/confidence/confidence_v1/nli/pairs/confidence_v1/xnli_mdeberta.jsonl	12002453	250da114b34c6f79367c44967dc0dc3a4a29195aa9a25348982325a94e6eee38	cd challenge && uv run python -m utils.nli_verifier_experiments --config configs/nli_verifier.toml pairs --input artifacts/experiments/confidence/confidence_v1/nli/pairs_input.jsonl --run-name confidence_v1 --output-dir artifacts/experiments/confidence/confidence_v1/nli --scorers xnli_mdeberta
challenge/artifacts/experiments/confidence/confidence_v1/nli/pairs_input.jsonl	9191126	946c59dbb9c423a0639bd31913bf0ec1eb32bc0c4d552fc1184357d4c2333dd1	cd challenge && uv run python -m utils.confidence_policies --config configs/confidence_policies.toml pairs --run-name confidence_v1
challenge/artifacts/experiments/confidence/confidence_v1/predictions/masked_quotes/bm25_hearing.sentence/train.jsonl	130869	7b523115c33c7530fc1c3834d731c154e33eed7b7a1914133711ebe4f65e5a8f	cd challenge && uv run python -m utils.confidence_policies --config configs/confidence_policies.toml evaluate --run-name confidence_v1 --targets bm25_hearing.sentence
challenge/artifacts/experiments/confidence/confidence_v1/predictions/masked_quotes/bm25_hearing.sentence/validation.jsonl	37074	707f9e4621724b7683f5c23914fcb6fa26581e275721a91109062340186f84e3	cd challenge && uv run python -m utils.confidence_policies --config configs/confidence_policies.toml evaluate --run-name confidence_v1 --targets bm25_hearing.sentence
challenge/artifacts/experiments/confidence/confidence_v1/predictions/masked_quotes/hybrid_rrf.sentence/train.jsonl	131348	a535af67d5b5a618590dda809aa2cc65932293922adac86518da1f4882e05245	cd challenge && uv run python -m utils.confidence_policies --config configs/confidence_policies.toml evaluate --run-name confidence_v1 --targets hybrid_rrf.sentence
challenge/artifacts/experiments/confidence/confidence_v1/predictions/masked_quotes/hybrid_rrf.sentence/validation.jsonl	37243	04b284e2dac6d0fb1f4c3a0f13646f88d2e897f326d40fad2d0c113181cea1cf	cd challenge && uv run python -m utils.confidence_policies --config configs/confidence_policies.toml evaluate --run-name confidence_v1 --targets hybrid_rrf.sentence
challenge/artifacts/experiments/confidence/confidence_v1/predictions/masked_quotes/rerank_bge.sentence/train.jsonl	131107	fae3d81b2c108d299c479dd205cb421d3a978cfcf2454b70e9cd4b940650b2ae	cd challenge && uv run python -m utils.confidence_policies --config configs/confidence_policies.toml evaluate --run-name confidence_v1 --targets rerank_bge.sentence
challenge/artifacts/experiments/confidence/confidence_v1/predictions/masked_quotes/rerank_bge.sentence/validation.jsonl	37138	43ac5cbce857cd957502988fa754c36535bbb685dc169a2acbd2eebf5bbca71d	cd challenge && uv run python -m utils.confidence_policies --config configs/confidence_policies.toml evaluate --run-name confidence_v1 --targets rerank_bge.sentence
challenge/artifacts/experiments/confidence/confidence_v1/predictions/masked_quotes/serafim_335m.sentence/train.jsonl	143819	56efa63f5d6da9553f9b2726da43ba7f583cc812321f8ddedf219888da29855e	cd challenge && uv run python -m utils.confidence_policies --config configs/confidence_policies.toml evaluate --run-name confidence_v1 --targets serafim_335m.sentence
challenge/artifacts/experiments/confidence/confidence_v1/predictions/masked_quotes/serafim_335m.sentence/validation.jsonl	40700	7034f8de1369934ecaa87f8ba5f1ff213cc1da455fd701cd948cfd4c818e3df1	cd challenge && uv run python -m utils.confidence_policies --config configs/confidence_policies.toml evaluate --run-name confidence_v1 --targets serafim_335m.sentence
challenge/artifacts/experiments/confidence/confidence_v1/predictions/masked_quotes/serafim_335m.turn/train.jsonl	94757	fb1b720b8cc40f0531110efd156bf9c96b52c4e563fbf91131a1d7667f0dab1d	cd challenge && uv run python -m utils.confidence_policies --config configs/confidence_policies.toml evaluate --run-name confidence_v1 --targets serafim_335m.turn
challenge/artifacts/experiments/confidence/confidence_v1/predictions/masked_quotes/serafim_335m.turn/validation.jsonl	27100	6f4600f8dda1ed7b2e697d2403c0bc6a02953c6985b1a49bae6aa034230f07da	cd challenge && uv run python -m utils.confidence_policies --config configs/confidence_policies.toml evaluate --run-name confidence_v1 --targets serafim_335m.turn
challenge/artifacts/experiments/confidence/confidence_v1/predictions/masked_quotes/serafim_335m.window2/train.jsonl	131562	22f433b4b98f5fbab027d3453bc60328fb737175ddbdd2b13f6849633ff9c856	cd challenge && uv run python -m utils.confidence_policies --config configs/confidence_policies.toml evaluate --run-name confidence_v1 --targets serafim_335m.window2
challenge/artifacts/experiments/confidence/confidence_v1/predictions/masked_quotes/serafim_335m.window2/validation.jsonl	37262	a87c2c72800e68f311af91118ef0866b9b10d265646c2682f435fcf2f6ac6837	cd challenge && uv run python -m utils.confidence_policies --config configs/confidence_policies.toml evaluate --run-name confidence_v1 --targets serafim_335m.window2
challenge/artifacts/experiments/confidence/confidence_v1/predictions/masked_quotes/serafim_335m.window3/train.jsonl	131239	31ef4964de4b3023d5849e7cd23cedc42ba58c4fdb35bfa88a6aac33ba59be38	cd challenge && uv run python -m utils.confidence_policies --config configs/confidence_policies.toml evaluate --run-name confidence_v1 --targets serafim_335m.window3
challenge/artifacts/experiments/confidence/confidence_v1/predictions/masked_quotes/serafim_335m.window3/validation.jsonl	37157	7654fba4c74a74a57907a9eebaac50aa43a643b54bf6a9b46b244d5d14d3a512	cd challenge && uv run python -m utils.confidence_policies --config configs/confidence_policies.toml evaluate --run-name confidence_v1 --targets serafim_335m.window3
challenge/artifacts/experiments/confidence/confidence_v1/predictions/nli/bm25_hearing.sentence/train.jsonl	2381214	87c5d85d90012abcb0a1829f3a8837c75a013d68961c05ed5fdb1dedff03cd91	cd challenge && uv run python -m utils.confidence_policies --config configs/confidence_policies.toml evaluate --run-name confidence_v1 --targets bm25_hearing.sentence
challenge/artifacts/experiments/confidence/confidence_v1/predictions/nli/bm25_hearing.sentence/validation.jsonl	570587	ec635881235641ae050879a41615b06b378b7aeeb9d96fd530e8ac9054dad441	cd challenge && uv run python -m utils.confidence_policies --config configs/confidence_policies.toml evaluate --run-name confidence_v1 --targets bm25_hearing.sentence
challenge/artifacts/experiments/confidence/confidence_v1/predictions/nli/hybrid_rrf.sentence/train.jsonl	2390970	e5a09ee3159cd6a146b15f084dbf2754d7c6459a8324856846e1fe5d5fedeb40	cd challenge && uv run python -m utils.confidence_policies --config configs/confidence_policies.toml evaluate --run-name confidence_v1 --targets hybrid_rrf.sentence
challenge/artifacts/experiments/confidence/confidence_v1/predictions/nli/hybrid_rrf.sentence/validation.jsonl	572837	6d5d1cc9d2243b92049496daaea613017d71c14dc2822946153fe89985ece120	cd challenge && uv run python -m utils.confidence_policies --config configs/confidence_policies.toml evaluate --run-name confidence_v1 --targets hybrid_rrf.sentence
challenge/artifacts/experiments/confidence/confidence_v1/predictions/nli/rerank_bge.sentence/train.jsonl	2383745	f78705a30803e72d1df037cdd858d2850398bd8c07b6f58d284add75a4a0857e	cd challenge && uv run python -m utils.confidence_policies --config configs/confidence_policies.toml evaluate --run-name confidence_v1 --targets rerank_bge.sentence
challenge/artifacts/experiments/confidence/confidence_v1/predictions/nli/rerank_bge.sentence/validation.jsonl	571086	cbd1067c8fafe2e1c9ce8bcbb0190262f3ee9de4606ab034750180cd6398d209	cd challenge && uv run python -m utils.confidence_policies --config configs/confidence_policies.toml evaluate --run-name confidence_v1 --targets rerank_bge.sentence
challenge/artifacts/experiments/confidence/confidence_v1/predictions/nli/serafim_335m.sentence/train.jsonl	2618854	bf4e01b1a0da3c1d6a9afc93b46e7c9b379c34438f890ddeb73927bbc01c4462	cd challenge && uv run python -m utils.confidence_policies --config configs/confidence_policies.toml evaluate --run-name confidence_v1 --targets serafim_335m.sentence
challenge/artifacts/experiments/confidence/confidence_v1/predictions/nli/serafim_335m.sentence/validation.jsonl	627157	9b642b6f9957804114eaaa1883b00d2fe3b1334f785911db0d7b4a2743be757d	cd challenge && uv run python -m utils.confidence_policies --config configs/confidence_policies.toml evaluate --run-name confidence_v1 --targets serafim_335m.sentence
challenge/artifacts/experiments/confidence/confidence_v1/predictions/nli/serafim_335m.turn/train.jsonl	1731561	3598200d9775b823b85c356a7f42c648baf5356aac60412a986ef575d4884a49	cd challenge && uv run python -m utils.confidence_policies --config configs/confidence_policies.toml evaluate --run-name confidence_v1 --targets serafim_335m.turn
challenge/artifacts/experiments/confidence/confidence_v1/predictions/nli/serafim_335m.turn/validation.jsonl	414872	93bcaa0e0766ebdf976f1f320691be563702f9b446879b1f2de9225183e57bfe	cd challenge && uv run python -m utils.confidence_policies --config configs/confidence_policies.toml evaluate --run-name confidence_v1 --targets serafim_335m.turn
challenge/artifacts/experiments/confidence/confidence_v1/predictions/nli/serafim_335m.window2/train.jsonl	2392337	7eebd0a1841ddab8e030d03f0def121aa78842730b91761ba5a663bb4b72cb23	cd challenge && uv run python -m utils.confidence_policies --config configs/confidence_policies.toml evaluate --run-name confidence_v1 --targets serafim_335m.window2
challenge/artifacts/experiments/confidence/confidence_v1/predictions/nli/serafim_335m.window2/validation.jsonl	573130	254573917b5b2ea00968421d864773ef984bc105ea60e30916cab00c9cb47e35	cd challenge && uv run python -m utils.confidence_policies --config configs/confidence_policies.toml evaluate --run-name confidence_v1 --targets serafim_335m.window2
challenge/artifacts/experiments/confidence/confidence_v1/predictions/nli/serafim_335m.window3/train.jsonl	2392493	07299e51ac1a838d1fe2e1c817af5ed0586dbc83df359084d5a3c1a4c86a5818	cd challenge && uv run python -m utils.confidence_policies --config configs/confidence_policies.toml evaluate --run-name confidence_v1 --targets serafim_335m.window3
challenge/artifacts/experiments/confidence/confidence_v1/predictions/nli/serafim_335m.window3/validation.jsonl	573247	96d55d5fb1266cca325740e197e61780be0a06008846a727a9c110a0e9120289	cd challenge && uv run python -m utils.confidence_policies --config configs/confidence_policies.toml evaluate --run-name confidence_v1 --targets serafim_335m.window3
challenge/artifacts/experiments/confidence_v2/scores/alignscore_large_train.jsonl	1367814	c0d8b906d6cefcc025e3dc984aefddaedbaac74205ca177752e35d0d06f39315	cd challenge && uv run python -m utils.confidence_v2 --config configs/confidence_v2.toml score --candidates alignscore_large --sets ea
challenge/artifacts/experiments/confidence_v2/scores/alignscore_large_udv_annotated.jsonl	31202	0f3edfa13328859560e9f2d73f79f2adf330aced2189205ade777f7f09f306b8	not regenerable from this release: E-B score file, the E-B part of confidence_v2 is in tag research-2026-09-28
challenge/artifacts/experiments/confidence_v2/scores/alignscore_large_validation.jsonl	324189	4fc71b88ce8d0fc2ad333fe41f2c2264844e65d5ca2d9ce55f3b396745b816e0	cd challenge && uv run python -m utils.confidence_v2 --config configs/confidence_v2.toml score --candidates alignscore_large --sets ea
challenge/artifacts/experiments/confidence_v2/scores/bge_reranker_train.jsonl	1569977	d4a7c4f04fc2d25f1ad865c4dd5ab91a4e2515eb2c12739d44574a3c53796b28	cd challenge && uv run python -m utils.confidence_v2 --config configs/confidence_v2.toml score --candidates bge_reranker --sets ea
challenge/artifacts/experiments/confidence_v2/scores/bge_reranker_udv_annotated.jsonl	30622	b7c0af4ebdd98de8df975429f1bc1a112db4f215c79b788f8de0bf12cfd0a312	not regenerable from this release: E-B score file, the E-B part of confidence_v2 is in tag research-2026-09-28
challenge/artifacts/experiments/confidence_v2/scores/bge_reranker_validation.jsonl	371136	a8dfab07ece1c129866457cab2e7ed70cbf9bcbd0f39bdcf119fdd0b7ab74da9	cd challenge && uv run python -m utils.confidence_v2 --config configs/confidence_v2.toml score --candidates bge_reranker --sets ea
challenge/artifacts/experiments/confidence_v2/scores/factcg_deberta_train.jsonl	1584162	ea66551ff0dccf14252573bbb58c46b13113dd83ff630fa67d72bca0e1f359ea	cd challenge && uv run python -m utils.confidence_v2 --config configs/confidence_v2.toml score --candidates factcg_deberta --sets ea
challenge/artifacts/experiments/confidence_v2/scores/factcg_deberta_udv_annotated.jsonl	30981	096e79d463a926e9cf5741f2bf2d1c7b8ff9d79cdaae523e7b6153a14821c21a	not regenerable from this release: E-B score file, the E-B part of confidence_v2 is in tag research-2026-09-28
challenge/artifacts/experiments/confidence_v2/scores/factcg_deberta_validation.jsonl	374548	6ae5ca8391961cefdc516c950bd9b95d6c9abebc01ab5c992ac46438fdb006e5	cd challenge && uv run python -m utils.confidence_v2 --config configs/confidence_v2.toml score --candidates factcg_deberta --sets ea
challenge/artifacts/experiments/confidence_v2/scores/hhem_open_train.jsonl	1583651	4b6c66d755586616f19e7b0f7d993751b574d272bda38d3ae0f98988694e65ad	cd challenge && uv run python -m utils.confidence_v2 --config configs/confidence_v2.toml score --candidates hhem_open --sets ea
challenge/artifacts/experiments/confidence_v2/scores/hhem_open_udv_annotated.jsonl	30993	9f8b79decadf4cc6300ca516898fdb2ba2f79bbb14fad81aa617bd6b12e07855	not regenerable from this release: E-B score file, the E-B part of confidence_v2 is in tag research-2026-09-28
challenge/artifacts/experiments/confidence_v2/scores/hhem_open_validation.jsonl	374566	bec98628516a77c53d2fd872f322218f7581fd9fe524a90994553bb155251c2c	cd challenge && uv run python -m utils.confidence_v2 --config configs/confidence_v2.toml score --candidates hhem_open --sets ea
challenge/artifacts/experiments/confidence_v2/scores/laya_new_laya_en_en_train.jsonl	2703907	00219583511513769e4f5b422e074ff463857fa5f3ecb3edb7fefafa52dfe643	cd challenge && uv run python -m utils.confidence_v2 --config configs/confidence_v2.toml laya-score --scorers laya_en_en --sets ea
challenge/artifacts/experiments/confidence_v2/scores/laya_new_laya_en_en_udv_annotated.jsonl	30932	ef5a04ca53cb45f4adb4d2b2b39e473f99c81eab935cde11c2240ccf664a5ad5	not regenerable from this release: E-B score file, the E-B part of confidence_v2 is in tag research-2026-09-28
challenge/artifacts/experiments/confidence_v2/scores/laya_new_laya_en_en_validation.jsonl	637607	125d9d7e3421485a4aa2fd2998f57f1f3e4f5d9b0a380ec7696befc7d49155ad	cd challenge && uv run python -m utils.confidence_v2 --config configs/confidence_v2.toml laya-score --scorers laya_en_en --sets ea
challenge/artifacts/experiments/confidence_v2/scores/laya_new_laya_multi_pt_train.jsonl	2710970	b6265811fee5d173efb380602a2bd48b100cc86278d2b5bd0f3ba8b5f06a1210	cd challenge && uv run python -m utils.confidence_v2 --config configs/confidence_v2.toml laya-score --scorers laya_multi_pt --sets ea
challenge/artifacts/experiments/confidence_v2/scores/laya_new_laya_multi_pt_udv_annotated.jsonl	31076	a69c8b13e1e2642987fc794fa74fa9e213959e40b5630b60fffde4269c261a61	not regenerable from this release: E-B score file, the E-B part of confidence_v2 is in tag research-2026-09-28
challenge/artifacts/experiments/confidence_v2/scores/laya_new_laya_multi_pt_validation.jsonl	639713	036698296beed1e93cc2fb43a81c9cc75dd655f99ee04f2119591d291f7362ca	cd challenge && uv run python -m utils.confidence_v2 --config configs/confidence_v2.toml laya-score --scorers laya_multi_pt --sets ea
challenge/artifacts/experiments/confidence_v2/scores/minicheck_deberta_train.jsonl	1585558	d7812532f53c9d1ec5ce4df8cee5cbf65a8388ae4dbf477173d24a549d117d48	cd challenge && uv run python -m utils.confidence_v2 --config configs/confidence_v2.toml score --candidates minicheck_deberta --sets ea
challenge/artifacts/experiments/confidence_v2/scores/minicheck_deberta_udv_annotated.jsonl	31020	0c21e5658edd31ad68acdaeb5ce16003998932152f144abf737edf7ae9e0a585	not regenerable from this release: E-B score file, the E-B part of confidence_v2 is in tag research-2026-09-28
challenge/artifacts/experiments/confidence_v2/scores/minicheck_deberta_validation.jsonl	374933	71fbfb393a40d0bbee57fe08b17e2707235d9edaa1283d084f1b302ce93df3b8	cd challenge && uv run python -m utils.confidence_v2 --config configs/confidence_v2.toml score --candidates minicheck_deberta --sets ea
challenge/artifacts/experiments/confidence_v2/scores/minicheck_ft5_train.jsonl	1586407	c0e5d13f2a6579bdfce1ce959a716f145ecdef97f45d13aa4d7c2bb28a00efea	cd challenge && uv run python -m utils.confidence_v2 --config configs/confidence_v2.toml score --candidates minicheck_ft5 --sets ea
challenge/artifacts/experiments/confidence_v2/scores/minicheck_ft5_udv_annotated.jsonl	30992	60f9909b41c6cb9029d985ae41d361ac74f6a8a1ed795e8c5bb482ab76ff9c6f	not regenerable from this release: E-B score file, the E-B part of confidence_v2 is in tag research-2026-09-28
challenge/artifacts/experiments/confidence_v2/scores/minicheck_ft5_validation.jsonl	375174	396c2a6e6ad4666d3b656963b999d8bdb635caa66fa1cdeb9e341ece44b0f31f	cd challenge && uv run python -m utils.confidence_v2 --config configs/confidence_v2.toml score --candidates minicheck_ft5 --sets ea
challenge/artifacts/experiments/nli_verifier/final_test_e3x/scores/cosine_serafim_test.jsonl	516765	f0e371b85071c3bbd94aa7cec92a32aaaa7b6098413d27e99e41b0f4143e9438	cd challenge && uv run python -m utils.nli_verifier_experiments --config configs/nli_verifier.toml score --run-name final_test_e3x --scorers cosine_serafim --final-test
challenge/artifacts/experiments/nli_verifier/final_test_e3x/scores/cosine_serafim_train.jsonl	2766160	750438f2bbdc0b6097cb171e9314f3f945cdfebe7a67d381aa2d2382b94d77f3	cd challenge && uv run python -m utils.nli_verifier_experiments --config configs/nli_verifier.toml score --run-name final_test_e3x --scorers cosine_serafim --final-test
challenge/artifacts/experiments/nli_verifier/final_test_e3x/scores/cosine_serafim_validation.jsonl	651436	f59f5303ed3f6a11bec3ee6c52b70506c7249f28953418e768c7622c0deb979f	cd challenge && uv run python -m utils.nli_verifier_experiments --config configs/nli_verifier.toml score --run-name final_test_e3x --scorers cosine_serafim --final-test
challenge/artifacts/experiments/nli_verifier/final_test_e3x/scores/laya_en_en_m2m100_test.jsonl	6492737	75f58cc126b3cbd6b7f480199daf2ca24e1c7a515a9350074f93abe4ff106712	cd challenge && uv run python -m utils.nli_verifier_experiments --config configs/nli_verifier.toml score --run-name final_test_e3x --scorers laya_en_en_m2m100 --final-test
challenge/artifacts/experiments/nli_verifier/final_test_e3x/scores/laya_en_en_m2m100_train.jsonl	34783313	a071d7bdb36196ff3d0a8669b2e91563b4c5871a7cb6caac258c6cb64bc83311	cd challenge && uv run python -m utils.nli_verifier_experiments --config configs/nli_verifier.toml score --run-name final_test_e3x --scorers laya_en_en_m2m100 --final-test
challenge/artifacts/experiments/nli_verifier/final_test_e3x/scores/laya_en_en_m2m100_validation.jsonl	8150271	991ef12550a05052f6aed7ab371277bb6c9a1da3112f902d878562492e0da7e8	cd challenge && uv run python -m utils.nli_verifier_experiments --config configs/nli_verifier.toml score --run-name final_test_e3x --scorers laya_en_en_m2m100 --final-test
challenge/artifacts/experiments/nli_verifier/final_test_e3x/scores/laya_en_en_test.jsonl	6490636	f2e994a7e2569d93b43e2ca96d754a11bba090db32811b40e2ee828ed972bedf	cd challenge && uv run python -m utils.nli_verifier_experiments --config configs/nli_verifier.toml score --run-name final_test_e3x --scorers laya_en_en --final-test
challenge/artifacts/experiments/nli_verifier/final_test_e3x/scores/laya_en_en_train.jsonl	34771245	aebda1b0c1ba70b3deca497b1389112a9bacc1d792e4fa5bbc3d7d1789d5f8cf	cd challenge && uv run python -m utils.nli_verifier_experiments --config configs/nli_verifier.toml score --run-name final_test_e3x --scorers laya_en_en --final-test
challenge/artifacts/experiments/nli_verifier/final_test_e3x/scores/laya_en_en_validation.jsonl	8146549	e941c20a82b78a4692f264f8cf0978400bd26027b9f5fb8c72c0d7f7f571d182	cd challenge && uv run python -m utils.nli_verifier_experiments --config configs/nli_verifier.toml score --run-name final_test_e3x --scorers laya_en_en --final-test
challenge/artifacts/experiments/nli_verifier/final_test_e3x/scores/laya_multi_pt_test.jsonl	6442234	887668e80916b11f03eb076b46888c2e76bb897553c30f129d49a632c3cb4bd4	cd challenge && uv run python -m utils.nli_verifier_experiments --config configs/nli_verifier.toml score --run-name final_test_e3x --scorers laya_multi_pt --final-test
challenge/artifacts/experiments/nli_verifier/final_test_e3x/scores/laya_multi_pt_train.jsonl	34453793	506a6c20b92da399e891cfc493cc88b590c160fce30b8674588b6f0c86b7b365	cd challenge && uv run python -m utils.nli_verifier_experiments --config configs/nli_verifier.toml score --run-name final_test_e3x --scorers laya_multi_pt --final-test
challenge/artifacts/experiments/nli_verifier/final_test_e3x/scores/laya_multi_pt_validation.jsonl	8079936	035936ce0b5b43f7d73be65ad8f4cf9c9588f1399c8437cd778e9c9523c70f6f	cd challenge && uv run python -m utils.nli_verifier_experiments --config configs/nli_verifier.toml score --run-name final_test_e3x --scorers laya_multi_pt --final-test
challenge/artifacts/experiments/nli_verifier/final_test_e3x/scores/xnli_mdeberta_test.jsonl	997309	62f3bfab5d38b73ee3fc9ba035e099c2b1890a92dc511106806003cafc0476aa	cd challenge && uv run python -m utils.nli_verifier_experiments --config configs/nli_verifier.toml score --run-name final_test_e3x --scorers xnli_mdeberta --final-test
challenge/artifacts/experiments/nli_verifier/final_test_e3x/scores/xnli_mdeberta_train.jsonl	5338278	65ca40d8873cecbe594e58784c5e835c063831f92cd0926e00874f7b5e0238e5	cd challenge && uv run python -m utils.nli_verifier_experiments --config configs/nli_verifier.toml score --run-name final_test_e3x --scorers xnli_mdeberta --final-test
challenge/artifacts/experiments/nli_verifier/final_test_e3x/scores/xnli_mdeberta_validation.jsonl	1254044	d789174e948b1775c6e445fe253b4a192b5c4e7e503b869dca729285c8ed4b04	cd challenge && uv run python -m utils.nli_verifier_experiments --config configs/nli_verifier.toml score --run-name final_test_e3x --scorers xnli_mdeberta --final-test
challenge/artifacts/experiments/nli_verifier/nli_verifier_v1/scores/assin2_mdeberta_train.jsonl	4130043	75b04b54728138428683c4a20056386fee52ec7bbcef2c01a1dd88f3f67a4cc8	cd challenge && uv run python -m utils.nli_verifier_experiments --config configs/nli_verifier.toml score --run-name nli_verifier_v1 --scorers assin2_mdeberta
challenge/artifacts/experiments/nli_verifier/nli_verifier_v1/scores/assin2_mdeberta_validation.jsonl	970714	2e435945488985531cb1778159865a6ba39ca4b166bd64f743a52b0c96157e87	cd challenge && uv run python -m utils.nli_verifier_experiments --config configs/nli_verifier.toml score --run-name nli_verifier_v1 --scorers assin2_mdeberta
challenge/artifacts/experiments/nli_verifier/nli_verifier_v1/scores/cosine_serafim_train.jsonl	2766160	750438f2bbdc0b6097cb171e9314f3f945cdfebe7a67d381aa2d2382b94d77f3	cd challenge && uv run python -m utils.nli_verifier_experiments --config configs/nli_verifier.toml score --run-name nli_verifier_v1 --scorers cosine_serafim
challenge/artifacts/experiments/nli_verifier/nli_verifier_v1/scores/cosine_serafim_validation.jsonl	651436	f59f5303ed3f6a11bec3ee6c52b70506c7249f28953418e768c7622c0deb979f	cd challenge && uv run python -m utils.nli_verifier_experiments --config configs/nli_verifier.toml score --run-name nli_verifier_v1 --scorers cosine_serafim
challenge/artifacts/experiments/nli_verifier/nli_verifier_v1/scores/xnli_mdeberta_train.jsonl	5338278	65ca40d8873cecbe594e58784c5e835c063831f92cd0926e00874f7b5e0238e5	cd challenge && uv run python -m utils.nli_verifier_experiments --config configs/nli_verifier.toml score --run-name nli_verifier_v1 --scorers xnli_mdeberta
challenge/artifacts/experiments/nli_verifier/nli_verifier_v1/scores/xnli_mdeberta_validation.jsonl	1254044	d789174e948b1775c6e445fe253b4a192b5c4e7e503b869dca729285c8ed4b04	cd challenge && uv run python -m utils.nli_verifier_experiments --config configs/nli_verifier.toml score --run-name nli_verifier_v1 --scorers xnli_mdeberta
challenge/artifacts/experiments/nli_verifier/nli_verifier_v2/scores/laya_en_en_m2m100_train.jsonl	34783313	a071d7bdb36196ff3d0a8669b2e91563b4c5871a7cb6caac258c6cb64bc83311	cd challenge && uv run python -m utils.nli_verifier_experiments --config configs/nli_verifier.toml score --run-name nli_verifier_v2 --scorers laya_en_en_m2m100
challenge/artifacts/experiments/nli_verifier/nli_verifier_v2/scores/laya_en_en_m2m100_validation.jsonl	8150271	991ef12550a05052f6aed7ab371277bb6c9a1da3112f902d878562492e0da7e8	cd challenge && uv run python -m utils.nli_verifier_experiments --config configs/nli_verifier.toml score --run-name nli_verifier_v2 --scorers laya_en_en_m2m100
challenge/artifacts/experiments/nli_verifier/nli_verifier_v2/scores/laya_en_en_train.jsonl	34771245	aebda1b0c1ba70b3deca497b1389112a9bacc1d792e4fa5bbc3d7d1789d5f8cf	cd challenge && uv run python -m utils.nli_verifier_experiments --config configs/nli_verifier.toml score --run-name nli_verifier_v2 --scorers laya_en_en
challenge/artifacts/experiments/nli_verifier/nli_verifier_v2/scores/laya_en_en_validation.jsonl	8146549	e941c20a82b78a4692f264f8cf0978400bd26027b9f5fb8c72c0d7f7f571d182	cd challenge && uv run python -m utils.nli_verifier_experiments --config configs/nli_verifier.toml score --run-name nli_verifier_v2 --scorers laya_en_en
challenge/artifacts/experiments/nli_verifier/nli_verifier_v2/scores/laya_multi_en_m2m100_train.jsonl	34485039	7dda7a2ad1013e4d2b8daf63afa66a33c469ad794e4f72ee0c51cf578d9eaaa1	cd challenge && uv run python -m utils.nli_verifier_experiments --config configs/nli_verifier.toml score --run-name nli_verifier_v2 --scorers laya_multi_en_m2m100
challenge/artifacts/experiments/nli_verifier/nli_verifier_v2/scores/laya_multi_en_m2m100_validation.jsonl	8085407	5634a8f27ebf761805ac676f5b6ec0848ea493e3519815609396484284f156f7	cd challenge && uv run python -m utils.nli_verifier_experiments --config configs/nli_verifier.toml score --run-name nli_verifier_v2 --scorers laya_multi_en_m2m100
challenge/artifacts/experiments/nli_verifier/nli_verifier_v2/scores/laya_multi_en_train.jsonl	34476849	36d07a47d25cd97ec79457aa53f75d785e4cdfd597ea344c28bb7b11ff84f94e	cd challenge && uv run python -m utils.nli_verifier_experiments --config configs/nli_verifier.toml score --run-name nli_verifier_v2 --scorers laya_multi_en
challenge/artifacts/experiments/nli_verifier/nli_verifier_v2/scores/laya_multi_en_validation.jsonl	8083703	e2d31a042e5e8abc3cc63d8c53565ef9f837b90dfa0ab346ca3a5e4b57062385	cd challenge && uv run python -m utils.nli_verifier_experiments --config configs/nli_verifier.toml score --run-name nli_verifier_v2 --scorers laya_multi_en
challenge/artifacts/experiments/nli_verifier/nli_verifier_v2/scores/laya_multi_pt_train.jsonl	34453793	506a6c20b92da399e891cfc493cc88b590c160fce30b8674588b6f0c86b7b365	cd challenge && uv run python -m utils.nli_verifier_experiments --config configs/nli_verifier.toml score --run-name nli_verifier_v2 --scorers laya_multi_pt
challenge/artifacts/experiments/nli_verifier/nli_verifier_v2/scores/laya_multi_pt_validation.jsonl	8079936	035936ce0b5b43f7d73be65ad8f4cf9c9588f1399c8437cd778e9c9523c70f6f	cd challenge && uv run python -m utils.nli_verifier_experiments --config configs/nli_verifier.toml score --run-name nli_verifier_v2 --scorers laya_multi_pt
challenge/artifacts/experiments/nli_verifier/nli_verifier_v2/scores/xnli_mdeberta_en_m2m100_train.jsonl	5336900	86aed1d24dab0ea65f0a6a4612d0f66c4fba9d4a0f155ec1f07b0c2f97cd3ff1	cd challenge && uv run python -m utils.nli_verifier_experiments --config configs/nli_verifier.toml score --run-name nli_verifier_v2 --scorers xnli_mdeberta_en_m2m100
challenge/artifacts/experiments/nli_verifier/nli_verifier_v2/scores/xnli_mdeberta_en_m2m100_validation.jsonl	1253753	e712d04510c30c4542b9fdb3bb288c226c79701ca75384d32b50d55a63f38af3	cd challenge && uv run python -m utils.nli_verifier_experiments --config configs/nli_verifier.toml score --run-name nli_verifier_v2 --scorers xnli_mdeberta_en_m2m100
challenge/artifacts/experiments/nli_verifier/nli_verifier_v2/scores/xnli_mdeberta_en_train.jsonl	5337336	565e3a326225dcaad6c277643757a98e93a04a03b7c541ef24d82acee3e45837	cd challenge && uv run python -m utils.nli_verifier_experiments --config configs/nli_verifier.toml score --run-name nli_verifier_v2 --scorers xnli_mdeberta_en
challenge/artifacts/experiments/nli_verifier/nli_verifier_v2/scores/xnli_mdeberta_en_validation.jsonl	1253930	8e817142b22b055d8a71c10db872dff987f52f5fe607820c94c48290be0a3e10	cd challenge && uv run python -m utils.nli_verifier_experiments --config configs/nli_verifier.toml score --run-name nli_verifier_v2 --scorers xnli_mdeberta_en
challenge/artifacts/experiments/nli_verifier/smoke_e3_v2/scores/laya_en_en_m2m100_validation.jsonl	291962	b72b35e17adae6bcfc044b43c91d4555201896041582a55392d542a62954af09	cd challenge && uv run python -m utils.nli_verifier_experiments --config configs/nli_verifier.toml score --run-name smoke_e3_v2 --scorers laya_en_en_m2m100 --splits validation --limit-per-split 25 --subset-rule first
challenge/artifacts/experiments/nli_verifier/smoke_e3_v2/scores/laya_en_en_validation.jsonl	291774	861701ee4065ad7ccf145b6c44e0d986395d3128a8c0faa0f55466f719dc04e0	cd challenge && uv run python -m utils.nli_verifier_experiments --config configs/nli_verifier.toml score --run-name smoke_e3_v2 --scorers laya_en_en --splits validation --limit-per-split 25 --subset-rule first
challenge/artifacts/experiments/nli_verifier/smoke_e3_v2/scores/laya_multi_en_m2m100_validation.jsonl	289523	737d2680b3b1b0a08dcc2f53114c9da69b0d99af1e8dd9bab64b43532a13589c	cd challenge && uv run python -m utils.nli_verifier_experiments --config configs/nli_verifier.toml score --run-name smoke_e3_v2 --scorers laya_multi_en_m2m100 --splits validation --limit-per-split 25 --subset-rule first
challenge/artifacts/experiments/nli_verifier/smoke_e3_v2/scores/laya_multi_en_validation.jsonl	289473	d25a6bc3a397d8d5501f4f18f6d12eaf46decbda292beff202ea5a5d5302a39b	cd challenge && uv run python -m utils.nli_verifier_experiments --config configs/nli_verifier.toml score --run-name smoke_e3_v2 --scorers laya_multi_en --splits validation --limit-per-split 25 --subset-rule first
challenge/artifacts/experiments/nli_verifier/smoke_e3_v2/scores/laya_multi_pt_train.jsonl	288681	7c2ee981686d35e9e15cd3e962b4087684b6755ed062c8526eece617ba0798ad	cd challenge && uv run python -m utils.nli_verifier_experiments --config configs/nli_verifier.toml score --run-name smoke_e3_v2 --scorers laya_multi_pt --limit-per-split 25 --subset-rule first
challenge/artifacts/experiments/nli_verifier/smoke_e3_v2/scores/laya_multi_pt_validation.jsonl	288954	05fe6ca8147ab81bdf01c997a3c94108324a62cfef8a2b7fdb9a3674fa9f55e0	cd challenge && uv run python -m utils.nli_verifier_experiments --config configs/nli_verifier.toml score --run-name smoke_e3_v2 --scorers laya_multi_pt --limit-per-split 25 --subset-rule first
challenge/artifacts/experiments/nli_verifier/smoke_e3_v2/scores/xnli_mdeberta_en_m2m100_validation.jsonl	44923	23521fcce78286c910fb310c09dc68328fe2a4903142477f2197b85da4dbc6c5	cd challenge && uv run python -m utils.nli_verifier_experiments --config configs/nli_verifier.toml score --run-name smoke_e3_v2 --scorers xnli_mdeberta_en_m2m100 --splits validation --limit-per-split 25 --subset-rule first
challenge/artifacts/experiments/nli_verifier/smoke_e3_v2/scores/xnli_mdeberta_en_validation.jsonl	44932	daacad27db595f6dacd9f703d26ecbafdbc608336f75036e42daddbda093d294	cd challenge && uv run python -m utils.nli_verifier_experiments --config configs/nli_verifier.toml score --run-name smoke_e3_v2 --scorers xnli_mdeberta_en --splits validation --limit-per-split 25 --subset-rule first
challenge/artifacts/experiments/nli_verifier/smoke_e3_v2_cpu_clean/scores/xnli_mdeberta_en_train.jsonl	44675	344b8c92b17976d7d42ca3434851793aa3f514a5e2b45051469e499a23d83664	cd challenge && uv run python -m utils.nli_verifier_experiments --config configs/nli_verifier.toml score --run-name smoke_e3_v2_cpu_clean --scorers xnli_mdeberta_en --limit-per-split 25 --subset-rule first
challenge/artifacts/experiments/nli_verifier/smoke_e3_v2_cpu_clean/scores/xnli_mdeberta_en_validation.jsonl	44932	daacad27db595f6dacd9f703d26ecbafdbc608336f75036e42daddbda093d294	cd challenge && uv run python -m utils.nli_verifier_experiments --config configs/nli_verifier.toml score --run-name smoke_e3_v2_cpu_clean --scorers xnli_mdeberta_en --limit-per-split 25 --subset-rule first
challenge/artifacts/experiments/nli_verifier/smoke_e3_v2_mps/scores/laya_en_en_m2m100_train.jsonl	291920	f9dc408ca258a3493de62a002c374dbcce3d3602a155118e3fac4bf2d7b57665	cd challenge && uv run python -m utils.nli_verifier_experiments --config configs/nli_verifier.toml score --run-name smoke_e3_v2_mps --scorers laya_en_en_m2m100 --limit-per-split 25 --subset-rule first
challenge/artifacts/experiments/nli_verifier/smoke_e3_v2_mps/scores/laya_en_en_m2m100_validation.jsonl	291944	5b8ad6b671aa479bcd17cec10e56c386b6804366cfdee9edade2446aedba8d12	cd challenge && uv run python -m utils.nli_verifier_experiments --config configs/nli_verifier.toml score --run-name smoke_e3_v2_mps --scorers laya_en_en_m2m100 --limit-per-split 25 --subset-rule first
challenge/artifacts/experiments/nli_verifier/smoke_e3_v2_mps/scores/laya_en_en_train.jsonl	291788	7bc3dbc2cd7648b0481a59743b97239c3a1cf13d0737395a654f484d075622e8	cd challenge && uv run python -m utils.nli_verifier_experiments --config configs/nli_verifier.toml score --run-name smoke_e3_v2_mps --scorers laya_en_en --limit-per-split 25 --subset-rule first
challenge/artifacts/experiments/nli_verifier/smoke_e3_v2_mps/scores/laya_en_en_validation.jsonl	291802	9a1b8c6a0d37b962403b973769ac881480b0cf66d702ca910ff7a779f6612f02	cd challenge && uv run python -m utils.nli_verifier_experiments --config configs/nli_verifier.toml score --run-name smoke_e3_v2_mps --scorers laya_en_en --limit-per-split 25 --subset-rule first
challenge/artifacts/experiments/nli_verifier/smoke_e3_v2_mps/scores/laya_multi_en_m2m100_train.jsonl	289140	689faccbc9b2abafe54857ed9a3cd4d580867e0348600342e7b11e8e1a960009	cd challenge && uv run python -m utils.nli_verifier_experiments --config configs/nli_verifier.toml score --run-name smoke_e3_v2_mps --scorers laya_multi_en_m2m100 --limit-per-split 25 --subset-rule first
challenge/artifacts/experiments/nli_verifier/smoke_e3_v2_mps/scores/laya_multi_en_m2m100_validation.jsonl	289589	4f02c5e1edccdffe1806cde04af6dc36130d6b9f9087a096a0a0490cf2b4d48b	cd challenge && uv run python -m utils.nli_verifier_experiments --config configs/nli_verifier.toml score --run-name smoke_e3_v2_mps --scorers laya_multi_en_m2m100 --limit-per-split 25 --subset-rule first
challenge/artifacts/experiments/nli_verifier/smoke_e3_v2_mps/scores/laya_multi_en_train.jsonl	288925	39b43153c2a80987f5e18c768b3450083b992141af3441e016eb27e8bfd04998	cd challenge && uv run python -m utils.nli_verifier_experiments --config configs/nli_verifier.toml score --run-name smoke_e3_v2_mps --scorers laya_multi_en --limit-per-split 25 --subset-rule first
challenge/artifacts/experiments/nli_verifier/smoke_e3_v2_mps/scores/laya_multi_en_validation.jsonl	289405	6bd979c8cb7ad9bb4b54b77cf9faa66bbab47575ccc316cb30e75dc1e7da14eb	cd challenge && uv run python -m utils.nli_verifier_experiments --config configs/nli_verifier.toml score --run-name smoke_e3_v2_mps --scorers laya_multi_en --limit-per-split 25 --subset-rule first
challenge/artifacts/experiments/nli_verifier/smoke_e3_v2_mps/scores/laya_multi_pt_train.jsonl	288581	5ddfecf128a06e548c009aad9ea42d3b9aece21fd5567919c99da59c70342c2b	cd challenge && uv run python -m utils.nli_verifier_experiments --config configs/nli_verifier.toml score --run-name smoke_e3_v2_mps --scorers laya_multi_pt --limit-per-split 25 --subset-rule first
challenge/artifacts/experiments/nli_verifier/smoke_e3_v2_mps/scores/laya_multi_pt_validation.jsonl	288909	101e78a690f74d047610ac522ade9248ae8d74f5d3fb8d74b37757cd1e3f050f	cd challenge && uv run python -m utils.nli_verifier_experiments --config configs/nli_verifier.toml score --run-name smoke_e3_v2_mps --scorers laya_multi_pt --limit-per-split 25 --subset-rule first
challenge/artifacts/experiments/nli_verifier/smoke_e3_v2_mps/scores/xnli_mdeberta_en_m2m100_train.jsonl	44664	5f023f03a5e8a0e2aad6e0be1676e29916b463fe8b7eda8ece080c48e3ef9f56	cd challenge && uv run python -m utils.nli_verifier_experiments --config configs/nli_verifier.toml score --run-name smoke_e3_v2_mps --scorers xnli_mdeberta_en_m2m100 --limit-per-split 25 --subset-rule first
challenge/artifacts/experiments/nli_verifier/smoke_e3_v2_mps/scores/xnli_mdeberta_en_m2m100_validation.jsonl	44920	30fe3bc55d5ad5b05381d8bd384677662a085d73f090efd350fc9031287125b0	cd challenge && uv run python -m utils.nli_verifier_experiments --config configs/nli_verifier.toml score --run-name smoke_e3_v2_mps --scorers xnli_mdeberta_en_m2m100 --limit-per-split 25 --subset-rule first
challenge/artifacts/experiments/nli_verifier/smoke_e3_v2_mps/scores/xnli_mdeberta_en_train.jsonl	44685	4615fababbe8f6585238677d02ad237a1acee6e272a9531130c99bfc12632054	cd challenge && uv run python -m utils.nli_verifier_experiments --config configs/nli_verifier.toml score --run-name smoke_e3_v2_mps --scorers xnli_mdeberta_en --limit-per-split 25 --subset-rule first
challenge/artifacts/experiments/nli_verifier/smoke_e3_v2_mps/scores/xnli_mdeberta_en_validation.jsonl	44901	b8e93251c25e97b006678562f87da30509155e58487face3cfe0447ddf048305	cd challenge && uv run python -m utils.nli_verifier_experiments --config configs/nli_verifier.toml score --run-name smoke_e3_v2_mps --scorers xnli_mdeberta_en --limit-per-split 25 --subset-rule first
challenge/artifacts/experiments/nli_verifier/udv_v1_verifier/scores/cosine_serafim_udv.jsonl	865242	180cfec4a1a70f541c2e73c1532c40d8e1c36d1fcda24b62fdf3b0c20d903264	cd challenge && uv run python -m utils.udv_verifier --config configs/udv_verifier.toml translate && uv run python -m utils.udv_verifier --config configs/udv_verifier.toml score
challenge/artifacts/experiments/nli_verifier/udv_v1_verifier/scores/laya_en_en_udv.jsonl	11458521	d5b3224a403e37c08b9fe9fdc6cc3344803602b96162dc878b5c5832ba9a4535	cd challenge && uv run python -m utils.udv_verifier --config configs/udv_verifier.toml translate && uv run python -m utils.udv_verifier --config configs/udv_verifier.toml score
challenge/artifacts/experiments/nli_verifier/udv_v1_verifier/scores/laya_multi_pt_udv.jsonl	11501723	f117055768afbf908278c230c37ec187c88a231dff42e02da4607834b152d613	cd challenge && uv run python -m utils.udv_verifier --config configs/udv_verifier.toml translate && uv run python -m utils.udv_verifier --config configs/udv_verifier.toml score
challenge/artifacts/experiments/nli_verifier/udv_v1_verifier/scores/xnli_mdeberta_udv.jsonl	2026525	91407e92487e2c7d5df5b88802932bdbdec6c1e8ccb3a8c1bd6c872419b8b09b	cd challenge && uv run python -m utils.udv_verifier --config configs/udv_verifier.toml translate && uv run python -m utils.udv_verifier --config configs/udv_verifier.toml score
challenge/artifacts/experiments/nli_verifier/udv_v2_calibration/scores/cosine_serafim_udv.jsonl	232938	907241e3564f9b284ff657eb0a16321cb0ceab8353c36e8628143a3716e48621	cd challenge && uv run python -m utils.udv_verifier --config configs/udv_v2_calibration_verifier.toml translate && uv run python -m utils.udv_verifier --config configs/udv_v2_calibration_verifier.toml score
challenge/artifacts/experiments/nli_verifier/udv_v2_calibration/scores/laya_en_en_udv.jsonl	2996171	cf2d4d2aacf5261300ae1b4e91f16fc06e89b7061cc4917c8c1dff0a40fb4b25	cd challenge && uv run python -m utils.udv_verifier --config configs/udv_v2_calibration_verifier.toml translate && uv run python -m utils.udv_verifier --config configs/udv_v2_calibration_verifier.toml score
challenge/artifacts/experiments/nli_verifier/udv_v2_calibration/scores/laya_multi_pt_udv.jsonl	3006943	5f3a3d7ada9a9e3ad0e7916c9dee3c8492dfa455e58a239a6a986d007929bdcb	cd challenge && uv run python -m utils.udv_verifier --config configs/udv_v2_calibration_verifier.toml translate && uv run python -m utils.udv_verifier --config configs/udv_v2_calibration_verifier.toml score
challenge/artifacts/experiments/nli_verifier/udv_v2_calibration/scores/xnli_mdeberta_udv.jsonl	535407	f831423a6733c4e2e2abb49681c0e867e715e9f7d70bef8590783b24eb44b7ef	cd challenge && uv run python -m utils.udv_verifier --config configs/udv_v2_calibration_verifier.toml translate && uv run python -m utils.udv_verifier --config configs/udv_v2_calibration_verifier.toml score
challenge/artifacts/experiments/nli_verifier/udv_v2_verifier/scores/cosine_serafim_udv.jsonl	865401	ae6ef3efaea2d43cda9b9e953fff6092d61d0e6edd0d9c263005de34fefb1a39	cd challenge && uv run python -m utils.udv_verifier --config configs/udv_v2_verifier.toml translate && uv run python -m utils.udv_verifier --config configs/udv_v2_verifier.toml score
challenge/artifacts/experiments/nli_verifier/udv_v2_verifier/scores/laya_en_en_udv.jsonl	11439753	bd4ccbc87ab59ae0134c200588c0ef78f542158db941f21b822f40ff5fe4e35e	cd challenge && uv run python -m utils.udv_verifier --config configs/udv_v2_verifier.toml translate && uv run python -m utils.udv_verifier --config configs/udv_v2_verifier.toml score
challenge/artifacts/experiments/nli_verifier/udv_v2_verifier/scores/laya_multi_pt_udv.jsonl	11477677	8086e8c46a1e308f150f8309e08e665cd35fa57de5c72b3f08bebb214030d3a1	cd challenge && uv run python -m utils.udv_verifier --config configs/udv_v2_verifier.toml translate && uv run python -m utils.udv_verifier --config configs/udv_v2_verifier.toml score
challenge/artifacts/experiments/nli_verifier/udv_v2_verifier/scores/xnli_mdeberta_udv.jsonl	2026341	27115266ea859fd35cc03428c9b43f464be9aee7aa576dcb4daab9aa8da5a2df	cd challenge && uv run python -m utils.udv_verifier --config configs/udv_v2_verifier.toml translate && uv run python -m utils.udv_verifier --config configs/udv_v2_verifier.toml score
challenge/artifacts/experiments/retrieval/retrieval_v1/queries/masked_quotes/sentence/bge_m3/train.jsonl	83800	ab1f187c68e768d006eea81577c5a3c25bc45b5aea6f54cf41349e5db07ab3bc	cd challenge && uv run python -m utils.retrieval_experiments run --config configs/retrieval_experiments.toml --run-name retrieval_v1 --benches masked_quotes --units sentence --retrievers bge_m3 --splits train
challenge/artifacts/experiments/retrieval/retrieval_v1/queries/masked_quotes/sentence/bge_m3/validation.jsonl	23746	bf39051b979a3af06c8b5d980f5e746fc0b2719e03acf5a924ff97b7e580a0e8	cd challenge && uv run python -m utils.retrieval_experiments run --config configs/retrieval_experiments.toml --run-name retrieval_v1 --benches masked_quotes --units sentence --retrievers bge_m3 --splits validation
challenge/artifacts/experiments/retrieval/retrieval_v1/queries/masked_quotes/sentence/bm25_hearing/train.jsonl	85102	7bfc448823e7d9395a57bfd4fb9b3d51317aa2145b88c4c713e2e5c354ed446e	cd challenge && uv run python -m utils.retrieval_experiments run --config configs/retrieval_experiments.toml --run-name retrieval_v1 --benches masked_quotes --units sentence --retrievers bm25_hearing --splits train
challenge/artifacts/experiments/retrieval/retrieval_v1/queries/masked_quotes/sentence/bm25_hearing/validation.jsonl	24153	095c08c3346a4bd096a727482e8c941d0a4354bf4d43a9f68108ebbe1310ed67	cd challenge && uv run python -m utils.retrieval_experiments run --config configs/retrieval_experiments.toml --run-name retrieval_v1 --benches masked_quotes --units sentence --retrievers bm25_hearing --splits validation
challenge/artifacts/experiments/retrieval/retrieval_v1/queries/masked_quotes/sentence/bm25_speaker/train.jsonl	84989	41390bce74d42926de4173668e63531d1ed877bd74b6e522b8424c6382adf762	cd challenge && uv run python -m utils.retrieval_experiments run --config configs/retrieval_experiments.toml --run-name retrieval_v1 --benches masked_quotes --units sentence --retrievers bm25_speaker --splits train
challenge/artifacts/experiments/retrieval/retrieval_v1/queries/masked_quotes/sentence/bm25_speaker/validation.jsonl	24092	b07a88144f2b83543f6f23347be543d277a170c176b39feb9ec3490225adff18	cd challenge && uv run python -m utils.retrieval_experiments run --config configs/retrieval_experiments.toml --run-name retrieval_v1 --benches masked_quotes --units sentence --retrievers bm25_speaker --splits validation
challenge/artifacts/experiments/retrieval/retrieval_v1/queries/masked_quotes/sentence/e5_large/train.jsonl	84058	56069f87636f3ae3a22d02c2a6742bfee0972c1c3750d8f5724c44a6405679d5	cd challenge && uv run python -m utils.retrieval_experiments run --config configs/retrieval_experiments.toml --run-name retrieval_v1 --benches masked_quotes --units sentence --retrievers e5_large --splits train
challenge/artifacts/experiments/retrieval/retrieval_v1/queries/masked_quotes/sentence/e5_large/validation.jsonl	23790	1a0ae00b3d4af205ddb7f12cf3d27f97ef0a4b32aca22b621923bb3f5cbf4861	cd challenge && uv run python -m utils.retrieval_experiments run --config configs/retrieval_experiments.toml --run-name retrieval_v1 --benches masked_quotes --units sentence --retrievers e5_large --splits validation
challenge/artifacts/experiments/retrieval/retrieval_v1/queries/masked_quotes/sentence/hybrid_rrf/train.jsonl	84340	446e085e76aa78ad6468ac9bf599eef670eeb660756596f74cd867aaa6cf6136	cd challenge && uv run python -m utils.retrieval_experiments run --config configs/retrieval_experiments.toml --run-name retrieval_v1 --benches masked_quotes --units sentence --retrievers hybrid_rrf --splits train
challenge/artifacts/experiments/retrieval/retrieval_v1/queries/masked_quotes/sentence/hybrid_rrf/validation.jsonl	23896	2ff1e910011b5bd07c536c7ceae0306ca7d89d272e6cc44a214d1c9cab861311	cd challenge && uv run python -m utils.retrieval_experiments run --config configs/retrieval_experiments.toml --run-name retrieval_v1 --benches masked_quotes --units sentence --retrievers hybrid_rrf --splits validation
challenge/artifacts/experiments/retrieval/retrieval_v1/queries/masked_quotes/sentence/minilm/train.jsonl	83767	6361c4856a17f997b3cb632fb2f538f05b317ba55ec5612ce9ec0785641590d7	cd challenge && uv run python -m utils.retrieval_experiments run --config configs/retrieval_experiments.toml --run-name retrieval_v1 --benches masked_quotes --units sentence --retrievers minilm --splits train
challenge/artifacts/experiments/retrieval/retrieval_v1/queries/masked_quotes/sentence/minilm/validation.jsonl	23719	ec8d02d2472eb0ae3dac5cef70d9ac44fc4da815b8fbc2a6d8bcf58447a3f157	cd challenge && uv run python -m utils.retrieval_experiments run --config configs/retrieval_experiments.toml --run-name retrieval_v1 --benches masked_quotes --units sentence --retrievers minilm --splits validation
challenge/artifacts/experiments/retrieval/retrieval_v1/queries/masked_quotes/sentence/mpnet/train.jsonl	83588	99a33e41c58c75613015cba7aa70b7cc4993ca1a2a5909f5318779110759159b	cd challenge && uv run python -m utils.retrieval_experiments run --config configs/retrieval_experiments.toml --run-name retrieval_v1 --benches masked_quotes --units sentence --retrievers mpnet --splits train
challenge/artifacts/experiments/retrieval/retrieval_v1/queries/masked_quotes/sentence/mpnet/validation.jsonl	23677	cd6249ca8243c09d5e10a0fe6db875671fcb84af0a00ab73921c917af1121b19	cd challenge && uv run python -m utils.retrieval_experiments run --config configs/retrieval_experiments.toml --run-name retrieval_v1 --benches masked_quotes --units sentence --retrievers mpnet --splits validation
challenge/artifacts/experiments/retrieval/retrieval_v1/queries/masked_quotes/sentence/rerank_bge/train.jsonl	85444	837b157b66b578e735f8f9ee715e567e24740eb61aa36f4320475926eb001fc3	cd challenge && uv run python -m utils.retrieval_experiments run --config configs/retrieval_experiments.toml --run-name retrieval_v1 --benches masked_quotes --units sentence --retrievers rerank_bge --splits train
challenge/artifacts/experiments/retrieval/retrieval_v1/queries/masked_quotes/sentence/rerank_bge/validation.jsonl	24236	18ff862b71df2ef30e6207cb38c97d3568865e6f962e00292cb217f6fd92aac8	cd challenge && uv run python -m utils.retrieval_experiments run --config configs/retrieval_experiments.toml --run-name retrieval_v1 --benches masked_quotes --units sentence --retrievers rerank_bge --splits validation
challenge/artifacts/experiments/retrieval/retrieval_v1/queries/masked_quotes/sentence/rerank_mmarco/train.jsonl	85996	571db57ade2eadbf61e38747ca7e68828e82096a6bbef8e61816a7861af50197	cd challenge && uv run python -m utils.retrieval_experiments run --config configs/retrieval_experiments.toml --run-name retrieval_v1 --benches masked_quotes --units sentence --retrievers rerank_mmarco --splits train
challenge/artifacts/experiments/retrieval/retrieval_v1/queries/masked_quotes/sentence/rerank_mmarco/validation.jsonl	24363	81f87e4daa62ce55151f3463679ed2161650b01ee4072f98ca0868151b71640a	cd challenge && uv run python -m utils.retrieval_experiments run --config configs/retrieval_experiments.toml --run-name retrieval_v1 --benches masked_quotes --units sentence --retrievers rerank_mmarco --splits validation
challenge/artifacts/experiments/retrieval/retrieval_v1/queries/masked_quotes/sentence/serafim_335m/train.jsonl	84624	3921216967186e83f4a47c42c7587030fac567033592152cb7eb7afe9f5e3ae6	cd challenge && uv run python -m utils.retrieval_experiments run --config configs/retrieval_experiments.toml --run-name retrieval_v1 --benches masked_quotes --units sentence --retrievers serafim_335m --splits train
challenge/artifacts/experiments/retrieval/retrieval_v1/queries/masked_quotes/sentence/serafim_335m/validation.jsonl	23980	a2e1e41a7b9c7067986ce0f56adab9ec9c116758d71ed3ca4d5baa89d5fa2f58	cd challenge && uv run python -m utils.retrieval_experiments run --config configs/retrieval_experiments.toml --run-name retrieval_v1 --benches masked_quotes --units sentence --retrievers serafim_335m --splits validation
challenge/artifacts/experiments/retrieval/retrieval_v1/queries/masked_quotes/sentence/serafim_335m_ir/train.jsonl	85014	1bc8f9d6f5d2e033ee2f2650212c4a143d27f0d896cd871ad8d438c06db89921	cd challenge && uv run python -m utils.retrieval_experiments run --config configs/retrieval_experiments.toml --run-name retrieval_v1 --benches masked_quotes --units sentence --retrievers serafim_335m_ir --splits train
challenge/artifacts/experiments/retrieval/retrieval_v1/queries/masked_quotes/sentence/serafim_335m_ir/validation.jsonl	24069	e39e96ebdf7dd4cff49d4f9d5a693ab4fe0d9971272f361e4a2a5be03f08677b	cd challenge && uv run python -m utils.retrieval_experiments run --config configs/retrieval_experiments.toml --run-name retrieval_v1 --benches masked_quotes --units sentence --retrievers serafim_335m_ir --splits validation
challenge/artifacts/experiments/retrieval/retrieval_v1/queries/masked_quotes/sentence/serafim_900m/train.jsonl	84614	8ee9a99e57ff2cd91942aaf771f42659bb39c4fa92458448d76cf9b665885972	cd challenge && uv run python -m utils.retrieval_experiments run --config configs/retrieval_experiments.toml --run-name retrieval_v1 --benches masked_quotes --units sentence --retrievers serafim_900m --splits train
challenge/artifacts/experiments/retrieval/retrieval_v1/queries/masked_quotes/sentence/serafim_900m/validation.jsonl	23978	79beebe009061c0f45ea8dc221862e18e5e625a7ee23a4f0ffa9458dba58623c	cd challenge && uv run python -m utils.retrieval_experiments run --config configs/retrieval_experiments.toml --run-name retrieval_v1 --benches masked_quotes --units sentence --retrievers serafim_900m --splits validation
challenge/artifacts/experiments/retrieval/retrieval_v1/queries/masked_quotes/sentence/tfidf_char_hearing/train.jsonl	85449	3da64c6be9dc09cead21edf3e9e33b05c42470fb74ba218f8cce76e4fbe9e5e7	cd challenge && uv run python -m utils.retrieval_experiments run --config configs/retrieval_experiments.toml --run-name retrieval_v1 --benches masked_quotes --units sentence --retrievers tfidf_char_hearing --splits train
challenge/artifacts/experiments/retrieval/retrieval_v1/queries/masked_quotes/sentence/tfidf_char_hearing/validation.jsonl	24220	90c64b255df9eb40573f54b36dbee13625cd86ac6a84bbd9653d93fe803ff036	cd challenge && uv run python -m utils.retrieval_experiments run --config configs/retrieval_experiments.toml --run-name retrieval_v1 --benches masked_quotes --units sentence --retrievers tfidf_char_hearing --splits validation
challenge/artifacts/experiments/retrieval/retrieval_v1/queries/masked_quotes/sentence/tfidf_char_speaker/train.jsonl	85426	9273d2a16e8fe71448082af909726486600bc158716b6fe5d290c030d0a6b127	cd challenge && uv run python -m utils.retrieval_experiments run --config configs/retrieval_experiments.toml --run-name retrieval_v1 --benches masked_quotes --units sentence --retrievers tfidf_char_speaker --splits train
challenge/artifacts/experiments/retrieval/retrieval_v1/queries/masked_quotes/sentence/tfidf_char_speaker/validation.jsonl	24217	6c286df75b53e5f020173e187ec64ce2c654ff1c5a41900b39c812cf7d35e755	cd challenge && uv run python -m utils.retrieval_experiments run --config configs/retrieval_experiments.toml --run-name retrieval_v1 --benches masked_quotes --units sentence --retrievers tfidf_char_speaker --splits validation
challenge/artifacts/experiments/retrieval/retrieval_v1/queries/masked_quotes/sentence/tfidf_word_hearing/train.jsonl	85473	88b7cae0ca10dcd1eeb444e969f4a2320437af36b3ed878a50c3fa7d5be9a4da	cd challenge && uv run python -m utils.retrieval_experiments run --config configs/retrieval_experiments.toml --run-name retrieval_v1 --benches masked_quotes --units sentence --retrievers tfidf_word_hearing --splits train
challenge/artifacts/experiments/retrieval/retrieval_v1/queries/masked_quotes/sentence/tfidf_word_hearing/validation.jsonl	24207	7872711b3424b05f616bd1c153a7c1c07441af5ff6d393db0e7554ef2b240959	cd challenge && uv run python -m utils.retrieval_experiments run --config configs/retrieval_experiments.toml --run-name retrieval_v1 --benches masked_quotes --units sentence --retrievers tfidf_word_hearing --splits validation
challenge/artifacts/experiments/retrieval/retrieval_v1/queries/masked_quotes/sentence/tfidf_word_speaker/train.jsonl	85462	0bcbe5de2bc04851eacbae40dc1f901cbc3553b91b8081bb486666f00f9e4dad	cd challenge && uv run python -m utils.retrieval_experiments run --config configs/retrieval_experiments.toml --run-name retrieval_v1 --benches masked_quotes --units sentence --retrievers tfidf_word_speaker --splits train
challenge/artifacts/experiments/retrieval/retrieval_v1/queries/masked_quotes/sentence/tfidf_word_speaker/validation.jsonl	24199	4c48ed6b4e85dd3fb7908be03f8408ddd447ef722aaa830668eb6e60d2a3533a	cd challenge && uv run python -m utils.retrieval_experiments run --config configs/retrieval_experiments.toml --run-name retrieval_v1 --benches masked_quotes --units sentence --retrievers tfidf_word_speaker --splits validation
challenge/artifacts/experiments/retrieval/retrieval_v1/queries/masked_quotes/turn/bge_m3/train.jsonl	62351	c3d359960d0420ee345383204ae45823570faccd90b11a0d1c898beb7f398766	cd challenge && uv run python -m utils.retrieval_experiments run --config configs/retrieval_experiments.toml --run-name retrieval_v1 --benches masked_quotes --units turn --retrievers bge_m3 --splits train
challenge/artifacts/experiments/retrieval/retrieval_v1/queries/masked_quotes/turn/bge_m3/validation.jsonl	17934	7d1cff15f1865233510d8c296393bdb5a65122b03c99dd1908aa6ad184d3b663	cd challenge && uv run python -m utils.retrieval_experiments run --config configs/retrieval_experiments.toml --run-name retrieval_v1 --benches masked_quotes --units turn --retrievers bge_m3 --splits validation
challenge/artifacts/experiments/retrieval/retrieval_v1/queries/masked_quotes/turn/bm25_hearing/train.jsonl	63374	62003c583b69dd551f32b55429d58a080e2af7b575498f2535fc87afa7c4d035	cd challenge && uv run python -m utils.retrieval_experiments run --config configs/retrieval_experiments.toml --run-name retrieval_v1 --benches masked_quotes --units turn --retrievers bm25_hearing --splits train
challenge/artifacts/experiments/retrieval/retrieval_v1/queries/masked_quotes/turn/bm25_hearing/validation.jsonl	18227	169fa0191a0c86114356d1f75c6e838a0e868b2c1b89efa5315ce72522e1e8d5	cd challenge && uv run python -m utils.retrieval_experiments run --config configs/retrieval_experiments.toml --run-name retrieval_v1 --benches masked_quotes --units turn --retrievers bm25_hearing --splits validation
challenge/artifacts/experiments/retrieval/retrieval_v1/queries/masked_quotes/turn/bm25_speaker/train.jsonl	63222	5708a28f1deef547b4dd70a8cd2a4f75ec3219e24f223d36850295ef430795d7	cd challenge && uv run python -m utils.retrieval_experiments run --config configs/retrieval_experiments.toml --run-name retrieval_v1 --benches masked_quotes --units turn --retrievers bm25_speaker --splits train
challenge/artifacts/experiments/retrieval/retrieval_v1/queries/masked_quotes/turn/bm25_speaker/validation.jsonl	18185	a4a4bd8c826cd7901866570862f0c15302e62c8d1e6dd5278bf774c00ff36398	cd challenge && uv run python -m utils.retrieval_experiments run --config configs/retrieval_experiments.toml --run-name retrieval_v1 --benches masked_quotes --units turn --retrievers bm25_speaker --splits validation
challenge/artifacts/experiments/retrieval/retrieval_v1/queries/masked_quotes/turn/e5_large/train.jsonl	62642	c78fe576bd60cba2ac59b4087ba8e3483006b1830cfeb7535b5ec53344b920c9	cd challenge && uv run python -m utils.retrieval_experiments run --config configs/retrieval_experiments.toml --run-name retrieval_v1 --benches masked_quotes --units turn --retrievers e5_large --splits train
challenge/artifacts/experiments/retrieval/retrieval_v1/queries/masked_quotes/turn/e5_large/validation.jsonl	18007	80f9a9802f965a81ee039ba8e0e6c5d2fd528375c3db6d9afc9048c9b443876b	cd challenge && uv run python -m utils.retrieval_experiments run --config configs/retrieval_experiments.toml --run-name retrieval_v1 --benches masked_quotes --units turn --retrievers e5_large --splits validation
challenge/artifacts/experiments/retrieval/retrieval_v1/queries/masked_quotes/turn/hybrid_rrf/train.jsonl	62881	3f8f178335de76a65497385e6a5b8bf462fb31d97b496b2c8ea7abcd78a73234	cd challenge && uv run python -m utils.retrieval_experiments run --config configs/retrieval_experiments.toml --run-name retrieval_v1 --benches masked_quotes --units turn --retrievers hybrid_rrf --splits train
challenge/artifacts/experiments/retrieval/retrieval_v1/queries/masked_quotes/turn/hybrid_rrf/validation.jsonl	18081	32958aefe0521acf64734d65249a6c565447dd4aa999b1a0e83d9c042e2bcf9b	cd challenge && uv run python -m utils.retrieval_experiments run --config configs/retrieval_experiments.toml --run-name retrieval_v1 --benches masked_quotes --units turn --retrievers hybrid_rrf --splits validation
challenge/artifacts/experiments/retrieval/retrieval_v1/queries/masked_quotes/turn/minilm/train.jsonl	62372	5bf549efd3ef4014f54ac10ce94e7a437bd1e8a28a379f875e6cd7b693580808	cd challenge && uv run python -m utils.retrieval_experiments run --config configs/retrieval_experiments.toml --run-name retrieval_v1 --benches masked_quotes --units turn --retrievers minilm --splits train
challenge/artifacts/experiments/retrieval/retrieval_v1/queries/masked_quotes/turn/minilm/validation.jsonl	17936	ecc7b97015d76518f67976b15d9cee1c2de648f7eb0823f966e1ca579deb300d	cd challenge && uv run python -m utils.retrieval_experiments run --config configs/retrieval_experiments.toml --run-name retrieval_v1 --benches masked_quotes --units turn --retrievers minilm --splits validation
challenge/artifacts/experiments/retrieval/retrieval_v1/queries/masked_quotes/turn/mpnet/train.jsonl	62212	2d31e0f868cbdaef7f4d9707089dd27c3fbc4d48a5987c46211e32d1ec744c0f	cd challenge && uv run python -m utils.retrieval_experiments run --config configs/retrieval_experiments.toml --run-name retrieval_v1 --benches masked_quotes --units turn --retrievers mpnet --splits train
challenge/artifacts/experiments/retrieval/retrieval_v1/queries/masked_quotes/turn/mpnet/validation.jsonl	17913	533c00eb24cc0223bb9f4533ed68fddbe5e7e1c30842d0bef6294cf88d81837a	cd challenge && uv run python -m utils.retrieval_experiments run --config configs/retrieval_experiments.toml --run-name retrieval_v1 --benches masked_quotes --units turn --retrievers mpnet --splits validation
challenge/artifacts/experiments/retrieval/retrieval_v1/queries/masked_quotes/turn/rerank_mmarco/train.jsonl	63914	21722035df988962ffda9dd733ed7b28d3e002bb27065d174da1be4652af917d	cd challenge && uv run python -m utils.retrieval_experiments run --config configs/retrieval_experiments.toml --run-name retrieval_v1 --benches masked_quotes --units turn --retrievers rerank_mmarco --splits train
challenge/artifacts/experiments/retrieval/retrieval_v1/queries/masked_quotes/turn/rerank_mmarco/validation.jsonl	18387	8fd612554ea646e1c8a5c6137e85a11197fce7a96123444a7f07c1fc973d18c9	cd challenge && uv run python -m utils.retrieval_experiments run --config configs/retrieval_experiments.toml --run-name retrieval_v1 --benches masked_quotes --units turn --retrievers rerank_mmarco --splits validation
challenge/artifacts/experiments/retrieval/retrieval_v1/queries/masked_quotes/turn/serafim_335m/train.jsonl	63210	9ff6d1494e51eaec174959c6554553963569120751e7dd7bfd47886ba904738d	cd challenge && uv run python -m utils.retrieval_experiments run --config configs/retrieval_experiments.toml --run-name retrieval_v1 --benches masked_quotes --units turn --retrievers serafim_335m --splits train
challenge/artifacts/experiments/retrieval/retrieval_v1/queries/masked_quotes/turn/serafim_335m/validation.jsonl	18191	def2b93424889c6f798ea834bca72ecb21b876787bc479d7d4f81dfb085f0192	cd challenge && uv run python -m utils.retrieval_experiments run --config configs/retrieval_experiments.toml --run-name retrieval_v1 --benches masked_quotes --units turn --retrievers serafim_335m --splits validation
challenge/artifacts/experiments/retrieval/retrieval_v1/queries/masked_quotes/turn/serafim_335m_ir/train.jsonl	63637	70a0ca7e91a195b07487e6c29b3abd3536f8ccb7f37753daaafcc22984bd46cc	cd challenge && uv run python -m utils.retrieval_experiments run --config configs/retrieval_experiments.toml --run-name retrieval_v1 --benches masked_quotes --units turn --retrievers serafim_335m_ir --splits train
challenge/artifacts/experiments/retrieval/retrieval_v1/queries/masked_quotes/turn/serafim_335m_ir/validation.jsonl	18307	e304b4195c4e1690c6f833334088274f3666c9a4104f2e8920a52da6771ebaa6	cd challenge && uv run python -m utils.retrieval_experiments run --config configs/retrieval_experiments.toml --run-name retrieval_v1 --benches masked_quotes --units turn --retrievers serafim_335m_ir --splits validation
challenge/artifacts/experiments/retrieval/retrieval_v1/queries/masked_quotes/turn/serafim_900m/train.jsonl	63213	68811fdccdcb91f7708760585d5d5a983a5c7c5cec8707c356f5359cc9471d43	cd challenge && uv run python -m utils.retrieval_experiments run --config configs/retrieval_experiments.toml --run-name retrieval_v1 --benches masked_quotes --units turn --retrievers serafim_900m --splits train
challenge/artifacts/experiments/retrieval/retrieval_v1/queries/masked_quotes/turn/serafim_900m/validation.jsonl	18194	414c61bcc156699703d302225cb755bf88d7af2a3169997a53de0ced0408dc4f	cd challenge && uv run python -m utils.retrieval_experiments run --config configs/retrieval_experiments.toml --run-name retrieval_v1 --benches masked_quotes --units turn --retrievers serafim_900m --splits validation
challenge/artifacts/experiments/retrieval/retrieval_v1/queries/masked_quotes/turn/tfidf_char_hearing/train.jsonl	64001	fdc5db732c7df6aa6faf835a50af50dbf3700fc0d5e228e2d2228d2b70cb4854	cd challenge && uv run python -m utils.retrieval_experiments run --config configs/retrieval_experiments.toml --run-name retrieval_v1 --benches masked_quotes --units turn --retrievers tfidf_char_hearing --splits train
challenge/artifacts/experiments/retrieval/retrieval_v1/queries/masked_quotes/turn/tfidf_char_hearing/validation.jsonl	18403	ea65d277cf55f4adf59fea75555d2e9365ad99b53f050e9dec7d3266f703d6cb	cd challenge && uv run python -m utils.retrieval_experiments run --config configs/retrieval_experiments.toml --run-name retrieval_v1 --benches masked_quotes --units turn --retrievers tfidf_char_hearing --splits validation
challenge/artifacts/experiments/retrieval/retrieval_v1/queries/masked_quotes/turn/tfidf_char_speaker/train.jsonl	64021	f21658ea5863069203380550a224ecfafd5082e0a597f3f704032a93d846dc35	cd challenge && uv run python -m utils.retrieval_experiments run --config configs/retrieval_experiments.toml --run-name retrieval_v1 --benches masked_quotes --units turn --retrievers tfidf_char_speaker --splits train
challenge/artifacts/experiments/retrieval/retrieval_v1/queries/masked_quotes/turn/tfidf_char_speaker/validation.jsonl	18407	5d2ecc8d256cfeda7524635b8f2107a7b6ccfd554aeb4e79f361be1e2904cce5	cd challenge && uv run python -m utils.retrieval_experiments run --config configs/retrieval_experiments.toml --run-name retrieval_v1 --benches masked_quotes --units turn --retrievers tfidf_char_speaker --splits validation
challenge/artifacts/experiments/retrieval/retrieval_v1/queries/masked_quotes/turn/tfidf_word_hearing/train.jsonl	63858	4119b71c987e6619619f90b5147832119681c24e9ccfd9634732a4017fcf10f8	cd challenge && uv run python -m utils.retrieval_experiments run --config configs/retrieval_experiments.toml --run-name retrieval_v1 --benches masked_quotes --units turn --retrievers tfidf_word_hearing --splits train
challenge/artifacts/experiments/retrieval/retrieval_v1/queries/masked_quotes/turn/tfidf_word_hearing/validation.jsonl	18372	c2177a64b0a8e7972daaea905a286406c9145f909713394f14d19b61243ebc1a	cd challenge && uv run python -m utils.retrieval_experiments run --config configs/retrieval_experiments.toml --run-name retrieval_v1 --benches masked_quotes --units turn --retrievers tfidf_word_hearing --splits validation
challenge/artifacts/experiments/retrieval/retrieval_v1/queries/masked_quotes/turn/tfidf_word_speaker/train.jsonl	63858	4e4f1cd96924b74c209015c215819f20c5a91c25f3e7bf5dcff2d2d8bb65592c	cd challenge && uv run python -m utils.retrieval_experiments run --config configs/retrieval_experiments.toml --run-name retrieval_v1 --benches masked_quotes --units turn --retrievers tfidf_word_speaker --splits train
challenge/artifacts/experiments/retrieval/retrieval_v1/queries/masked_quotes/turn/tfidf_word_speaker/validation.jsonl	18368	57808abf6ddb18dfb57840ea51b9a9eab58ca8dceb86ae0ac913687fce95a5b9	cd challenge && uv run python -m utils.retrieval_experiments run --config configs/retrieval_experiments.toml --run-name retrieval_v1 --benches masked_quotes --units turn --retrievers tfidf_word_speaker --splits validation
challenge/artifacts/experiments/retrieval/retrieval_v1/queries/masked_quotes/window2/bm25_hearing/train.jsonl	90085	337e4247f5070e5585ddcfcc5d3f319b9debe68e77826ddb94c0bf8f6a8f7ecd	cd challenge && uv run python -m utils.retrieval_experiments run --config configs/retrieval_experiments.toml --run-name retrieval_v1 --benches masked_quotes --units window2 --retrievers bm25_hearing --splits train
challenge/artifacts/experiments/retrieval/retrieval_v1/queries/masked_quotes/window2/bm25_hearing/validation.jsonl	25490	b87d76817bfbeff2bf52f35cfca77734325c9a7a0733be2ce2aa512125afe42e	cd challenge && uv run python -m utils.retrieval_experiments run --config configs/retrieval_experiments.toml --run-name retrieval_v1 --benches masked_quotes --units window2 --retrievers bm25_hearing --splits validation
challenge/artifacts/experiments/retrieval/retrieval_v1/queries/masked_quotes/window2/bm25_speaker/train.jsonl	89704	3c226bfaaf8482a8bc1807c87f94047b901e08edf81db64571bdcc3226ff4fbc	cd challenge && uv run python -m utils.retrieval_experiments run --config configs/retrieval_experiments.toml --run-name retrieval_v1 --benches masked_quotes --units window2 --retrievers bm25_speaker --splits train
challenge/artifacts/experiments/retrieval/retrieval_v1/queries/masked_quotes/window2/bm25_speaker/validation.jsonl	25380	1d352b99af7717ee4f4eb1838115f7d9e2d4c8b5c68135d6609e9464615968b0	cd challenge && uv run python -m utils.retrieval_experiments run --config configs/retrieval_experiments.toml --run-name retrieval_v1 --benches masked_quotes --units window2 --retrievers bm25_speaker --splits validation
challenge/artifacts/experiments/retrieval/retrieval_v1/queries/masked_quotes/window2/hybrid_rrf/train.jsonl	88826	b5245dda94e73d92fe739ed62925fddf465cd01ff363fb1e05ed8f11eee5f7d4	cd challenge && uv run python -m utils.retrieval_experiments run --config configs/retrieval_experiments.toml --run-name retrieval_v1 --benches masked_quotes --units window2 --retrievers hybrid_rrf --splits train
challenge/artifacts/experiments/retrieval/retrieval_v1/queries/masked_quotes/window2/hybrid_rrf/validation.jsonl	25144	afc631960c5966ae74f6d294b6688df149414feaff218d18d54d103fbd232faa	cd challenge && uv run python -m utils.retrieval_experiments run --config configs/retrieval_experiments.toml --run-name retrieval_v1 --benches masked_quotes --units window2 --retrievers hybrid_rrf --splits validation
challenge/artifacts/experiments/retrieval/retrieval_v1/queries/masked_quotes/window2/rerank_mmarco/train.jsonl	90495	baeb706db75f2dcc185190aa0e78809b8177f0207999f6395d5a5f329e9f47d2	cd challenge && uv run python -m utils.retrieval_experiments run --config configs/retrieval_experiments.toml --run-name retrieval_v1 --benches masked_quotes --units window2 --retrievers rerank_mmarco --splits train
challenge/artifacts/experiments/retrieval/retrieval_v1/queries/masked_quotes/window2/rerank_mmarco/validation.jsonl	25592	316950ad760dc8fd7e8f91eb52b0542832aef98c29aa99f6f95a393a3fc96334	cd challenge && uv run python -m utils.retrieval_experiments run --config configs/retrieval_experiments.toml --run-name retrieval_v1 --benches masked_quotes --units window2 --retrievers rerank_mmarco --splits validation
challenge/artifacts/experiments/retrieval/retrieval_v1/queries/masked_quotes/window2/serafim_335m/train.jsonl	89158	02ba78cc1248f044e0e951b2fb13aeaf3d714d279b58a512b4566e7667f4a163	cd challenge && uv run python -m utils.retrieval_experiments run --config configs/retrieval_experiments.toml --run-name retrieval_v1 --benches masked_quotes --units window2 --retrievers serafim_335m --splits train
challenge/artifacts/experiments/retrieval/retrieval_v1/queries/masked_quotes/window2/serafim_335m/validation.jsonl	25244	be06e3cfad4ff25436ae9a37fc326565819ebdc8774120df033c47b0fb1c546b	cd challenge && uv run python -m utils.retrieval_experiments run --config configs/retrieval_experiments.toml --run-name retrieval_v1 --benches masked_quotes --units window2 --retrievers serafim_335m --splits validation
challenge/artifacts/experiments/retrieval/retrieval_v1/queries/masked_quotes/window2/tfidf_char_hearing/train.jsonl	89977	83a280be64a72ed986c5fdd59ea4857e0eebcca45f8841c6cd3413959dd7a215	cd challenge && uv run python -m utils.retrieval_experiments run --config configs/retrieval_experiments.toml --run-name retrieval_v1 --benches masked_quotes --units window2 --retrievers tfidf_char_hearing --splits train
challenge/artifacts/experiments/retrieval/retrieval_v1/queries/masked_quotes/window2/tfidf_char_hearing/validation.jsonl	25445	72d8dde74e0f33d41261a608c4c47171cb935ed7d94ada46dee57efeb23d6c25	cd challenge && uv run python -m utils.retrieval_experiments run --config configs/retrieval_experiments.toml --run-name retrieval_v1 --benches masked_quotes --units window2 --retrievers tfidf_char_hearing --splits validation
challenge/artifacts/experiments/retrieval/retrieval_v1/queries/masked_quotes/window2/tfidf_char_speaker/train.jsonl	89982	3b566a26ae252744cdd3007d7587f39cf957ccbb98c574a5141c17076304351b	cd challenge && uv run python -m utils.retrieval_experiments run --config configs/retrieval_experiments.toml --run-name retrieval_v1 --benches masked_quotes --units window2 --retrievers tfidf_char_speaker --splits train
challenge/artifacts/experiments/retrieval/retrieval_v1/queries/masked_quotes/window2/tfidf_char_speaker/validation.jsonl	25461	e338ce558c4f1963bade6597254c2a5a30732bfa6a68819f948e64236b02fcb9	cd challenge && uv run python -m utils.retrieval_experiments run --config configs/retrieval_experiments.toml --run-name retrieval_v1 --benches masked_quotes --units window2 --retrievers tfidf_char_speaker --splits validation
challenge/artifacts/experiments/retrieval/retrieval_v1/queries/masked_quotes/window2/tfidf_word_hearing/train.jsonl	89975	099b4452b6e21083c20acfd896bf09747730c824d4c9c27571d3bcec50886a00	cd challenge && uv run python -m utils.retrieval_experiments run --config configs/retrieval_experiments.toml --run-name retrieval_v1 --benches masked_quotes --units window2 --retrievers tfidf_word_hearing --splits train
challenge/artifacts/experiments/retrieval/retrieval_v1/queries/masked_quotes/window2/tfidf_word_hearing/validation.jsonl	25422	02088fe1b871c0c565fc19d5a7dbed4ff710b59307f3d74263dfe9c40ea6e166	cd challenge && uv run python -m utils.retrieval_experiments run --config configs/retrieval_experiments.toml --run-name retrieval_v1 --benches masked_quotes --units window2 --retrievers tfidf_word_hearing --splits validation
challenge/artifacts/experiments/retrieval/retrieval_v1/queries/masked_quotes/window2/tfidf_word_speaker/train.jsonl	89986	00f1a53c045a2828136f1ca6b0218a9d1ee0678774433a8692c00c30a4506843	cd challenge && uv run python -m utils.retrieval_experiments run --config configs/retrieval_experiments.toml --run-name retrieval_v1 --benches masked_quotes --units window2 --retrievers tfidf_word_speaker --splits train
challenge/artifacts/experiments/retrieval/retrieval_v1/queries/masked_quotes/window2/tfidf_word_speaker/validation.jsonl	25428	2e23dcee28c4a96febea1acba7edd9669304a11d386b998799890346253891cb	cd challenge && uv run python -m utils.retrieval_experiments run --config configs/retrieval_experiments.toml --run-name retrieval_v1 --benches masked_quotes --units window2 --retrievers tfidf_word_speaker --splits validation
challenge/artifacts/experiments/retrieval/retrieval_v1/queries/masked_quotes/window3/bm25_hearing/train.jsonl	90228	92feda9c3cdb04442a13d4ed970edf412718fa59ac8be7734acfef3ce253abc1	cd challenge && uv run python -m utils.retrieval_experiments run --config configs/retrieval_experiments.toml --run-name retrieval_v1 --benches masked_quotes --units window3 --retrievers bm25_hearing --splits train
challenge/artifacts/experiments/retrieval/retrieval_v1/queries/masked_quotes/window3/bm25_hearing/validation.jsonl	25464	00340012df97c2f38170ed29ac1e875652a1e72870b684c0bc6d757750b35e63	cd challenge && uv run python -m utils.retrieval_experiments run --config configs/retrieval_experiments.toml --run-name retrieval_v1 --benches masked_quotes --units window3 --retrievers bm25_hearing --splits validation
challenge/artifacts/experiments/retrieval/retrieval_v1/queries/masked_quotes/window3/bm25_speaker/train.jsonl	89776	2e79620a00ac9041e7674f485ef78eb802feb657f83dbea276dfa6ce63640466	cd challenge && uv run python -m utils.retrieval_experiments run --config configs/retrieval_experiments.toml --run-name retrieval_v1 --benches masked_quotes --units window3 --retrievers bm25_speaker --splits train
challenge/artifacts/experiments/retrieval/retrieval_v1/queries/masked_quotes/window3/bm25_speaker/validation.jsonl	25388	4e70103cf82734131c4a90ddac2b0a4b003cd38085dafa563fceaa34410c277d	cd challenge && uv run python -m utils.retrieval_experiments run --config configs/retrieval_experiments.toml --run-name retrieval_v1 --benches masked_quotes --units window3 --retrievers bm25_speaker --splits validation
challenge/artifacts/experiments/retrieval/retrieval_v1/queries/masked_quotes/window3/hybrid_rrf/train.jsonl	88826	c10579d0c92e65d134b02e2e1d5bc5cc3fdab68bb927d564b3b26fb95e647d52	cd challenge && uv run python -m utils.retrieval_experiments run --config configs/retrieval_experiments.toml --run-name retrieval_v1 --benches masked_quotes --units window3 --retrievers hybrid_rrf --splits train
challenge/artifacts/experiments/retrieval/retrieval_v1/queries/masked_quotes/window3/hybrid_rrf/validation.jsonl	25137	59b0ddcaf14328a5001bfd650f0645b1f4cb9b8deaf4eccb642db3f80ed454e2	cd challenge && uv run python -m utils.retrieval_experiments run --config configs/retrieval_experiments.toml --run-name retrieval_v1 --benches masked_quotes --units window3 --retrievers hybrid_rrf --splits validation
challenge/artifacts/experiments/retrieval/retrieval_v1/queries/masked_quotes/window3/rerank_mmarco/train.jsonl	90370	b7c3a60a065955e48d3527ee2b4bb5d8ba451f4e7a6ff290ff50bf3a05d92374	cd challenge && uv run python -m utils.retrieval_experiments run --config configs/retrieval_experiments.toml --run-name retrieval_v1 --benches masked_quotes --units window3 --retrievers rerank_mmarco --splits train
challenge/artifacts/experiments/retrieval/retrieval_v1/queries/masked_quotes/window3/rerank_mmarco/validation.jsonl	25568	ef9d27624359e583b531f2cabae251c8640fa07482a9a8e86f2a58913fe2eff3	cd challenge && uv run python -m utils.retrieval_experiments run --config configs/retrieval_experiments.toml --run-name retrieval_v1 --benches masked_quotes --units window3 --retrievers rerank_mmarco --splits validation
challenge/artifacts/experiments/retrieval/retrieval_v1/queries/masked_quotes/window3/serafim_335m/train.jsonl	89188	6c45e1733fe6a7e52edab679dbab40fca40314649893db5c43b0d4318b6bafdf	cd challenge && uv run python -m utils.retrieval_experiments run --config configs/retrieval_experiments.toml --run-name retrieval_v1 --benches masked_quotes --units window3 --retrievers serafim_335m --splits train
challenge/artifacts/experiments/retrieval/retrieval_v1/queries/masked_quotes/window3/serafim_335m/validation.jsonl	25237	ef44ccfdfa065de3809c8e092db1101774e6fb13654d4a1851ff643f08fb19c3	cd challenge && uv run python -m utils.retrieval_experiments run --config configs/retrieval_experiments.toml --run-name retrieval_v1 --benches masked_quotes --units window3 --retrievers serafim_335m --splits validation
challenge/artifacts/experiments/retrieval/retrieval_v1/queries/masked_quotes/window3/tfidf_char_hearing/train.jsonl	89964	baa206503a5f49dc6dcf4749f094348b878483c6d172ff72071b6331df6376ee	cd challenge && uv run python -m utils.retrieval_experiments run --config configs/retrieval_experiments.toml --run-name retrieval_v1 --benches masked_quotes --units window3 --retrievers tfidf_char_hearing --splits train
challenge/artifacts/experiments/retrieval/retrieval_v1/queries/masked_quotes/window3/tfidf_char_hearing/validation.jsonl	25422	a9a9557c9a1aebcd9acefbd63fea1fec81e9bb419c7239b0ba636f9e69bb41b3	cd challenge && uv run python -m utils.retrieval_experiments run --config configs/retrieval_experiments.toml --run-name retrieval_v1 --benches masked_quotes --units window3 --retrievers tfidf_char_hearing --splits validation
challenge/artifacts/experiments/retrieval/retrieval_v1/queries/masked_quotes/window3/tfidf_char_speaker/train.jsonl	89980	a627fdd3704b4943327d0f9119bd6be32fe475e7511c92eb590991d15a14a3fb	cd challenge && uv run python -m utils.retrieval_experiments run --config configs/retrieval_experiments.toml --run-name retrieval_v1 --benches masked_quotes --units window3 --retrievers tfidf_char_speaker --splits train
challenge/artifacts/experiments/retrieval/retrieval_v1/queries/masked_quotes/window3/tfidf_char_speaker/validation.jsonl	25417	a1c575536b4f53b3f876c97eec76270b00184cabfdda54f1bf44765a8e91da0c	cd challenge && uv run python -m utils.retrieval_experiments run --config configs/retrieval_experiments.toml --run-name retrieval_v1 --benches masked_quotes --units window3 --retrievers tfidf_char_speaker --splits validation
challenge/artifacts/experiments/retrieval/retrieval_v1/queries/masked_quotes/window3/tfidf_word_hearing/train.jsonl	89961	7170239339be33a6196040aec38daaa3f52731c87ac23c80610d9d1369e2d572	cd challenge && uv run python -m utils.retrieval_experiments run --config configs/retrieval_experiments.toml --run-name retrieval_v1 --benches masked_quotes --units window3 --retrievers tfidf_word_hearing --splits train
challenge/artifacts/experiments/retrieval/retrieval_v1/queries/masked_quotes/window3/tfidf_word_hearing/validation.jsonl	25398	2f3546a25895a0694adfe2a3bc31129f690e2d9ee7b804db9f95e90e0aafe9c3	cd challenge && uv run python -m utils.retrieval_experiments run --config configs/retrieval_experiments.toml --run-name retrieval_v1 --benches masked_quotes --units window3 --retrievers tfidf_word_hearing --splits validation
challenge/artifacts/experiments/retrieval/retrieval_v1/queries/masked_quotes/window3/tfidf_word_speaker/train.jsonl	89956	85b52aae3a94d0ab1ca73a2b202491ca4ac26844c7ceba56cbcadde57442e6b5	cd challenge && uv run python -m utils.retrieval_experiments run --config configs/retrieval_experiments.toml --run-name retrieval_v1 --benches masked_quotes --units window3 --retrievers tfidf_word_speaker --splits train
challenge/artifacts/experiments/retrieval/retrieval_v1/queries/masked_quotes/window3/tfidf_word_speaker/validation.jsonl	25383	a55802a4abb6ec18255d120fce6ebc8b4a2bbcc471e07d043b1ee86c833e7322	cd challenge && uv run python -m utils.retrieval_experiments run --config configs/retrieval_experiments.toml --run-name retrieval_v1 --benches masked_quotes --units window3 --retrievers tfidf_word_speaker --splits validation
challenge/artifacts/experiments/retrieval/retrieval_v1/queries/nli/sentence/bge_m3/train.jsonl	1502433	324484b63da53b1a700095f11822544569170679a4316b8c1c5ab42754890f4d	cd challenge && uv run python -m utils.retrieval_experiments run --config configs/retrieval_experiments.toml --run-name retrieval_v1 --benches nli --units sentence --retrievers bge_m3 --splits train
challenge/artifacts/experiments/retrieval/retrieval_v1/queries/nli/sentence/bge_m3/validation.jsonl	360766	495c4ae0a27fa455c6835f80c87dd6af0f55dfa83bdc9ded9318f54aa4973394	cd challenge && uv run python -m utils.retrieval_experiments run --config configs/retrieval_experiments.toml --run-name retrieval_v1 --benches nli --units sentence --retrievers bge_m3 --splits validation
challenge/artifacts/experiments/retrieval/retrieval_v1/queries/nli/sentence/bm25_hearing/train.jsonl	1526902	42f6473a69da396dd04843b0360929ec89561a23947252e60d2b087fe29074e9	cd challenge && uv run python -m utils.retrieval_experiments run --config configs/retrieval_experiments.toml --run-name retrieval_v1 --benches nli --units sentence --retrievers bm25_hearing --splits train
challenge/artifacts/experiments/retrieval/retrieval_v1/queries/nli/sentence/bm25_hearing/validation.jsonl	366781	59e1860f387880c0674938afb86695a93a6a5723ad58b21ade17153afcb14b16	cd challenge && uv run python -m utils.retrieval_experiments run --config configs/retrieval_experiments.toml --run-name retrieval_v1 --benches nli --units sentence --retrievers bm25_hearing --splits validation
challenge/artifacts/experiments/retrieval/retrieval_v1/queries/nli/sentence/bm25_speaker/train.jsonl	1522869	9bd045fcc331f08a470e9a46a6a0d3c380e95020d38b3bb639d1b74145caedc6	cd challenge && uv run python -m utils.retrieval_experiments run --config configs/retrieval_experiments.toml --run-name retrieval_v1 --benches nli --units sentence --retrievers bm25_speaker --splits train
challenge/artifacts/experiments/retrieval/retrieval_v1/queries/nli/sentence/bm25_speaker/validation.jsonl	365715	a2318e8e5164689a7b8c8ac9568427e5a6e3c8ddf798bc010e6819fb0b83cdae	cd challenge && uv run python -m utils.retrieval_experiments run --config configs/retrieval_experiments.toml --run-name retrieval_v1 --benches nli --units sentence --retrievers bm25_speaker --splits validation
challenge/artifacts/experiments/retrieval/retrieval_v1/queries/nli/sentence/e5_large/train.jsonl	1507088	4bcf26bf608c288eda1980ed9ec262b588ef7f173c1909db2066109d2cec6b67	cd challenge && uv run python -m utils.retrieval_experiments run --config configs/retrieval_experiments.toml --run-name retrieval_v1 --benches nli --units sentence --retrievers e5_large --splits train
challenge/artifacts/experiments/retrieval/retrieval_v1/queries/nli/sentence/e5_large/validation.jsonl	362084	033f35fcb4dae3ce7ecf5e6507e57d7528cadcb74140ff0e91a51db9b99fbdd9	cd challenge && uv run python -m utils.retrieval_experiments run --config configs/retrieval_experiments.toml --run-name retrieval_v1 --benches nli --units sentence --retrievers e5_large --splits validation
challenge/artifacts/experiments/retrieval/retrieval_v1/queries/nli/sentence/hybrid_rrf/train.jsonl	1512544	4c146ee80073a81a5f61a95742a6419388b6bcf1806132ad913196dcf03f5e61	cd challenge && uv run python -m utils.retrieval_experiments run --config configs/retrieval_experiments.toml --run-name retrieval_v1 --benches nli --units sentence --retrievers hybrid_rrf --splits train
challenge/artifacts/experiments/retrieval/retrieval_v1/queries/nli/sentence/hybrid_rrf/validation.jsonl	363188	b01afee01552d5aca771198e50fd8cfa3fd9946a5b634df8462b77e187663987	cd challenge && uv run python -m utils.retrieval_experiments run --config configs/retrieval_experiments.toml --run-name retrieval_v1 --benches nli --units sentence --retrievers hybrid_rrf --splits validation
challenge/artifacts/experiments/retrieval/retrieval_v1/queries/nli/sentence/minilm/train.jsonl	1502577	a657a066b6d5f8c8e29ec3977bf0885f38d18e9e4ec579727e0760888736a263	cd challenge && uv run python -m utils.retrieval_experiments run --config configs/retrieval_experiments.toml --run-name retrieval_v1 --benches nli --units sentence --retrievers minilm --splits train
challenge/artifacts/experiments/retrieval/retrieval_v1/queries/nli/sentence/minilm/validation.jsonl	360927	dcace9dd8946d0aecc354a5e8a71b260be9c66074bb54a68837d614f3f1fdd6d	cd challenge && uv run python -m utils.retrieval_experiments run --config configs/retrieval_experiments.toml --run-name retrieval_v1 --benches nli --units sentence --retrievers minilm --splits validation
challenge/artifacts/experiments/retrieval/retrieval_v1/queries/nli/sentence/mpnet/train.jsonl	1500079	a353cb871800680c1bf25b6d53e2d4aecea4a4ff6bec7fd539f3e301b2c38d7b	cd challenge && uv run python -m utils.retrieval_experiments run --config configs/retrieval_experiments.toml --run-name retrieval_v1 --benches nli --units sentence --retrievers mpnet --splits train
challenge/artifacts/experiments/retrieval/retrieval_v1/queries/nli/sentence/mpnet/validation.jsonl	360338	21f7892f21df7ccc93db9908713245399505c439348e6c049c272e8cf2863139	cd challenge && uv run python -m utils.retrieval_experiments run --config configs/retrieval_experiments.toml --run-name retrieval_v1 --benches nli --units sentence --retrievers mpnet --splits validation
challenge/artifacts/experiments/retrieval/retrieval_v1/queries/nli/sentence/rerank_bge/train.jsonl	1532976	c70504757108f7460a58a4c10ee37f03dec6012e8b3dd5fa8f5c7833bf5247bb	cd challenge && uv run python -m utils.retrieval_experiments run --config configs/retrieval_experiments.toml --run-name retrieval_v1 --benches nli --units sentence --retrievers rerank_bge --splits train
challenge/artifacts/experiments/retrieval/retrieval_v1/queries/nli/sentence/rerank_bge/validation.jsonl	368274	f82d127259d875a8ef1e0b213430ba682fefba2b14aafde2a202d817638e1c0b	cd challenge && uv run python -m utils.retrieval_experiments run --config configs/retrieval_experiments.toml --run-name retrieval_v1 --benches nli --units sentence --retrievers rerank_bge --splits validation
challenge/artifacts/experiments/retrieval/retrieval_v1/queries/nli/sentence/rerank_mmarco/train.jsonl	1542766	a95a5fe98bf5ccf676f0a83dd1b92e9e989754fbeb1c5e7d0f7e6065e8cc6b83	cd challenge && uv run python -m utils.retrieval_experiments run --config configs/retrieval_experiments.toml --run-name retrieval_v1 --benches nli --units sentence --retrievers rerank_mmarco --splits train
challenge/artifacts/experiments/retrieval/retrieval_v1/queries/nli/sentence/rerank_mmarco/validation.jsonl	370488	f402aa0bd759405b6769fd6ac17fcd8bb4a7e8359f2c6e6a0bd3b6f6ab0ae7a7	cd challenge && uv run python -m utils.retrieval_experiments run --config configs/retrieval_experiments.toml --run-name retrieval_v1 --benches nli --units sentence --retrievers rerank_mmarco --splits validation
challenge/artifacts/experiments/retrieval/retrieval_v1/queries/nli/sentence/serafim_335m/train.jsonl	1518369	eb4109dedce873968060275f575ecb33775487fcf3af8a95230c080fb4507187	cd challenge && uv run python -m utils.retrieval_experiments run --config configs/retrieval_experiments.toml --run-name retrieval_v1 --benches nli --units sentence --retrievers serafim_335m --splits train
challenge/artifacts/experiments/retrieval/retrieval_v1/queries/nli/sentence/serafim_335m/validation.jsonl	364681	307d7a71483e929ea79134779525e4f89544f0b05394c99faefd7874c30cb3f0	cd challenge && uv run python -m utils.retrieval_experiments run --config configs/retrieval_experiments.toml --run-name retrieval_v1 --benches nli --units sentence --retrievers serafim_335m --splits validation
challenge/artifacts/experiments/retrieval/retrieval_v1/queries/nli/sentence/serafim_335m_ir/train.jsonl	1525786	c9f83555a388e19b6bcd0c6ee35962a211e3bf26075f53b086043bfa30380938	cd challenge && uv run python -m utils.retrieval_experiments run --config configs/retrieval_experiments.toml --run-name retrieval_v1 --benches nli --units sentence --retrievers serafim_335m_ir --splits train
challenge/artifacts/experiments/retrieval/retrieval_v1/queries/nli/sentence/serafim_335m_ir/validation.jsonl	366394	f1d5a081e53425be2c3e85540b7284cfa0ad2adc0ad293e9cc9969c37791376e	cd challenge && uv run python -m utils.retrieval_experiments run --config configs/retrieval_experiments.toml --run-name retrieval_v1 --benches nli --units sentence --retrievers serafim_335m_ir --splits validation
challenge/artifacts/experiments/retrieval/retrieval_v1/queries/nli/sentence/serafim_900m/train.jsonl	1518252	9498269c4588e03a8b3a83186d4e7e662f00977dc80bf6fb4a8dcbf35320d769	cd challenge && uv run python -m utils.retrieval_experiments run --config configs/retrieval_experiments.toml --run-name retrieval_v1 --benches nli --units sentence --retrievers serafim_900m --splits train
challenge/artifacts/experiments/retrieval/retrieval_v1/queries/nli/sentence/serafim_900m/validation.jsonl	364694	22dbaa069143488301eeb9a5666c68181eaeef53293ade58884260c808be846f	cd challenge && uv run python -m utils.retrieval_experiments run --config configs/retrieval_experiments.toml --run-name retrieval_v1 --benches nli --units sentence --retrievers serafim_900m --splits validation
challenge/artifacts/experiments/retrieval/retrieval_v1/queries/nli/sentence/tfidf_char_hearing/train.jsonl	1533161	ec8c6c31ee415c958e8097bc4cb11e051c5efe8ac20c687f8ed2f9ac48ae513b	cd challenge && uv run python -m utils.retrieval_experiments run --config configs/retrieval_experiments.toml --run-name retrieval_v1 --benches nli --units sentence --retrievers tfidf_char_hearing --splits train
challenge/artifacts/experiments/retrieval/retrieval_v1/queries/nli/sentence/tfidf_char_hearing/validation.jsonl	368185	ac0f1a3873ab7d9fc2274ddcfbf19663fec88525eda317db6537f9e6ff4093fc	cd challenge && uv run python -m utils.retrieval_experiments run --config configs/retrieval_experiments.toml --run-name retrieval_v1 --benches nli --units sentence --retrievers tfidf_char_hearing --splits validation
challenge/artifacts/experiments/retrieval/retrieval_v1/queries/nli/sentence/tfidf_char_speaker/train.jsonl	1533170	33177d7a288e0dfc3a396a921b9bdd3e6c8a3722e2a5849083b76b69b2938aa0	cd challenge && uv run python -m utils.retrieval_experiments run --config configs/retrieval_experiments.toml --run-name retrieval_v1 --benches nli --units sentence --retrievers tfidf_char_speaker --splits train
challenge/artifacts/experiments/retrieval/retrieval_v1/queries/nli/sentence/tfidf_char_speaker/validation.jsonl	368202	e1ce000962f3b45640201f43297de3175a75ffd3eb68a0eaa1c3ab8b5d057fd6	cd challenge && uv run python -m utils.retrieval_experiments run --config configs/retrieval_experiments.toml --run-name retrieval_v1 --benches nli --units sentence --retrievers tfidf_char_speaker --splits validation
challenge/artifacts/experiments/retrieval/retrieval_v1/queries/nli/sentence/tfidf_word_hearing/train.jsonl	1532020	55eefe4dbdaa7f4bdb0510b29ffc7872a02a42f0cce113319c1029fc3141b2c3	cd challenge && uv run python -m utils.retrieval_experiments run --config configs/retrieval_experiments.toml --run-name retrieval_v1 --benches nli --units sentence --retrievers tfidf_word_hearing --splits train
challenge/artifacts/experiments/retrieval/retrieval_v1/queries/nli/sentence/tfidf_word_hearing/validation.jsonl	367837	10e5ea9128d3cc1dabb0d33ed7da9f65af03a17bd78a3537689e9b7bcf8701b7	cd challenge && uv run python -m utils.retrieval_experiments run --config configs/retrieval_experiments.toml --run-name retrieval_v1 --benches nli --units sentence --retrievers tfidf_word_hearing --splits validation
challenge/artifacts/experiments/retrieval/retrieval_v1/queries/nli/sentence/tfidf_word_speaker/train.jsonl	1531940	08bce919ddec0b76b0fca9576ce65d2f00a43be9691be05d0c02b254262eac7d	cd challenge && uv run python -m utils.retrieval_experiments run --config configs/retrieval_experiments.toml --run-name retrieval_v1 --benches nli --units sentence --retrievers tfidf_word_speaker --splits train
challenge/artifacts/experiments/retrieval/retrieval_v1/queries/nli/sentence/tfidf_word_speaker/validation.jsonl	367899	0a4576416b35167090c09511fe3f189a865540c5f06011c5721adeb9930e0cec	cd challenge && uv run python -m utils.retrieval_experiments run --config configs/retrieval_experiments.toml --run-name retrieval_v1 --benches nli --units sentence --retrievers tfidf_word_speaker --splits validation
challenge/artifacts/experiments/retrieval/retrieval_v1/queries/nli/turn/bge_m3/train.jsonl	1084054	990f71bf49d3f68f53fa6d8a272d74f03198402ab4f090c77d7c382103997a23	cd challenge && uv run python -m utils.retrieval_experiments run --config configs/retrieval_experiments.toml --run-name retrieval_v1 --benches nli --units turn --retrievers bge_m3 --splits train
challenge/artifacts/experiments/retrieval/retrieval_v1/queries/nli/turn/bge_m3/validation.jsonl	262551	fbf607f092dd832c7c50950cd8ab3ba1a7aee38cc3ef2708fb97e797e4786922	cd challenge && uv run python -m utils.retrieval_experiments run --config configs/retrieval_experiments.toml --run-name retrieval_v1 --benches nli --units turn --retrievers bge_m3 --splits validation
challenge/artifacts/experiments/retrieval/retrieval_v1/queries/nli/turn/bm25_hearing/train.jsonl	1103125	bd46f9e855565c371963ff1d89652d144da731f1d05131e501ae515be4282504	cd challenge && uv run python -m utils.retrieval_experiments run --config configs/retrieval_experiments.toml --run-name retrieval_v1 --benches nli --units turn --retrievers bm25_hearing --splits train
challenge/artifacts/experiments/retrieval/retrieval_v1/queries/nli/turn/bm25_hearing/validation.jsonl	266931	42ed5e65f506cc32d207b0690dab4cb86d493a4bd33e30e6504774cdd7eee21d	cd challenge && uv run python -m utils.retrieval_experiments run --config configs/retrieval_experiments.toml --run-name retrieval_v1 --benches nli --units turn --retrievers bm25_hearing --splits validation
challenge/artifacts/experiments/retrieval/retrieval_v1/queries/nli/turn/bm25_speaker/train.jsonl	1100996	36652a31f79cac422df61ced76d0c0636eeaac96afd80af3f963ea3fc942f807	cd challenge && uv run python -m utils.retrieval_experiments run --config configs/retrieval_experiments.toml --run-name retrieval_v1 --benches nli --units turn --retrievers bm25_speaker --splits train
challenge/artifacts/experiments/retrieval/retrieval_v1/queries/nli/turn/bm25_speaker/validation.jsonl	266556	5600d6afaca0e59552a3a53a36c69781aac76b595bb169ff75c10735ed64481a	cd challenge && uv run python -m utils.retrieval_experiments run --config configs/retrieval_experiments.toml --run-name retrieval_v1 --benches nli --units turn --retrievers bm25_speaker --splits validation
challenge/artifacts/experiments/retrieval/retrieval_v1/queries/nli/turn/e5_large/train.jsonl	1089080	11893f74f6be5a2a5b8eb38a8439a046abf649bd4c81f391dd6ea63986219a2f	cd challenge && uv run python -m utils.retrieval_experiments run --config configs/retrieval_experiments.toml --run-name retrieval_v1 --benches nli --units turn --retrievers e5_large --splits train
challenge/artifacts/experiments/retrieval/retrieval_v1/queries/nli/turn/e5_large/validation.jsonl	263813	595625b5f167bd08b18f11a49000df6c7709f90073ca677126441850ec79be11	cd challenge && uv run python -m utils.retrieval_experiments run --config configs/retrieval_experiments.toml --run-name retrieval_v1 --benches nli --units turn --retrievers e5_large --splits validation
challenge/artifacts/experiments/retrieval/retrieval_v1/queries/nli/turn/hybrid_rrf/train.jsonl	1093833	4a3834a0c9f68cd65754cc974b792485492db057ba9278e38b3bc3f754dbbf0c	cd challenge && uv run python -m utils.retrieval_experiments run --config configs/retrieval_experiments.toml --run-name retrieval_v1 --benches nli --units turn --retrievers hybrid_rrf --splits train
challenge/artifacts/experiments/retrieval/retrieval_v1/queries/nli/turn/hybrid_rrf/validation.jsonl	264902	6cc84efac6a3ae14a01271deb86e030d5ce50aaf1bd80cc6d9bbbf8aeeb78e00	cd challenge && uv run python -m utils.retrieval_experiments run --config configs/retrieval_experiments.toml --run-name retrieval_v1 --benches nli --units turn --retrievers hybrid_rrf --splits validation
challenge/artifacts/experiments/retrieval/retrieval_v1/queries/nli/turn/minilm/train.jsonl	1084455	07b8943b7bb53f433b0e71731c184819c1fb4b65052db037e48ade4dc5c79070	cd challenge && uv run python -m utils.retrieval_experiments run --config configs/retrieval_experiments.toml --run-name retrieval_v1 --benches nli --units turn --retrievers minilm --splits train
challenge/artifacts/experiments/retrieval/retrieval_v1/queries/nli/turn/minilm/validation.jsonl	262707	50259ebe2121c1dcc3b967168873b68e7ab7109338be863cd64386b74917dc04	cd challenge && uv run python -m utils.retrieval_experiments run --config configs/retrieval_experiments.toml --run-name retrieval_v1 --benches nli --units turn --retrievers minilm --splits validation
challenge/artifacts/experiments/retrieval/retrieval_v1/queries/nli/turn/mpnet/train.jsonl	1081521	79928ab251b7e42e0ad6ff8161ce938d3ce4df88df1639ee13b9d6090ba69d98	cd challenge && uv run python -m utils.retrieval_experiments run --config configs/retrieval_experiments.toml --run-name retrieval_v1 --benches nli --units turn --retrievers mpnet --splits train
challenge/artifacts/experiments/retrieval/retrieval_v1/queries/nli/turn/mpnet/validation.jsonl	261992	37b83d4d0dde255c0a70ced3171c7cf9551e45220e02ab1121135cf25cbd5d8b	cd challenge && uv run python -m utils.retrieval_experiments run --config configs/retrieval_experiments.toml --run-name retrieval_v1 --benches nli --units turn --retrievers mpnet --splits validation
challenge/artifacts/experiments/retrieval/retrieval_v1/queries/nli/turn/rerank_mmarco/train.jsonl	1109874	8a1d1b093a47aa15dc72529dbe7869e36be0a95ba736f99ea0087a1d6557bc59	cd challenge && uv run python -m utils.retrieval_experiments run --config configs/retrieval_experiments.toml --run-name retrieval_v1 --benches nli --units turn --retrievers rerank_mmarco --splits train
challenge/artifacts/experiments/retrieval/retrieval_v1/queries/nli/turn/rerank_mmarco/validation.jsonl	268784	016aeb51c83c10655be497d6afef130a965aa41e8666498ec6ab66641ae614da	cd challenge && uv run python -m utils.retrieval_experiments run --config configs/retrieval_experiments.toml --run-name retrieval_v1 --benches nli --units turn --retrievers rerank_mmarco --splits validation
challenge/artifacts/experiments/retrieval/retrieval_v1/queries/nli/turn/serafim_335m/train.jsonl	1099702	a5adcc51340dc040c32fb5ed8cd378ab5ca08b54d6603bcdfc84ae9999ffa492	cd challenge && uv run python -m utils.retrieval_experiments run --config configs/retrieval_experiments.toml --run-name retrieval_v1 --benches nli --units turn --retrievers serafim_335m --splits train
challenge/artifacts/experiments/retrieval/retrieval_v1/queries/nli/turn/serafim_335m/validation.jsonl	266334	72b6c4064e042c4e32f183e38a952979c15bda080b973cfbd30d63187e81e0b5	cd challenge && uv run python -m utils.retrieval_experiments run --config configs/retrieval_experiments.toml --run-name retrieval_v1 --benches nli --units turn --retrievers serafim_335m --splits validation
challenge/artifacts/experiments/retrieval/retrieval_v1/queries/nli/turn/serafim_335m_ir/train.jsonl	1107410	d7a511e4066d827fc3bcd7f865a1f1cfdc2277f88cb364f675e4bde8f153fef2	cd challenge && uv run python -m utils.retrieval_experiments run --config configs/retrieval_experiments.toml --run-name retrieval_v1 --benches nli --units turn --retrievers serafim_335m_ir --splits train
challenge/artifacts/experiments/retrieval/retrieval_v1/queries/nli/turn/serafim_335m_ir/validation.jsonl	268146	ad4479d93d350dac8eb58a9a0c96acfd0b86aab25a202d56e14f597b78d202c6	cd challenge && uv run python -m utils.retrieval_experiments run --config configs/retrieval_experiments.toml --run-name retrieval_v1 --benches nli --units turn --retrievers serafim_335m_ir --splits validation
challenge/artifacts/experiments/retrieval/retrieval_v1/queries/nli/turn/serafim_900m/train.jsonl	1099684	9b8334046638ac2a4aa7e9d3628671d4500635302751bad6c881239a9a2c09a0	cd challenge && uv run python -m utils.retrieval_experiments run --config configs/retrieval_experiments.toml --run-name retrieval_v1 --benches nli --units turn --retrievers serafim_900m --splits train
challenge/artifacts/experiments/retrieval/retrieval_v1/queries/nli/turn/serafim_900m/validation.jsonl	266310	f886b6e760a6ea6187811a5d34b9d252e19da50eb27282eb54cb26c53cc96f2f	cd challenge && uv run python -m utils.retrieval_experiments run --config configs/retrieval_experiments.toml --run-name retrieval_v1 --benches nli --units turn --retrievers serafim_900m --splits validation
challenge/artifacts/experiments/retrieval/retrieval_v1/queries/nli/turn/tfidf_char_hearing/train.jsonl	1114851	bce894c6c3bbfbeb22c766ac06ea9641af99ff97733408da90f0034661421edd	cd challenge && uv run python -m utils.retrieval_experiments run --config configs/retrieval_experiments.toml --run-name retrieval_v1 --benches nli --units turn --retrievers tfidf_char_hearing --splits train
challenge/artifacts/experiments/retrieval/retrieval_v1/queries/nli/turn/tfidf_char_hearing/validation.jsonl	269833	c0292289e4709b45236d102497a2d03f2263fdb3f2563062c17b8eaba1c4b8c1	cd challenge && uv run python -m utils.retrieval_experiments run --config configs/retrieval_experiments.toml --run-name retrieval_v1 --benches nli --units turn --retrievers tfidf_char_hearing --splits validation
challenge/artifacts/experiments/retrieval/retrieval_v1/queries/nli/turn/tfidf_char_speaker/train.jsonl	1114884	9c0ca1fa06066397d396a0e0c2861a3e0e7c9fd475d13baec899ba30601adcb6	cd challenge && uv run python -m utils.retrieval_experiments run --config configs/retrieval_experiments.toml --run-name retrieval_v1 --benches nli --units turn --retrievers tfidf_char_speaker --splits train
challenge/artifacts/experiments/retrieval/retrieval_v1/queries/nli/turn/tfidf_char_speaker/validation.jsonl	269859	18fb5a1237932f5d9872a28f3f7ae067b0778d653e7fd2e4ac2d75abf5776513	cd challenge && uv run python -m utils.retrieval_experiments run --config configs/retrieval_experiments.toml --run-name retrieval_v1 --benches nli --units turn --retrievers tfidf_char_speaker --splits validation
challenge/artifacts/experiments/retrieval/retrieval_v1/queries/nli/turn/tfidf_word_hearing/train.jsonl	1112119	4da86a91a6c54cdf78465748846e7dc233058bf73cf7ae42efeecdaa9f4773d8	cd challenge && uv run python -m utils.retrieval_experiments run --config configs/retrieval_experiments.toml --run-name retrieval_v1 --benches nli --units turn --retrievers tfidf_word_hearing --splits train
challenge/artifacts/experiments/retrieval/retrieval_v1/queries/nli/turn/tfidf_word_hearing/validation.jsonl	269017	6f573cbe7e001ded6146a9142082d70cba46803f86ce4b6649983c6371f6a887	cd challenge && uv run python -m utils.retrieval_experiments run --config configs/retrieval_experiments.toml --run-name retrieval_v1 --benches nli --units turn --retrievers tfidf_word_hearing --splits validation
challenge/artifacts/experiments/retrieval/retrieval_v1/queries/nli/turn/tfidf_word_speaker/train.jsonl	1112164	7ae641a0715405bedc28fd47eb653bd78ab6a0b4092ebda149cb1c282292faae	cd challenge && uv run python -m utils.retrieval_experiments run --config configs/retrieval_experiments.toml --run-name retrieval_v1 --benches nli --units turn --retrievers tfidf_word_speaker --splits train
challenge/artifacts/experiments/retrieval/retrieval_v1/queries/nli/turn/tfidf_word_speaker/validation.jsonl	268994	21b89bfd3eb4120fb9fe2ef4bbb17eef3033cd1f9c7114e8e9b4427dcd41a9a0	cd challenge && uv run python -m utils.retrieval_experiments run --config configs/retrieval_experiments.toml --run-name retrieval_v1 --benches nli --units turn --retrievers tfidf_word_speaker --splits validation
challenge/artifacts/experiments/retrieval/retrieval_v1/queries/nli/window2/bm25_hearing/train.jsonl	1618513	3b10019263e89069f23263db9db2e16e4feeb3146c7f996269b985e46ce3ab6c	cd challenge && uv run python -m utils.retrieval_experiments run --config configs/retrieval_experiments.toml --run-name retrieval_v1 --benches nli --units window2 --retrievers bm25_hearing --splits train
challenge/artifacts/experiments/retrieval/retrieval_v1/queries/nli/window2/bm25_hearing/validation.jsonl	388435	8edab3a36f19c606cc17e2581b4a45379fca43a9db05a5b8eed9565769c394cf	cd challenge && uv run python -m utils.retrieval_experiments run --config configs/retrieval_experiments.toml --run-name retrieval_v1 --benches nli --units window2 --retrievers bm25_hearing --splits validation
challenge/artifacts/experiments/retrieval/retrieval_v1/queries/nli/window2/bm25_speaker/train.jsonl	1608760	06448c4e0687b6b84fac97d3b2ffedd9cfb07d3d0ee27dde66862848e6df4ece	cd challenge && uv run python -m utils.retrieval_experiments run --config configs/retrieval_experiments.toml --run-name retrieval_v1 --benches nli --units window2 --retrievers bm25_speaker --splits train
challenge/artifacts/experiments/retrieval/retrieval_v1/queries/nli/window2/bm25_speaker/validation.jsonl	386025	753aaf666591fa398d9d3d59ae076ae524b2deb2c4937eaeff6b49575b1cb831	cd challenge && uv run python -m utils.retrieval_experiments run --config configs/retrieval_experiments.toml --run-name retrieval_v1 --benches nli --units window2 --retrievers bm25_speaker --splits validation
challenge/artifacts/experiments/retrieval/retrieval_v1/queries/nli/window2/hybrid_rrf/train.jsonl	1594236	8528e972486ec10b7056426916e64970ee60e4f1a7e2183f624311cad2052176	cd challenge && uv run python -m utils.retrieval_experiments run --config configs/retrieval_experiments.toml --run-name retrieval_v1 --benches nli --units window2 --retrievers hybrid_rrf --splits train
challenge/artifacts/experiments/retrieval/retrieval_v1/queries/nli/window2/hybrid_rrf/validation.jsonl	382825	9c0d11bfe6d15cfe4f261a34f6cdbef2db669f614358341c0a191e156af69d4a	cd challenge && uv run python -m utils.retrieval_experiments run --config configs/retrieval_experiments.toml --run-name retrieval_v1 --benches nli --units window2 --retrievers hybrid_rrf --splits validation
challenge/artifacts/experiments/retrieval/retrieval_v1/queries/nli/window2/rerank_mmarco/train.jsonl	1621557	ec77a7e6383bffe45054616555c2b49f57f79509bd8944d967e2192e7e6b9701	cd challenge && uv run python -m utils.retrieval_experiments run --config configs/retrieval_experiments.toml --run-name retrieval_v1 --benches nli --units window2 --retrievers rerank_mmarco --splits train
challenge/artifacts/experiments/retrieval/retrieval_v1/queries/nli/window2/rerank_mmarco/validation.jsonl	389169	ea25c002aa00c9fa96f41ec892da1dcab56b10309b3cb1dc9e2d20e2d4746e72	cd challenge && uv run python -m utils.retrieval_experiments run --config configs/retrieval_experiments.toml --run-name retrieval_v1 --benches nli --units window2 --retrievers rerank_mmarco --splits validation
challenge/artifacts/experiments/retrieval/retrieval_v1/queries/nli/window2/serafim_335m/train.jsonl	1601014	e131a59d3b34bbf3677c226daa510ec32d6a0e31dddfadfcb3c85e23e51aebd7	cd challenge && uv run python -m utils.retrieval_experiments run --config configs/retrieval_experiments.toml --run-name retrieval_v1 --benches nli --units window2 --retrievers serafim_335m --splits train
challenge/artifacts/experiments/retrieval/retrieval_v1/queries/nli/window2/serafim_335m/validation.jsonl	384209	a3172346ee2a22c33d5bf0a2dc523c629f2df903c1f85c1589e39c8e14e2df6e	cd challenge && uv run python -m utils.retrieval_experiments run --config configs/retrieval_experiments.toml --run-name retrieval_v1 --benches nli --units window2 --retrievers serafim_335m --splits validation
challenge/artifacts/experiments/retrieval/retrieval_v1/queries/nli/window2/tfidf_char_hearing/train.jsonl	1614574	aaa3a2f0122d4c21c7095431b0963b3b3859fdc63f05097fa6fb5cea6b707a81	cd challenge && uv run python -m utils.retrieval_experiments run --config configs/retrieval_experiments.toml --run-name retrieval_v1 --benches nli --units window2 --retrievers tfidf_char_hearing --splits train
challenge/artifacts/experiments/retrieval/retrieval_v1/queries/nli/window2/tfidf_char_hearing/validation.jsonl	387609	c4c19f9f1874bf903b380616347ce68ad98e951f3f3ca59d1f3f21f201a8687a	cd challenge && uv run python -m utils.retrieval_experiments run --config configs/retrieval_experiments.toml --run-name retrieval_v1 --benches nli --units window2 --retrievers tfidf_char_hearing --splits validation
challenge/artifacts/experiments/retrieval/retrieval_v1/queries/nli/window2/tfidf_char_speaker/train.jsonl	1614402	634ba76347d108d475404833271a120bb5e45fa57ade1b86c01f2103e327d9c3	cd challenge && uv run python -m utils.retrieval_experiments run --config configs/retrieval_experiments.toml --run-name retrieval_v1 --benches nli --units window2 --retrievers tfidf_char_speaker --splits train
challenge/artifacts/experiments/retrieval/retrieval_v1/queries/nli/window2/tfidf_char_speaker/validation.jsonl	387629	bd81b453fd789b3e19eccb6eaf9822b17587cde4ad3d19d74bfbb27d1235a9cf	cd challenge && uv run python -m utils.retrieval_experiments run --config configs/retrieval_experiments.toml --run-name retrieval_v1 --benches nli --units window2 --retrievers tfidf_char_speaker --splits validation
challenge/artifacts/experiments/retrieval/retrieval_v1/queries/nli/window2/tfidf_word_hearing/train.jsonl	1613836	e035f0edd602b7741bd590a1e3ca6d4373814d80be8e0dfe279ccef7fcfb9dbf	cd challenge && uv run python -m utils.retrieval_experiments run --config configs/retrieval_experiments.toml --run-name retrieval_v1 --benches nli --units window2 --retrievers tfidf_word_hearing --splits train
challenge/artifacts/experiments/retrieval/retrieval_v1/queries/nli/window2/tfidf_word_hearing/validation.jsonl	387440	262202734c6f005543ef026c029108ed5494c9265df2359540acffe11d95d6e9	cd challenge && uv run python -m utils.retrieval_experiments run --config configs/retrieval_experiments.toml --run-name retrieval_v1 --benches nli --units window2 --retrievers tfidf_word_hearing --splits validation
challenge/artifacts/experiments/retrieval/retrieval_v1/queries/nli/window2/tfidf_word_speaker/train.jsonl	1613575	9ac8a418bf563dc4817090cc931d61c2b989db2d37a0d4cf16b446ae595f0348	cd challenge && uv run python -m utils.retrieval_experiments run --config configs/retrieval_experiments.toml --run-name retrieval_v1 --benches nli --units window2 --retrievers tfidf_word_speaker --splits train
challenge/artifacts/experiments/retrieval/retrieval_v1/queries/nli/window2/tfidf_word_speaker/validation.jsonl	387370	b1185b3fbaecde259603f26b4a90970f00bd97c805a1ade4bf43129e7c1f82e7	cd challenge && uv run python -m utils.retrieval_experiments run --config configs/retrieval_experiments.toml --run-name retrieval_v1 --benches nli --units window2 --retrievers tfidf_word_speaker --splits validation
challenge/artifacts/experiments/retrieval/retrieval_v1/queries/nli/window3/bm25_hearing/train.jsonl	1620207	50ddb484c42d7a9b43ad25af690dfa54b6b91cd8d6cf4a7020036bf8ac57a2a1	cd challenge && uv run python -m utils.retrieval_experiments run --config configs/retrieval_experiments.toml --run-name retrieval_v1 --benches nli --units window3 --retrievers bm25_hearing --splits train
challenge/artifacts/experiments/retrieval/retrieval_v1/queries/nli/window3/bm25_hearing/validation.jsonl	388751	3a842bfeab9221586b68646b82f85e76ecd071476ed82a760e901b37d5349037	cd challenge && uv run python -m utils.retrieval_experiments run --config configs/retrieval_experiments.toml --run-name retrieval_v1 --benches nli --units window3 --retrievers bm25_hearing --splits validation
challenge/artifacts/experiments/retrieval/retrieval_v1/queries/nli/window3/bm25_speaker/train.jsonl	1609792	ae92bba6a8e12e4cd9028e7475c56fe4737b7b77f93260b72bd0b82287d2de78	cd challenge && uv run python -m utils.retrieval_experiments run --config configs/retrieval_experiments.toml --run-name retrieval_v1 --benches nli --units window3 --retrievers bm25_speaker --splits train
challenge/artifacts/experiments/retrieval/retrieval_v1/queries/nli/window3/bm25_speaker/validation.jsonl	386184	24a7d2401941f3aafee5a460dc775df134483c71a1236dadc3de3b76f41baad5	cd challenge && uv run python -m utils.retrieval_experiments run --config configs/retrieval_experiments.toml --run-name retrieval_v1 --benches nli --units window3 --retrievers bm25_speaker --splits validation
challenge/artifacts/experiments/retrieval/retrieval_v1/queries/nli/window3/hybrid_rrf/train.jsonl	1593577	8829e5ab9078e85d6c0a131f2f5e1eb55e129f29ea47741bc101fe651f927e9f	cd challenge && uv run python -m utils.retrieval_experiments run --config configs/retrieval_experiments.toml --run-name retrieval_v1 --benches nli --units window3 --retrievers hybrid_rrf --splits train
challenge/artifacts/experiments/retrieval/retrieval_v1/queries/nli/window3/hybrid_rrf/validation.jsonl	382585	565c351bd82881267dab411512b1a0494ab6ff1f7b4def306f02571e0493042c	cd challenge && uv run python -m utils.retrieval_experiments run --config configs/retrieval_experiments.toml --run-name retrieval_v1 --benches nli --units window3 --retrievers hybrid_rrf --splits validation
challenge/artifacts/experiments/retrieval/retrieval_v1/queries/nli/window3/rerank_mmarco/train.jsonl	1618714	a91d6c4c47cf9658f798a91e4140cc2c560139cf76e97c221d3629069f304c21	cd challenge && uv run python -m utils.retrieval_experiments run --config configs/retrieval_experiments.toml --run-name retrieval_v1 --benches nli --units window3 --retrievers rerank_mmarco --splits train
challenge/artifacts/experiments/retrieval/retrieval_v1/queries/nli/window3/rerank_mmarco/validation.jsonl	388336	723ae7fd4153db09c80a79781a93a4db8ac1365a95320f89ac4d18692e222982	cd challenge && uv run python -m utils.retrieval_experiments run --config configs/retrieval_experiments.toml --run-name retrieval_v1 --benches nli --units window3 --retrievers rerank_mmarco --splits validation
challenge/artifacts/experiments/retrieval/retrieval_v1/queries/nli/window3/serafim_335m/train.jsonl	1600803	a4bd2ced7615c52f90d9670b6b690a037fc6f0c7f98c1bdea994da3d6411db54	cd challenge && uv run python -m utils.retrieval_experiments run --config configs/retrieval_experiments.toml --run-name retrieval_v1 --benches nli --units window3 --retrievers serafim_335m --splits train
challenge/artifacts/experiments/retrieval/retrieval_v1/queries/nli/window3/serafim_335m/validation.jsonl	384087	5209fca67495b6d7b32ee4f4671278f89b87861a558623d2a98d6cb2e58b24c0	cd challenge && uv run python -m utils.retrieval_experiments run --config configs/retrieval_experiments.toml --run-name retrieval_v1 --benches nli --units window3 --retrievers serafim_335m --splits validation
challenge/artifacts/experiments/retrieval/retrieval_v1/queries/nli/window3/tfidf_char_hearing/train.jsonl	1614074	70371a093390ef75eda8e976df37067b9c52b5ee69a72609a8da4119e92fd1dc	cd challenge && uv run python -m utils.retrieval_experiments run --config configs/retrieval_experiments.toml --run-name retrieval_v1 --benches nli --units window3 --retrievers tfidf_char_hearing --splits train
challenge/artifacts/experiments/retrieval/retrieval_v1/queries/nli/window3/tfidf_char_hearing/validation.jsonl	387465	fa87f38b773f8131d0363234fa6f466218f9ee025839fd802f536da6b46c66a3	cd challenge && uv run python -m utils.retrieval_experiments run --config configs/retrieval_experiments.toml --run-name retrieval_v1 --benches nli --units window3 --retrievers tfidf_char_hearing --splits validation
challenge/artifacts/experiments/retrieval/retrieval_v1/queries/nli/window3/tfidf_char_speaker/train.jsonl	1613821	ffb0561a06930243587327d7082121828f88a127e2832820e2a3d0eaa68f2754	cd challenge && uv run python -m utils.retrieval_experiments run --config configs/retrieval_experiments.toml --run-name retrieval_v1 --benches nli --units window3 --retrievers tfidf_char_speaker --splits train
challenge/artifacts/experiments/retrieval/retrieval_v1/queries/nli/window3/tfidf_char_speaker/validation.jsonl	387408	3c71db4d2ba2db23e2bca7d49726954b431ba70ccfcec3a184c363ba6e9a0b30	cd challenge && uv run python -m utils.retrieval_experiments run --config configs/retrieval_experiments.toml --run-name retrieval_v1 --benches nli --units window3 --retrievers tfidf_char_speaker --splits validation
challenge/artifacts/experiments/retrieval/retrieval_v1/queries/nli/window3/tfidf_word_hearing/train.jsonl	1613565	b1a3579972499ab9d150271c4d3fefffc2574f4cf2bccbde51a11272c0cd7cd8	cd challenge && uv run python -m utils.retrieval_experiments run --config configs/retrieval_experiments.toml --run-name retrieval_v1 --benches nli --units window3 --retrievers tfidf_word_hearing --splits train
challenge/artifacts/experiments/retrieval/retrieval_v1/queries/nli/window3/tfidf_word_hearing/validation.jsonl	387245	607002dc3bcf0cdf228bf6a0315268446966f0fdf331990f3168f5f8b887742f	cd challenge && uv run python -m utils.retrieval_experiments run --config configs/retrieval_experiments.toml --run-name retrieval_v1 --benches nli --units window3 --retrievers tfidf_word_hearing --splits validation
challenge/artifacts/experiments/retrieval/retrieval_v1/queries/nli/window3/tfidf_word_speaker/train.jsonl	1613137	61e9c0bc6d386f1f81812c5776c6f056a90728e96c2b371c03d23f08b151a6d7	cd challenge && uv run python -m utils.retrieval_experiments run --config configs/retrieval_experiments.toml --run-name retrieval_v1 --benches nli --units window3 --retrievers tfidf_word_speaker --splits train
challenge/artifacts/experiments/retrieval/retrieval_v1/queries/nli/window3/tfidf_word_speaker/validation.jsonl	387280	e091b36dd51babefac316aaece054d9ab45d8116e367bdbc40634654668cedaa	cd challenge && uv run python -m utils.retrieval_experiments run --config configs/retrieval_experiments.toml --run-name retrieval_v1 --benches nli --units window3 --retrievers tfidf_word_speaker --splits validation
challenge/artifacts/experiments/retrieval/retrieval_v2/queries/masked_quotes/sentence/rerank_bge/train.jsonl	85444	837b157b66b578e735f8f9ee715e567e24740eb61aa36f4320475926eb001fc3	cd challenge && uv run python -m utils.retrieval_experiments run --config configs/retrieval_experiments.toml --run-name retrieval_v2 --benches masked_quotes --units sentence --retrievers rerank_bge --splits train
challenge/artifacts/experiments/retrieval/retrieval_v2/queries/masked_quotes/sentence/rerank_bge/validation.jsonl	24236	18ff862b71df2ef30e6207cb38c97d3568865e6f962e00292cb217f6fd92aac8	cd challenge && uv run python -m utils.retrieval_experiments run --config configs/retrieval_experiments.toml --run-name retrieval_v2 --benches masked_quotes --units sentence --retrievers rerank_bge --splits validation
challenge/artifacts/experiments/retrieval/retrieval_v2/queries/masked_quotes/sentence/rerank_laya_p3/train.jsonl	84894	26e07bd7d8bb83181ec4e58f1894be60894e04378df32318d2eea6cf880e4712	cd challenge && uv run python -m utils.retrieval_experiments run --config configs/retrieval_experiments.toml --run-name retrieval_v2 --benches masked_quotes --units sentence --retrievers rerank_laya_p3 --splits train
challenge/artifacts/experiments/retrieval/retrieval_v2/queries/masked_quotes/sentence/rerank_laya_p3/validation.jsonl	24050	d3c785f20d865391284695090c64b5e856a51cd2633e431917200b338f8d5ba8	cd challenge && uv run python -m utils.retrieval_experiments run --config configs/retrieval_experiments.toml --run-name retrieval_v2 --benches masked_quotes --units sentence --retrievers rerank_laya_p3 --splits validation
challenge/artifacts/experiments/retrieval/retrieval_v2/queries/masked_quotes/sentence/rerank_laya_p4/train.jsonl	84915	649115447e623ef964d258aa70601cf6afc77a50649cd8fbe7d10a7147135ab7	cd challenge && uv run python -m utils.retrieval_experiments run --config configs/retrieval_experiments.toml --run-name retrieval_v2 --benches masked_quotes --units sentence --retrievers rerank_laya_p4 --splits train
challenge/artifacts/experiments/retrieval/retrieval_v2/queries/masked_quotes/sentence/rerank_laya_p4/validation.jsonl	24068	75701062541a6bb519e8e65c4e8c28a963f68f055998ee6a2d576bd8179c299f	cd challenge && uv run python -m utils.retrieval_experiments run --config configs/retrieval_experiments.toml --run-name retrieval_v2 --benches masked_quotes --units sentence --retrievers rerank_laya_p4 --splits validation
challenge/artifacts/experiments/retrieval/retrieval_v2/queries/masked_quotes/sentence/rerank_mmarco/train.jsonl	85996	571db57ade2eadbf61e38747ca7e68828e82096a6bbef8e61816a7861af50197	cd challenge && uv run python -m utils.retrieval_experiments run --config configs/retrieval_experiments.toml --run-name retrieval_v2 --benches masked_quotes --units sentence --retrievers rerank_mmarco --splits train
challenge/artifacts/experiments/retrieval/retrieval_v2/queries/masked_quotes/sentence/rerank_mmarco/validation.jsonl	24363	81f87e4daa62ce55151f3463679ed2161650b01ee4072f98ca0868151b71640a	cd challenge && uv run python -m utils.retrieval_experiments run --config configs/retrieval_experiments.toml --run-name retrieval_v2 --benches masked_quotes --units sentence --retrievers rerank_mmarco --splits validation
challenge/artifacts/experiments/retrieval/retrieval_v2/queries/masked_quotes/sentence/serafim_335m/train.jsonl	84624	3921216967186e83f4a47c42c7587030fac567033592152cb7eb7afe9f5e3ae6	cd challenge && uv run python -m utils.retrieval_experiments run --config configs/retrieval_experiments.toml --run-name retrieval_v2 --benches masked_quotes --units sentence --retrievers serafim_335m --splits train
challenge/artifacts/experiments/retrieval/retrieval_v2/queries/masked_quotes/sentence/serafim_335m/validation.jsonl	23980	a2e1e41a7b9c7067986ce0f56adab9ec9c116758d71ed3ca4d5baa89d5fa2f58	cd challenge && uv run python -m utils.retrieval_experiments run --config configs/retrieval_experiments.toml --run-name retrieval_v2 --benches masked_quotes --units sentence --retrievers serafim_335m --splits validation
challenge/artifacts/experiments/retrieval/retrieval_v2/queries/nli/sentence/rerank_bge/train.jsonl	1532976	c70504757108f7460a58a4c10ee37f03dec6012e8b3dd5fa8f5c7833bf5247bb	cd challenge && uv run python -m utils.retrieval_experiments run --config configs/retrieval_experiments.toml --run-name retrieval_v2 --benches nli --units sentence --retrievers rerank_bge --splits train
challenge/artifacts/experiments/retrieval/retrieval_v2/queries/nli/sentence/rerank_bge/validation.jsonl	368274	f82d127259d875a8ef1e0b213430ba682fefba2b14aafde2a202d817638e1c0b	cd challenge && uv run python -m utils.retrieval_experiments run --config configs/retrieval_experiments.toml --run-name retrieval_v2 --benches nli --units sentence --retrievers rerank_bge --splits validation
challenge/artifacts/experiments/retrieval/retrieval_v2/queries/nli/sentence/rerank_laya_p3/train.jsonl	1524046	bbaf14d913f8017628300f58f3d8193b150ddc65fb34b441c399fce6c1190839	cd challenge && uv run python -m utils.retrieval_experiments run --config configs/retrieval_experiments.toml --run-name retrieval_v2 --benches nli --units sentence --retrievers rerank_laya_p3 --splits train
challenge/artifacts/experiments/retrieval/retrieval_v2/queries/nli/sentence/rerank_laya_p3/validation.jsonl	366115	be9486546c0c6bd56787265fa0ceb92f7d62b74f6d605d4fd2a07e0c54e02d99	cd challenge && uv run python -m utils.retrieval_experiments run --config configs/retrieval_experiments.toml --run-name retrieval_v2 --benches nli --units sentence --retrievers rerank_laya_p3 --splits validation
challenge/artifacts/experiments/retrieval/retrieval_v2/queries/nli/sentence/rerank_laya_p4/train.jsonl	1524033	7b65d80f2f9ec0b89d01270fbb1d5506344fba65188d382a04d212dc8eaa30fc	cd challenge && uv run python -m utils.retrieval_experiments run --config configs/retrieval_experiments.toml --run-name retrieval_v2 --benches nli --units sentence --retrievers rerank_laya_p4 --splits train
challenge/artifacts/experiments/retrieval/retrieval_v2/queries/nli/sentence/rerank_laya_p4/validation.jsonl	366129	1ded873a8d97d0f0fcfe5fdd02dfab536a3dad935414c10ddd72b66364dbf40c	cd challenge && uv run python -m utils.retrieval_experiments run --config configs/retrieval_experiments.toml --run-name retrieval_v2 --benches nli --units sentence --retrievers rerank_laya_p4 --splits validation
challenge/artifacts/experiments/retrieval/retrieval_v2/queries/nli/sentence/rerank_mmarco/train.jsonl	1542766	a95a5fe98bf5ccf676f0a83dd1b92e9e989754fbeb1c5e7d0f7e6065e8cc6b83	cd challenge && uv run python -m utils.retrieval_experiments run --config configs/retrieval_experiments.toml --run-name retrieval_v2 --benches nli --units sentence --retrievers rerank_mmarco --splits train
challenge/artifacts/experiments/retrieval/retrieval_v2/queries/nli/sentence/rerank_mmarco/validation.jsonl	370488	f402aa0bd759405b6769fd6ac17fcd8bb4a7e8359f2c6e6a0bd3b6f6ab0ae7a7	cd challenge && uv run python -m utils.retrieval_experiments run --config configs/retrieval_experiments.toml --run-name retrieval_v2 --benches nli --units sentence --retrievers rerank_mmarco --splits validation
challenge/artifacts/experiments/retrieval/retrieval_v2/queries/nli/sentence/serafim_335m/train.jsonl	1518369	eb4109dedce873968060275f575ecb33775487fcf3af8a95230c080fb4507187	cd challenge && uv run python -m utils.retrieval_experiments run --config configs/retrieval_experiments.toml --run-name retrieval_v2 --benches nli --units sentence --retrievers serafim_335m --splits train
challenge/artifacts/experiments/retrieval/retrieval_v2/queries/nli/sentence/serafim_335m/validation.jsonl	364681	307d7a71483e929ea79134779525e4f89544f0b05394c99faefd7874c30cb3f0	cd challenge && uv run python -m utils.retrieval_experiments run --config configs/retrieval_experiments.toml --run-name retrieval_v2 --benches nli --units sentence --retrievers serafim_335m --splits validation
