candidate,kind,scorer,components,component_count,pool,cv_roc_auc_mean,cv_roc_auc_se,cv_roc_auc_min,cv_roc_auc_max,cv_kappa_mean,cv_kappa_se
laya_en_en:learned_cross_model_with_pt,learned,laya_en_en,,53,learned,0.8657,0.011,0.8293,0.9143,0.4465,0.0282
laya_en_en_m2m100:learned_cross_model,learned,laya_en_en_m2m100,,29,learned,0.8558,0.011,0.8212,0.9085,0.4362,0.0225
laya_en_en:learned_cross_model,learned,laya_en_en,,29,learned,0.8551,0.0106,0.8232,0.903,0.4214,0.0251
laya_multi_pt:learned_cross_model,learned,laya_multi_pt,,29,learned,0.8506,0.0134,0.8022,0.8997,0.4305,0.0254
laya_en_en:learned,learned,laya_en_en,,24,learned,0.8266,0.0093,0.7896,0.8688,0.3685,0.0267
laya_en_en_m2m100:learned,learned,laya_en_en_m2m100,,24,learned,0.8247,0.012,0.7728,0.8906,0.4061,0.0287
laya_en_en:panel[nli_order_mean+p3_inferable]:max,panel,laya_en_en,nli_order_mean+p3_inferable,2,max,0.8188,0.0105,0.7772,0.8669,0.3496,0.025
laya_en_en:panel[nli_order_mean+p3_inferable+p4_supports+position_order_mean]:max,panel,laya_en_en,nli_order_mean+p3_inferable+p4_supports+position_order_mean,4,max,0.8185,0.0106,0.7732,0.8704,0.3276,0.0208
laya_en_en:panel[nli_order_mean+p4_supports]:max,panel,laya_en_en,nli_order_mean+p4_supports,2,max,0.8181,0.0106,0.7755,0.8683,0.3451,0.0249
laya_en_en:panel[nli_order_mean+p3_inferable+p4_supports]:max,panel,laya_en_en,nli_order_mean+p3_inferable+p4_supports,3,max,0.818,0.0107,0.7752,0.8668,0.356,0.0254
laya_en_en:nli_order_mean:max,signal,laya_en_en,nli_order_mean,1,max,0.8179,0.0103,0.7753,0.8676,0.335,0.0232
laya_en_en:p2_nli_reversed:max,signal,laya_en_en,p2_nli_reversed,1,max,0.8179,0.0103,0.7773,0.8678,0.3315,0.0232
laya_en_en:p1_nli:max,signal,laya_en_en,p1_nli,1,max,0.8177,0.0101,0.7737,0.8672,0.3371,0.0236
laya_en_en:panel[nli_order_mean+p3_inferable+position_order_mean]:max,panel,laya_en_en,nli_order_mean+p3_inferable+position_order_mean,3,max,0.8176,0.0104,0.7713,0.8688,0.3214,0.021
laya_en_en:panel[nli_order_mean+p4_supports+position_order_mean]:max,panel,laya_en_en,nli_order_mean+p4_supports+position_order_mean,3,max,0.8173,0.0104,0.7711,0.8701,0.3227,0.0193
laya_en_en:p3_inferable:max,signal,laya_en_en,p3_inferable,1,max,0.8166,0.0111,0.7747,0.8645,0.3384,0.023
laya_en_en:panel[p3_inferable+p4_supports+position_order_mean]:max,panel,laya_en_en,p3_inferable+p4_supports+position_order_mean,3,max,0.8164,0.0109,0.7702,0.8691,0.3314,0.0222
laya_en_en:panel[p3_inferable+p4_supports]:max,panel,laya_en_en,p3_inferable+p4_supports,2,max,0.816,0.0111,0.7743,0.866,0.3522,0.0246
laya_en_en:panel[nli_order_mean+p3_inferable+p4_supports+p8_similarity]:max,panel,laya_en_en,nli_order_mean+p3_inferable+p4_supports+p8_similarity,4,max,0.8159,0.0109,0.7703,0.867,0.3277,0.0225
laya_en_en:panel[nli_order_mean+p3_inferable+p4_supports+position_order_mean+p8_similarity]:max,panel,laya_en_en,nli_order_mean+p3_inferable+p4_supports+position_order_mean+p8_similarity,5,max,0.8149,0.0108,0.767,0.868,0.3321,0.021
laya_en_en:panel[nli_order_mean+position_order_mean]:max,panel,laya_en_en,nli_order_mean+position_order_mean,2,max,0.8147,0.0101,0.766,0.8668,0.3183,0.0172
laya_en_en_m2m100:nli_order_mean:max,signal,laya_en_en_m2m100,nli_order_mean,1,max,0.8147,0.0124,0.7565,0.878,0.3365,0.0199
laya_en_en:p4_supports:max,signal,laya_en_en,p4_supports,1,max,0.8146,0.0113,0.7718,0.8674,0.3488,0.0246
laya_en_en_m2m100:p2_nli_reversed:max,signal,laya_en_en_m2m100,p2_nli_reversed,1,max,0.8146,0.0124,0.7574,0.8778,0.3384,0.0201
laya_en_en_m2m100:p1_nli:max,signal,laya_en_en_m2m100,p1_nli,1,max,0.8144,0.0125,0.7554,0.8793,0.3449,0.024
laya_en_en:panel[p3_inferable+position_order_mean]:max,panel,laya_en_en,p3_inferable+position_order_mean,2,max,0.8143,0.0108,0.7648,0.8654,0.3242,0.0204
laya_en_en:panel[nli_order_mean+p3_inferable+p8_similarity]:max,panel,laya_en_en,nli_order_mean+p3_inferable+p8_similarity,3,max,0.8142,0.0108,0.7682,0.8659,0.3362,0.0214
laya_en_en_m2m100:panel[nli_order_mean+p4_supports+position_order_mean]:max,panel,laya_en_en_m2m100,nli_order_mean+p4_supports+position_order_mean,3,max,0.8139,0.0126,0.7612,0.8785,0.3388,0.0236
laya_en_en_m2m100:panel[nli_order_mean+p4_supports]:max,panel,laya_en_en_m2m100,nli_order_mean+p4_supports,2,max,0.8139,0.0124,0.7573,0.877,0.3353,0.025
laya_en_en:panel[nli_order_mean+p4_supports]:noisy_or,panel,laya_en_en,nli_order_mean+p4_supports,2,noisy_or,0.8138,0.0119,0.7692,0.8729,0.3447,0.0258
laya_en_en:panel[p4_supports+position_order_mean]:max,panel,laya_en_en,p4_supports+position_order_mean,2,max,0.8137,0.0108,0.764,0.8676,0.3196,0.0192
laya_en_en_m2m100:panel[nli_order_mean+p3_inferable+p4_supports+position_order_mean]:max,panel,laya_en_en_m2m100,nli_order_mean+p3_inferable+p4_supports+position_order_mean,4,max,0.8137,0.0126,0.7601,0.8771,0.3252,0.0205
laya_en_en:panel[nli_order_mean+p3_inferable+p4_supports]:noisy_or,panel,laya_en_en,nli_order_mean+p3_inferable+p4_supports,3,noisy_or,0.8137,0.0121,0.7692,0.8721,0.3361,0.025
laya_en_en:panel[nli_order_mean+p4_supports+p8_similarity]:max,panel,laya_en_en,nli_order_mean+p4_supports+p8_similarity,3,max,0.8137,0.0109,0.7666,0.8674,0.3433,0.0234
laya_en_en:panel[nli_order_mean+p3_inferable]:noisy_or,panel,laya_en_en,nli_order_mean+p3_inferable,2,noisy_or,0.8135,0.012,0.7679,0.872,0.3502,0.0232
laya_en_en:panel[nli_order_mean+p3_inferable+position_order_mean+p8_similarity]:max,panel,laya_en_en,nli_order_mean+p3_inferable+position_order_mean+p8_similarity,4,max,0.8133,0.0107,0.7654,0.8664,0.3254,0.0197
laya_en_en_m2m100:panel[nli_order_mean+p3_inferable]:max,panel,laya_en_en_m2m100,nli_order_mean+p3_inferable,2,max,0.8133,0.0127,0.7556,0.8777,0.3273,0.0222
laya_en_en:panel[p3_inferable+p4_supports+p8_similarity]:max,panel,laya_en_en,p3_inferable+p4_supports+p8_similarity,3,max,0.8132,0.0114,0.7662,0.8665,0.3294,0.0227
laya_en_en_m2m100:panel[nli_order_mean+p3_inferable+position_order_mean]:max,panel,laya_en_en_m2m100,nli_order_mean+p3_inferable+position_order_mean,3,max,0.8132,0.0126,0.7593,0.8779,0.3336,0.0224
laya_en_en:panel[nli_order_mean+p3_inferable+p4_supports+position_order_mean]:noisy_or,panel,laya_en_en,nli_order_mean+p3_inferable+p4_supports+position_order_mean,4,noisy_or,0.8131,0.0118,0.7645,0.8717,0.3289,0.0213
laya_en_en:panel[nli_order_mean+p4_supports+position_order_mean+p8_similarity]:max,panel,laya_en_en,nli_order_mean+p4_supports+position_order_mean+p8_similarity,4,max,0.8129,0.0107,0.7652,0.8671,0.3141,0.02
laya_en_en_m2m100:panel[nli_order_mean+p3_inferable+p4_supports]:max,panel,laya_en_en_m2m100,nli_order_mean+p3_inferable+p4_supports,3,max,0.8128,0.0127,0.7558,0.8763,0.3231,0.0225
laya_en_en:panel[nli_order_mean+p3_inferable+p4_supports+p7_coverage]:max,panel,laya_en_en,nli_order_mean+p3_inferable+p4_supports+p7_coverage,4,max,0.8127,0.0105,0.7701,0.863,0.3353,0.0236
laya_en_en:panel[nli_order_mean+p3_inferable+p4_supports+position_order_mean+p7_coverage]:max,panel,laya_en_en,nli_order_mean+p3_inferable+p4_supports+position_order_mean+p7_coverage,5,max,0.8126,0.0106,0.7668,0.8649,0.3294,0.0235
laya_en_en:panel[p3_inferable+p4_supports+position_order_mean+p8_similarity]:max,panel,laya_en_en,p3_inferable+p4_supports+position_order_mean+p8_similarity,4,max,0.8126,0.0112,0.7623,0.8669,0.3325,0.0222
laya_en_en:p1_nli:noisy_or,signal,laya_en_en,p1_nli,1,noisy_or,0.8126,0.0113,0.7655,0.8699,0.3467,0.0193
laya_en_en:nli_order_mean:noisy_or,signal,laya_en_en,nli_order_mean,1,noisy_or,0.8125,0.0113,0.7674,0.87,0.3436,0.0235
laya_en_en_m2m100:panel[nli_order_mean+position_order_mean]:max,panel,laya_en_en_m2m100,nli_order_mean+position_order_mean,2,max,0.8122,0.0128,0.7582,0.8791,0.3446,0.0239
laya_en_en:panel[p3_inferable+p4_supports]:noisy_or,panel,laya_en_en,p3_inferable+p4_supports,2,noisy_or,0.8121,0.0125,0.769,0.871,0.3352,0.0231
laya_en_en_m2m100:panel[nli_order_mean+p3_inferable+p4_supports+p8_similarity]:max,panel,laya_en_en_m2m100,nli_order_mean+p3_inferable+p4_supports+p8_similarity,4,max,0.812,0.0127,0.7567,0.8754,0.3379,0.0214
laya_en_en:p2_nli_reversed:noisy_or,signal,laya_en_en,p2_nli_reversed,1,noisy_or,0.812,0.0115,0.7683,0.8702,0.3468,0.024
laya_en_en:p4_supports:noisy_or,signal,laya_en_en,p4_supports,1,noisy_or,0.8118,0.0124,0.7692,0.8707,0.3367,0.0241
laya_en_en:panel[nli_order_mean+p4_supports+position_order_mean]:noisy_or,panel,laya_en_en,nli_order_mean+p4_supports+position_order_mean,3,noisy_or,0.8117,0.0115,0.7628,0.8696,0.3339,0.0185
laya_en_en_m2m100:panel[nli_order_mean+p3_inferable+p4_supports+position_order_mean+p8_similarity]:max,panel,laya_en_en_m2m100,nli_order_mean+p3_inferable+p4_supports+position_order_mean+p8_similarity,5,max,0.8116,0.0126,0.7589,0.8756,0.3431,0.0241
laya_en_en:p3_inferable:noisy_or,signal,laya_en_en,p3_inferable,1,noisy_or,0.8116,0.0126,0.7668,0.8705,0.3494,0.0209
laya_en_en_m2m100:panel[nli_order_mean+p4_supports+p8_similarity]:max,panel,laya_en_en_m2m100,nli_order_mean+p4_supports+p8_similarity,3,max,0.8115,0.0126,0.7588,0.8747,0.3375,0.0223
laya_en_en:panel[nli_order_mean+p3_inferable+position_order_mean]:noisy_or,panel,laya_en_en,nli_order_mean+p3_inferable+position_order_mean,3,noisy_or,0.8114,0.0116,0.761,0.8694,0.3388,0.02
laya_en_en_m2m100:panel[nli_order_mean+p3_inferable+p8_similarity]:max,panel,laya_en_en_m2m100,nli_order_mean+p3_inferable+p8_similarity,3,max,0.8112,0.0128,0.7573,0.8756,0.3332,0.026
laya_en_en_m2m100:panel[nli_order_mean+p4_supports+position_order_mean+p8_similarity]:max,panel,laya_en_en_m2m100,nli_order_mean+p4_supports+position_order_mean+p8_similarity,4,max,0.8111,0.0126,0.76,0.8764,0.3551,0.0249
laya_en_en:panel[nli_order_mean+p3_inferable+p4_supports+p7_coverage+p8_similarity]:max,panel,laya_en_en,nli_order_mean+p3_inferable+p4_supports+p7_coverage+p8_similarity,5,max,0.811,0.0109,0.7655,0.8642,0.3421,0.0235
laya_en_en_m2m100:panel[p3_inferable+p4_supports+position_order_mean]:max,panel,laya_en_en_m2m100,p3_inferable+p4_supports+position_order_mean,3,max,0.8108,0.0125,0.7573,0.8734,0.3311,0.0239
laya_en_en:panel[nli_order_mean+p3_inferable+p4_supports+position_order_mean+p7_coverage+p8_similarity]:max,panel,laya_en_en,nli_order_mean+p3_inferable+p4_supports+position_order_mean+p7_coverage+p8_similarity,6,max,0.8107,0.0109,0.763,0.8641,0.3267,0.0227
laya_en_en:panel[nli_order_mean+p3_inferable+p7_coverage]:max,panel,laya_en_en,nli_order_mean+p3_inferable+p7_coverage,3,max,0.8107,0.0104,0.7681,0.8614,0.3286,0.0204
laya_en_en_m2m100:panel[nli_order_mean+p3_inferable+position_order_mean+p8_similarity]:max,panel,laya_en_en_m2m100,nli_order_mean+p3_inferable+position_order_mean+p8_similarity,4,max,0.8106,0.0127,0.7585,0.8763,0.3423,0.0249
laya_en_en:panel[nli_order_mean+p3_inferable+position_order_mean+p7_coverage]:max,panel,laya_en_en,nli_order_mean+p3_inferable+position_order_mean+p7_coverage,4,max,0.8105,0.0105,0.7646,0.8628,0.3263,0.0201
laya_en_en:panel[nli_order_mean+p3_inferable+p4_supports+p8_similarity]:noisy_or,panel,laya_en_en,nli_order_mean+p3_inferable+p4_supports+p8_similarity,4,noisy_or,0.8103,0.0123,0.7623,0.8736,0.3443,0.0218
laya_en_en:panel[p3_inferable+p8_similarity]:max,panel,laya_en_en,p3_inferable+p8_similarity,2,max,0.8103,0.0115,0.7612,0.8646,0.327,0.021
laya_en_en:panel[nli_order_mean+p4_supports+p7_coverage]:max,panel,laya_en_en,nli_order_mean+p4_supports+p7_coverage,3,max,0.8102,0.0105,0.7668,0.8624,0.3425,0.0229
laya_en_en:panel[p3_inferable+p4_supports+position_order_mean]:noisy_or,panel,laya_en_en,p3_inferable+p4_supports+position_order_mean,3,noisy_or,0.8101,0.0122,0.7608,0.8692,0.328,0.0209
laya_en_en:panel[nli_order_mean+p4_supports+position_order_mean+p7_coverage]:max,panel,laya_en_en,nli_order_mean+p4_supports+position_order_mean+p7_coverage,4,max,0.8101,0.0105,0.7639,0.8636,0.3151,0.0206
laya_en_en_m2m100:panel[p3_inferable+p4_supports]:max,panel,laya_en_en_m2m100,p3_inferable+p4_supports,2,max,0.8098,0.0126,0.7545,0.8699,0.3265,0.0253
laya_en_en:panel[p3_inferable+position_order_mean+p8_similarity]:max,panel,laya_en_en,p3_inferable+position_order_mean+p8_similarity,3,max,0.8097,0.0112,0.7568,0.8634,0.3207,0.0213
laya_en_en_m2m100:p4_supports:max,signal,laya_en_en_m2m100,p4_supports,1,max,0.8095,0.0126,0.755,0.8704,0.3221,0.0241
laya_en_en:panel[nli_order_mean+p8_similarity]:max,panel,laya_en_en,nli_order_mean+p8_similarity,2,max,0.8095,0.011,0.7617,0.8658,0.3344,0.0239
laya_en_en:panel[p3_inferable+p4_supports+position_order_mean+p7_coverage]:max,panel,laya_en_en,p3_inferable+p4_supports+position_order_mean+p7_coverage,4,max,0.8094,0.011,0.7613,0.8634,0.3412,0.0213
laya_en_en:panel[nli_order_mean+position_order_mean+p8_similarity]:max,panel,laya_en_en,nli_order_mean+position_order_mean+p8_similarity,3,max,0.8094,0.0105,0.7601,0.8634,0.3301,0.0208
laya_en_en_m2m100:p3_inferable:max,signal,laya_en_en_m2m100,p3_inferable,1,max,0.8094,0.0128,0.7533,0.8713,0.3316,0.0266
laya_en_en_m2m100:panel[p4_supports+position_order_mean]:max,panel,laya_en_en_m2m100,p4_supports+position_order_mean,2,max,0.8094,0.0126,0.7555,0.8737,0.3524,0.0278
laya_en_en:panel[p3_inferable+p4_supports+p7_coverage]:max,panel,laya_en_en,p3_inferable+p4_supports+p7_coverage,3,max,0.8092,0.0109,0.7652,0.861,0.3328,0.0233
laya_en_en:panel[p4_supports+p8_similarity]:max,panel,laya_en_en,p4_supports+p8_similarity,2,max,0.8091,0.0115,0.7585,0.8652,0.3217,0.0209
laya_en_en:panel[p4_supports+position_order_mean+p8_similarity]:max,panel,laya_en_en,p4_supports+position_order_mean+p8_similarity,3,max,0.809,0.0112,0.7558,0.865,0.3219,0.0207
laya_en_en_m2m100:panel[nli_order_mean+position_order_mean+p8_similarity]:max,panel,laya_en_en_m2m100,nli_order_mean+position_order_mean+p8_similarity,3,max,0.8088,0.0129,0.7579,0.8749,0.3439,0.0276
laya_en_en:panel[nli_order_mean+p3_inferable+p7_coverage+p8_similarity]:max,panel,laya_en_en,nli_order_mean+p3_inferable+p7_coverage+p8_similarity,4,max,0.8087,0.0108,0.7625,0.862,0.32,0.0209
laya_en_en_m2m100:panel[p3_inferable+p4_supports+position_order_mean+p8_similarity]:max,panel,laya_en_en_m2m100,p3_inferable+p4_supports+position_order_mean+p8_similarity,4,max,0.8087,0.0126,0.7569,0.8721,0.3336,0.0237
laya_en_en_m2m100:panel[p3_inferable+p4_supports+p8_similarity]:max,panel,laya_en_en_m2m100,p3_inferable+p4_supports+p8_similarity,3,max,0.8087,0.0127,0.7571,0.8694,0.3294,0.0242
laya_en_en:panel[nli_order_mean+p3_inferable+position_order_mean+p7_coverage+p8_similarity]:max,panel,laya_en_en,nli_order_mean+p3_inferable+position_order_mean+p7_coverage+p8_similarity,5,max,0.8086,0.0107,0.7609,0.862,0.3195,0.0206
laya_en_en_m2m100:panel[p3_inferable+position_order_mean]:max,panel,laya_en_en_m2m100,p3_inferable+position_order_mean,2,max,0.8086,0.0126,0.7532,0.8729,0.3538,0.0271
laya_en_en_m2m100:panel[nli_order_mean+p8_similarity]:max,panel,laya_en_en_m2m100,nli_order_mean+p8_similarity,2,max,0.8085,0.0127,0.759,0.8732,0.3278,0.0223
laya_en_en_m2m100:panel[nli_order_mean+p3_inferable+p4_supports+position_order_mean+p7_coverage]:max,panel,laya_en_en_m2m100,nli_order_mean+p3_inferable+p4_supports+position_order_mean+p7_coverage,5,max,0.8085,0.0124,0.7539,0.8712,0.3341,0.0227
laya_en_en:panel[nli_order_mean+p4_supports+p7_coverage+p8_similarity]:max,panel,laya_en_en,nli_order_mean+p4_supports+p7_coverage+p8_similarity,4,max,0.8083,0.0107,0.7618,0.8625,0.3274,0.0206
laya_en_en:panel[nli_order_mean+p4_supports+position_order_mean+p7_coverage+p8_similarity]:max,panel,laya_en_en,nli_order_mean+p4_supports+position_order_mean+p7_coverage+p8_similarity,5,max,0.8083,0.0108,0.7598,0.8632,0.3168,0.019
laya_en_en:panel[nli_order_mean+p3_inferable+p4_supports+position_order_mean+p8_similarity]:noisy_or,panel,laya_en_en,nli_order_mean+p3_inferable+p4_supports+position_order_mean+p8_similarity,5,noisy_or,0.8081,0.0121,0.7556,0.8695,0.341,0.0223
laya_en_en_m2m100:panel[nli_order_mean+p3_inferable+p4_supports+p7_coverage]:max,panel,laya_en_en_m2m100,nli_order_mean+p3_inferable+p4_supports+p7_coverage,4,max,0.808,0.0124,0.7518,0.8701,0.3275,0.021
laya_en_en:panel[p3_inferable+p4_supports+position_order_mean+p7_coverage+p8_similarity]:max,panel,laya_en_en,p3_inferable+p4_supports+position_order_mean+p7_coverage+p8_similarity,5,max,0.808,0.0112,0.7581,0.8629,0.3232,0.0216
laya_en_en:panel[nli_order_mean+p4_supports+p8_similarity]:noisy_or,panel,laya_en_en,nli_order_mean+p4_supports+p8_similarity,3,noisy_or,0.808,0.0121,0.7587,0.8729,0.3449,0.0212
laya_en_en:panel[nli_order_mean+p3_inferable+p4_supports+p7_coverage]:noisy_or,panel,laya_en_en,nli_order_mean+p3_inferable+p4_supports+p7_coverage,4,noisy_or,0.808,0.0121,0.7609,0.8704,0.3407,0.022
laya_en_en:panel[nli_order_mean+p3_inferable+p8_similarity]:noisy_or,panel,laya_en_en,nli_order_mean+p3_inferable+p8_similarity,3,noisy_or,0.8079,0.0123,0.7572,0.8726,0.3548,0.0228
laya_en_en:panel[p3_inferable+p4_supports+p7_coverage+p8_similarity]:max,panel,laya_en_en,p3_inferable+p4_supports+p7_coverage+p8_similarity,4,max,0.8074,0.0112,0.76,0.8614,0.3359,0.0215
laya_en_en_m2m100:panel[nli_order_mean+p4_supports+position_order_mean+p7_coverage]:max,panel,laya_en_en_m2m100,nli_order_mean+p4_supports+position_order_mean+p7_coverage,4,max,0.8071,0.0124,0.7549,0.8712,0.3397,0.0231
laya_en_en:panel[nli_order_mean+position_order_mean]:noisy_or,panel,laya_en_en,nli_order_mean+position_order_mean,2,noisy_or,0.8069,0.0111,0.755,0.8631,0.3233,0.0169
laya_en_en_m2m100:panel[nli_order_mean+p3_inferable+p4_supports+position_order_mean+p7_coverage+p8_similarity]:max,panel,laya_en_en_m2m100,nli_order_mean+p3_inferable+p4_supports+position_order_mean+p7_coverage+p8_similarity,6,max,0.8068,0.0125,0.7539,0.8703,0.3279,0.0222
laya_en_en_m2m100:panel[p4_supports+position_order_mean+p8_similarity]:max,panel,laya_en_en_m2m100,p4_supports+position_order_mean+p8_similarity,3,max,0.8068,0.0126,0.7565,0.8709,0.3489,0.0261
laya_en_en_m2m100:panel[nli_order_mean+p3_inferable+position_order_mean+p7_coverage]:max,panel,laya_en_en_m2m100,nli_order_mean+p3_inferable+position_order_mean+p7_coverage,4,max,0.8066,0.0125,0.7532,0.8709,0.349,0.0261
laya_en_en:panel[p3_inferable+p4_supports+p8_similarity]:noisy_or,panel,laya_en_en,p3_inferable+p4_supports+p8_similarity,3,noisy_or,0.8065,0.0126,0.7581,0.8708,0.3422,0.0207
laya_en_en:panel[p4_supports+position_order_mean]:noisy_or,panel,laya_en_en,p4_supports+position_order_mean,2,noisy_or,0.8064,0.0118,0.7545,0.8641,0.3331,0.0197
laya_en_en_m2m100:panel[nli_order_mean+p3_inferable+p4_supports+p7_coverage+p8_similarity]:max,panel,laya_en_en_m2m100,nli_order_mean+p3_inferable+p4_supports+p7_coverage+p8_similarity,5,max,0.8062,0.0126,0.7528,0.869,0.3349,0.0207
laya_en_en_m2m100:panel[nli_order_mean+p4_supports+p7_coverage]:max,panel,laya_en_en_m2m100,nli_order_mean+p4_supports+p7_coverage,3,max,0.8062,0.0123,0.7519,0.8678,0.3299,0.0209
laya_en_en_m2m100:panel[p3_inferable+p8_similarity]:max,panel,laya_en_en_m2m100,p3_inferable+p8_similarity,2,max,0.8062,0.0128,0.7559,0.8678,0.3358,0.0225
laya_en_en:panel[nli_order_mean+p3_inferable+p4_supports+position_order_mean+p7_coverage]:noisy_or,panel,laya_en_en,nli_order_mean+p3_inferable+p4_supports+position_order_mean+p7_coverage,5,noisy_or,0.8062,0.0119,0.7557,0.8671,0.3592,0.0202
laya_en_en:panel[p3_inferable+position_order_mean]:noisy_or,panel,laya_en_en,p3_inferable+position_order_mean,2,noisy_or,0.8061,0.012,0.7513,0.8625,0.3409,0.0219
laya_en_en_m2m100:panel[p4_supports+p8_similarity]:max,panel,laya_en_en_m2m100,p4_supports+p8_similarity,2,max,0.8061,0.0126,0.7568,0.8671,0.3299,0.0243
laya_en_en:panel[nli_order_mean+position_order_mean+p7_coverage]:max,panel,laya_en_en,nli_order_mean+position_order_mean+p7_coverage,3,max,0.8061,0.0105,0.7584,0.8608,0.3367,0.0218
laya_en_en_m2m100:panel[nli_order_mean+p3_inferable+p7_coverage]:max,panel,laya_en_en_m2m100,nli_order_mean+p3_inferable+p7_coverage,3,max,0.8061,0.0124,0.7515,0.8679,0.3352,0.0214
laya_en_en_m2m100:panel[p3_inferable+position_order_mean+p8_similarity]:max,panel,laya_en_en_m2m100,p3_inferable+position_order_mean+p8_similarity,3,max,0.806,0.0127,0.7544,0.8705,0.3518,0.0255
laya_en_en_m2m100:panel[nli_order_mean+p4_supports]:noisy_or,panel,laya_en_en_m2m100,nli_order_mean+p4_supports,2,noisy_or,0.8059,0.0141,0.7484,0.878,0.3442,0.0259
laya_en_en:panel[p3_inferable+position_order_mean+p7_coverage]:max,panel,laya_en_en,p3_inferable+position_order_mean+p7_coverage,3,max,0.8058,0.011,0.7563,0.8592,0.3249,0.0208
laya_en_en_m2m100:panel[nli_order_mean+p3_inferable+p4_supports]:noisy_or,panel,laya_en_en_m2m100,nli_order_mean+p3_inferable+p4_supports,3,noisy_or,0.8054,0.0141,0.748,0.8769,0.3531,0.0257
laya_en_en_m2m100:panel[nli_order_mean+p4_supports+position_order_mean+p7_coverage+p8_similarity]:max,panel,laya_en_en_m2m100,nli_order_mean+p4_supports+position_order_mean+p7_coverage+p8_similarity,5,max,0.8054,0.0124,0.7548,0.8691,0.356,0.026
laya_en_en:panel[nli_order_mean+p4_supports+position_order_mean+p8_similarity]:noisy_or,panel,laya_en_en,nli_order_mean+p4_supports+position_order_mean+p8_similarity,4,noisy_or,0.8054,0.0118,0.7524,0.866,0.3388,0.0208
laya_en_en_m2m100:p1_nli:noisy_or,signal,laya_en_en_m2m100,p1_nli,1,noisy_or,0.8054,0.0139,0.7469,0.878,0.3509,0.0239
laya_en_en_m2m100:panel[nli_order_mean+p3_inferable]:noisy_or,panel,laya_en_en_m2m100,nli_order_mean+p3_inferable,2,noisy_or,0.8054,0.0141,0.7479,0.8769,0.3513,0.0285
laya_en_en:panel[nli_order_mean+p3_inferable+position_order_mean+p8_similarity]:noisy_or,panel,laya_en_en,nli_order_mean+p3_inferable+position_order_mean+p8_similarity,4,noisy_or,0.8053,0.012,0.7514,0.8661,0.3483,0.0213
laya_en_en_m2m100:nli_order_mean:noisy_or,signal,laya_en_en_m2m100,nli_order_mean,1,noisy_or,0.8053,0.0139,0.7483,0.878,0.3368,0.0225
laya_multi_pt:learned,learned,laya_multi_pt,,24,learned,0.8052,0.0142,0.7443,0.8591,0.3523,0.0194
laya_en_en_m2m100:panel[nli_order_mean+p3_inferable+p4_supports+position_order_mean]:noisy_or,panel,laya_en_en_m2m100,nli_order_mean+p3_inferable+p4_supports+position_order_mean,4,noisy_or,0.8051,0.0138,0.7499,0.8771,0.3428,0.0224
laya_en_en_m2m100:panel[nli_order_mean+p3_inferable+position_order_mean+p7_coverage+p8_similarity]:max,panel,laya_en_en_m2m100,nli_order_mean+p3_inferable+position_order_mean+p7_coverage+p8_similarity,5,max,0.8051,0.0126,0.754,0.8691,0.3503,0.0257
laya_en_en:panel[p4_supports+position_order_mean+p7_coverage]:max,panel,laya_en_en,p4_supports+position_order_mean+p7_coverage,3,max,0.8051,0.0111,0.7547,0.8605,0.3272,0.0198
laya_en_en_m2m100:p2_nli_reversed:noisy_or,signal,laya_en_en_m2m100,p2_nli_reversed,1,noisy_or,0.805,0.0138,0.7494,0.8781,0.3422,0.0253
laya_en_en:panel[nli_order_mean+p3_inferable+p7_coverage]:noisy_or,panel,laya_en_en,nli_order_mean+p3_inferable+p7_coverage,3,noisy_or,0.8049,0.0121,0.7566,0.8686,0.3521,0.0229
laya_en_en:panel[nli_order_mean+position_order_mean+p7_coverage+p8_similarity]:max,panel,laya_en_en,nli_order_mean+position_order_mean+p7_coverage+p8_similarity,4,max,0.8048,0.0108,0.7554,0.8605,0.339,0.0227
laya_en_en:panel[nli_order_mean+p7_coverage]:max,panel,laya_en_en,nli_order_mean+p7_coverage,2,max,0.8047,0.0105,0.7602,0.8598,0.3247,0.0212
laya_en_en:panel[nli_order_mean+p4_supports+p7_coverage]:noisy_or,panel,laya_en_en,nli_order_mean+p4_supports+p7_coverage,3,noisy_or,0.8047,0.0119,0.7574,0.8687,0.3446,0.022
laya_en_en:panel[nli_order_mean+p3_inferable+p4_supports+p7_coverage+p8_similarity]:noisy_or,panel,laya_en_en,nli_order_mean+p3_inferable+p4_supports+p7_coverage+p8_similarity,5,noisy_or,0.8045,0.0123,0.7543,0.8694,0.3544,0.0213
laya_en_en_m2m100:panel[nli_order_mean+p4_supports+p7_coverage+p8_similarity]:max,panel,laya_en_en_m2m100,nli_order_mean+p4_supports+p7_coverage+p8_similarity,4,max,0.8043,0.0124,0.7536,0.8674,0.3357,0.0248
laya_en_en:panel[p3_inferable+position_order_mean+p7_coverage+p8_similarity]:max,panel,laya_en_en,p3_inferable+position_order_mean+p7_coverage+p8_similarity,4,max,0.8043,0.0113,0.7532,0.8591,0.3281,0.0188
laya_en_en_m2m100:panel[nli_order_mean+p3_inferable+p7_coverage+p8_similarity]:max,panel,laya_en_en_m2m100,nli_order_mean+p3_inferable+p7_coverage+p8_similarity,4,max,0.8043,0.0125,0.753,0.8674,0.3289,0.0243
laya_en_en:panel[p3_inferable+p7_coverage]:max,panel,laya_en_en,p3_inferable+p7_coverage,2,max,0.8042,0.0111,0.7591,0.8574,0.33,0.0208
laya_en_en_m2m100:panel[nli_order_mean+p4_supports+position_order_mean]:noisy_or,panel,laya_en_en_m2m100,nli_order_mean+p4_supports+position_order_mean,3,noisy_or,0.8041,0.0137,0.7499,0.8767,0.3638,0.0237
laya_en_en:panel[p3_inferable+p4_supports+position_order_mean+p8_similarity]:noisy_or,panel,laya_en_en,p3_inferable+p4_supports+position_order_mean+p8_similarity,4,noisy_or,0.8041,0.0123,0.7503,0.8657,0.3447,0.0209
laya_en_en_m2m100:panel[p3_inferable+p4_supports+position_order_mean+p7_coverage]:max,panel,laya_en_en_m2m100,p3_inferable+p4_supports+position_order_mean+p7_coverage,4,max,0.8041,0.0123,0.751,0.8661,0.3295,0.0226
laya_en_en:position_order_mean:max,signal,laya_en_en,position_order_mean,1,max,0.8039,0.0104,0.7403,0.8518,0.3355,0.0178
laya_en_en:panel[p4_supports+position_order_mean+p7_coverage+p8_similarity]:max,panel,laya_en_en,p4_supports+position_order_mean+p7_coverage+p8_similarity,4,max,0.8038,0.0113,0.7521,0.8601,0.3095,0.0205
laya_en_en_m2m100:panel[nli_order_mean+position_order_mean+p7_coverage]:max,panel,laya_en_en_m2m100,nli_order_mean+position_order_mean+p7_coverage,3,max,0.8036,0.0124,0.7522,0.8683,0.3404,0.027
laya_en_en_m2m100:p4_supports:noisy_or,signal,laya_en_en_m2m100,p4_supports,1,noisy_or,0.8036,0.014,0.7468,0.8736,0.3479,0.0248
laya_en_en:panel[nli_order_mean+p4_supports+position_order_mean+p7_coverage]:noisy_or,panel,laya_en_en,nli_order_mean+p4_supports+position_order_mean+p7_coverage,4,noisy_or,0.8034,0.0117,0.7518,0.8638,0.331,0.0199
laya_en_en:panel[p4_supports+p7_coverage]:max,panel,laya_en_en,p4_supports+p7_coverage,2,max,0.8034,0.011,0.758,0.8578,0.323,0.0215
laya_en_en:panel[nli_order_mean+p3_inferable+p4_supports+position_order_mean+p7_coverage+p8_similarity]:noisy_or,panel,laya_en_en,nli_order_mean+p3_inferable+p4_supports+position_order_mean+p7_coverage+p8_similarity,6,noisy_or,0.8034,0.0121,0.7506,0.8656,0.3388,0.0179
laya_en_en:panel[p3_inferable+p4_supports+p7_coverage]:noisy_or,panel,laya_en_en,p3_inferable+p4_supports+p7_coverage,3,noisy_or,0.8033,0.0124,0.7556,0.8668,0.3322,0.0206
laya_en_en:panel[nli_order_mean+p7_coverage+p8_similarity]:max,panel,laya_en_en,nli_order_mean+p7_coverage+p8_similarity,3,max,0.8033,0.011,0.7554,0.8603,0.3317,0.0182
laya_en_en_m2m100:panel[nli_order_mean+p3_inferable+position_order_mean]:noisy_or,panel,laya_en_en_m2m100,nli_order_mean+p3_inferable+position_order_mean,3,noisy_or,0.8032,0.0137,0.7492,0.8753,0.3487,0.0234
laya_en_en_m2m100:panel[p3_inferable+p4_supports+position_order_mean+p7_coverage+p8_similarity]:max,panel,laya_en_en_m2m100,p3_inferable+p4_supports+position_order_mean+p7_coverage+p8_similarity,5,max,0.8032,0.0123,0.7515,0.865,0.3372,0.0268
laya_en_en:panel[nli_order_mean+p3_inferable+position_order_mean+p7_coverage]:noisy_or,panel,laya_en_en,nli_order_mean+p3_inferable+position_order_mean+p7_coverage,4,noisy_or,0.8031,0.0118,0.7498,0.8637,0.3389,0.0205
laya_en_en_m2m100:panel[p3_inferable+p4_supports+p7_coverage]:max,panel,laya_en_en_m2m100,p3_inferable+p4_supports+p7_coverage,3,max,0.8031,0.0121,0.7512,0.8622,0.3336,0.0219
laya_en_en_m2m100:panel[nli_order_mean+p3_inferable+p4_supports+p8_similarity]:noisy_or,panel,laya_en_en_m2m100,nli_order_mean+p3_inferable+p4_supports+p8_similarity,4,noisy_or,0.8031,0.0141,0.7475,0.875,0.3435,0.0253
laya_en_en:p5_position:max,signal,laya_en_en,p5_position,1,max,0.8031,0.0108,0.7359,0.8514,0.314,0.0199
laya_en_en_m2m100:panel[p3_inferable+p4_supports]:noisy_or,panel,laya_en_en_m2m100,p3_inferable+p4_supports,2,noisy_or,0.8031,0.014,0.7467,0.8722,0.3523,0.0244
laya_en_en:panel[nli_order_mean+p3_inferable]:top2_mean,panel,laya_en_en,nli_order_mean+p3_inferable,2,top2_mean,0.8028,0.0137,0.7481,0.8684,0.3513,0.024
laya_en_en:p6_position_reversed:max,signal,laya_en_en,p6_position_reversed,1,max,0.8027,0.0101,0.748,0.848,0.3371,0.0206
laya_en_en:panel[p3_inferable+p7_coverage+p8_similarity]:max,panel,laya_en_en,p3_inferable+p7_coverage+p8_similarity,3,max,0.8025,0.0115,0.7524,0.8577,0.3188,0.0215
laya_en_en:panel[nli_order_mean+p4_supports]:top2_mean,panel,laya_en_en,nli_order_mean+p4_supports,2,top2_mean,0.8024,0.0137,0.7478,0.8677,0.3437,0.0231
laya_en_en_m2m100:p3_inferable:noisy_or,signal,laya_en_en_m2m100,p3_inferable,1,noisy_or,0.8023,0.014,0.7466,0.8697,0.364,0.0252
laya_en_en:panel[p4_supports+p7_coverage+p8_similarity]:max,panel,laya_en_en,p4_supports+p7_coverage+p8_similarity,3,max,0.8022,0.0114,0.7519,0.8587,0.3163,0.021
laya_en_en:nli_order_mean:top2_mean,signal,laya_en_en,nli_order_mean,1,top2_mean,0.8021,0.0131,0.7488,0.866,0.335,0.0244
laya_en_en:panel[nli_order_mean+p3_inferable+p4_supports+position_order_mean]:top2_mean,panel,laya_en_en,nli_order_mean+p3_inferable+p4_supports+position_order_mean,4,top2_mean,0.8021,0.0137,0.7429,0.8673,0.3335,0.019
laya_en_en:panel[nli_order_mean+p8_similarity]:noisy_or,panel,laya_en_en,nli_order_mean+p8_similarity,2,noisy_or,0.802,0.012,0.7499,0.8682,0.3306,0.0195
laya_en_en:panel[p3_inferable+p4_supports+position_order_mean+p7_coverage]:noisy_or,panel,laya_en_en,p3_inferable+p4_supports+position_order_mean+p7_coverage,4,noisy_or,0.802,0.0121,0.7498,0.8633,0.3397,0.0196
laya_en_en_m2m100:panel[nli_order_mean+position_order_mean+p7_coverage+p8_similarity]:max,panel,laya_en_en_m2m100,nli_order_mean+position_order_mean+p7_coverage+p8_similarity,4,max,0.802,0.0125,0.7519,0.8664,0.3327,0.0267
laya_en_en:panel[nli_order_mean+p3_inferable+p4_supports]:top2_mean,panel,laya_en_en,nli_order_mean+p3_inferable+p4_supports,3,top2_mean,0.802,0.014,0.7466,0.8689,0.3575,0.0235
laya_en_en:p1_nli:top2_mean,signal,laya_en_en,p1_nli,1,top2_mean,0.8019,0.0131,0.7469,0.8667,0.3348,0.0223
laya_en_en:p2_nli_reversed:top2_mean,signal,laya_en_en,p2_nli_reversed,1,top2_mean,0.8019,0.0131,0.7505,0.8654,0.3477,0.0232
laya_en_en:panel[nli_order_mean+p3_inferable+p4_supports+p8_similarity]:top2_mean,panel,laya_en_en,nli_order_mean+p3_inferable+p4_supports+p8_similarity,4,top2_mean,0.8018,0.0141,0.7452,0.8714,0.3413,0.0215
laya_en_en_m2m100:panel[p3_inferable+p4_supports+p7_coverage+p8_similarity]:max,panel,laya_en_en_m2m100,p3_inferable+p4_supports+p7_coverage+p8_similarity,4,max,0.8018,0.0124,0.7515,0.8626,0.3304,0.0228
laya_en_en_m2m100:panel[nli_order_mean+p4_supports+p8_similarity]:noisy_or,panel,laya_en_en_m2m100,nli_order_mean+p4_supports+p8_similarity,3,noisy_or,0.8016,0.0141,0.7471,0.8742,0.343,0.0253
laya_en_en:panel[p4_supports+p8_similarity]:noisy_or,panel,laya_en_en,p4_supports+p8_similarity,2,noisy_or,0.8016,0.0124,0.7518,0.8677,0.3368,0.0205
laya_en_en:panel[nli_order_mean+p3_inferable+p8_similarity]:top2_mean,panel,laya_en_en,nli_order_mean+p3_inferable+p8_similarity,3,top2_mean,0.8013,0.0138,0.7457,0.8694,0.3443,0.0231
laya_en_en_m2m100:p6_position_reversed:max,signal,laya_en_en_m2m100,p6_position_reversed,1,max,0.8012,0.0132,0.7383,0.8714,0.3547,0.0214
laya_en_en_m2m100:panel[p3_inferable+p4_supports+position_order_mean]:noisy_or,panel,laya_en_en_m2m100,p3_inferable+p4_supports+position_order_mean,3,noisy_or,0.8011,0.0138,0.7463,0.8707,0.345,0.0243
laya_en_en_m2m100:panel[nli_order_mean+p3_inferable+p8_similarity]:noisy_or,panel,laya_en_en_m2m100,nli_order_mean+p3_inferable+p8_similarity,3,noisy_or,0.8011,0.0141,0.7451,0.8733,0.3483,0.0258
laya_en_en:panel[nli_order_mean+p4_supports+p7_coverage+p8_similarity]:noisy_or,panel,laya_en_en,nli_order_mean+p4_supports+p7_coverage+p8_similarity,4,noisy_or,0.8011,0.0122,0.7502,0.867,0.337,0.0206
laya_en_en:panel[p3_inferable+p8_similarity]:noisy_or,panel,laya_en_en,p3_inferable+p8_similarity,2,noisy_or,0.8011,0.0127,0.7479,0.8671,0.3607,0.0199
laya_en_en:panel[nli_order_mean+p3_inferable+p7_coverage+p8_similarity]:noisy_or,panel,laya_en_en,nli_order_mean+p3_inferable+p7_coverage+p8_similarity,4,noisy_or,0.8009,0.0123,0.7487,0.8666,0.3468,0.0218
laya_en_en:panel[nli_order_mean+p3_inferable+position_order_mean]:top2_mean,panel,laya_en_en,nli_order_mean+p3_inferable+position_order_mean,3,top2_mean,0.8009,0.0135,0.74,0.8648,0.3388,0.0199
laya_en_en:panel[nli_order_mean+p4_supports+p8_similarity]:top2_mean,panel,laya_en_en,nli_order_mean+p4_supports+p8_similarity,3,top2_mean,0.8009,0.0137,0.7462,0.8686,0.347,0.0219
laya_en_en_m2m100:panel[p4_supports+position_order_mean+p7_coverage]:max,panel,laya_en_en_m2m100,p4_supports+position_order_mean+p7_coverage,3,max,0.8007,0.0121,0.7494,0.8632,0.3444,0.0269
laya_en_en_m2m100:panel[nli_order_mean+p7_coverage]:max,panel,laya_en_en_m2m100,nli_order_mean+p7_coverage,2,max,0.8007,0.0121,0.7508,0.8624,0.3256,0.0209
laya_en_en_m2m100:panel[nli_order_mean+p3_inferable+p4_supports+position_order_mean+p8_similarity]:noisy_or,panel,laya_en_en_m2m100,nli_order_mean+p3_inferable+p4_supports+position_order_mean+p8_similarity,5,noisy_or,0.8005,0.0138,0.7459,0.872,0.3479,0.0264
laya_en_en:panel[nli_order_mean+p4_supports+position_order_mean]:top2_mean,panel,laya_en_en,nli_order_mean+p4_supports+position_order_mean,3,top2_mean,0.8005,0.0135,0.7403,0.8645,0.3171,0.0171
laya_en_en_m2m100:panel[p4_supports+position_order_mean+p7_coverage+p8_similarity]:max,panel,laya_en_en_m2m100,p4_supports+position_order_mean+p7_coverage+p8_similarity,4,max,0.8004,0.0122,0.7506,0.8623,0.3415,0.0265
laya_en_en_m2m100:panel[p3_inferable+position_order_mean+p7_coverage]:max,panel,laya_en_en_m2m100,p3_inferable+position_order_mean+p7_coverage,3,max,0.8003,0.0122,0.7472,0.8634,0.3402,0.0253
laya_en_en:panel[nli_order_mean+p3_inferable+p4_supports+position_order_mean+p8_similarity]:top2_mean,panel,laya_en_en,nli_order_mean+p3_inferable+p4_supports+position_order_mean+p8_similarity,5,top2_mean,0.8002,0.0138,0.7405,0.867,0.341,0.0188
laya_en_en_m2m100:nli_order_mean:top2_mean,signal,laya_en_en_m2m100,nli_order_mean,1,top2_mean,0.8002,0.0141,0.7459,0.8778,0.3369,0.021
laya_en_en:panel[nli_order_mean+p4_supports+position_order_mean+p7_coverage+p8_similarity]:noisy_or,panel,laya_en_en,nli_order_mean+p4_supports+position_order_mean+p7_coverage+p8_similarity,5,noisy_or,0.8001,0.012,0.7462,0.8623,0.324,0.019
laya_en_en:panel[nli_order_mean+p3_inferable+p4_supports+p7_coverage]:top2_mean,panel,laya_en_en,nli_order_mean+p3_inferable+p4_supports+p7_coverage,4,top2_mean,0.8001,0.0139,0.7442,0.868,0.3348,0.0216
laya_en_en_m2m100:position_order_mean:max,signal,laya_en_en_m2m100,position_order_mean,1,max,0.8,0.013,0.7404,0.8703,0.3393,0.0223
laya_en_en:panel[position_order_mean+p8_similarity]:max,panel,laya_en_en,position_order_mean+p8_similarity,2,max,0.8,0.0112,0.7419,0.8536,0.2999,0.0193
laya_en_en:panel[nli_order_mean+p3_inferable+position_order_mean+p7_coverage+p8_similarity]:noisy_or,panel,laya_en_en,nli_order_mean+p3_inferable+position_order_mean+p7_coverage+p8_similarity,5,noisy_or,0.8,0.0121,0.7451,0.8618,0.3283,0.0205
laya_en_en_m2m100:p2_nli_reversed:top2_mean,signal,laya_en_en_m2m100,p2_nli_reversed,1,top2_mean,0.7999,0.0141,0.7454,0.8771,0.3377,0.0205
laya_en_en_m2m100:panel[p3_inferable+position_order_mean+p7_coverage+p8_similarity]:max,panel,laya_en_en_m2m100,p3_inferable+position_order_mean+p7_coverage+p8_similarity,4,max,0.7999,0.0124,0.7483,0.8625,0.3414,0.0253
laya_en_en_m2m100:p1_nli:top2_mean,signal,laya_en_en_m2m100,p1_nli,1,top2_mean,0.7999,0.0141,0.7457,0.8781,0.3322,0.0219
laya_en_en:panel[nli_order_mean+p3_inferable+p4_supports+position_order_mean]:concatenated,panel,laya_en_en,nli_order_mean+p3_inferable+p4_supports+position_order_mean,4,concatenated,0.7996,0.0091,0.7599,0.8442,0.3404,0.0246
laya_en_en:panel[p3_inferable+p4_supports+p7_coverage+p8_similarity]:noisy_or,panel,laya_en_en,p3_inferable+p4_supports+p7_coverage+p8_similarity,4,noisy_or,0.7995,0.0125,0.7486,0.8652,0.3413,0.0189
laya_en_en:p3_inferable:top2_mean,signal,laya_en_en,p3_inferable,1,top2_mean,0.7995,0.014,0.7467,0.8674,0.3331,0.0251
laya_en_en:panel[nli_order_mean+position_order_mean+p8_similarity]:noisy_or,panel,laya_en_en,nli_order_mean+position_order_mean+p8_similarity,3,noisy_or,0.7995,0.0117,0.7417,0.8582,0.3103,0.0203
laya_en_en_m2m100:panel[nli_order_mean+p3_inferable+p4_supports+p7_coverage]:noisy_or,panel,laya_en_en_m2m100,nli_order_mean+p3_inferable+p4_supports+p7_coverage,4,noisy_or,0.7995,0.0138,0.7461,0.8698,0.3209,0.0263
laya_en_en:panel[p3_inferable+p4_supports]:top2_mean,panel,laya_en_en,p3_inferable+p4_supports,2,top2_mean,0.7994,0.0141,0.746,0.8676,0.3531,0.0237
laya_en_en:nli_order_mean:mean,signal,laya_en_en,nli_order_mean,1,mean,0.7994,0.0129,0.7474,0.8592,0.3506,0.0242
laya_en_en:p1_nli:mean,signal,laya_en_en,p1_nli,1,mean,0.7993,0.013,0.7442,0.8605,0.3417,0.0231
laya_en_en_m2m100:panel[nli_order_mean+position_order_mean]:noisy_or,panel,laya_en_en_m2m100,nli_order_mean+position_order_mean,2,noisy_or,0.7992,0.0135,0.7475,0.872,0.3474,0.0243
laya_en_en:p2_nli_reversed:mean,signal,laya_en_en,p2_nli_reversed,1,mean,0.799,0.0128,0.7495,0.8578,0.3443,0.0232
laya_en_en:panel[nli_order_mean+p3_inferable+position_order_mean+p8_similarity]:top2_mean,panel,laya_en_en,nli_order_mean+p3_inferable+position_order_mean+p8_similarity,4,top2_mean,0.799,0.0137,0.7379,0.8644,0.3301,0.0208
laya_en_en:panel[nli_order_mean+p3_inferable+p7_coverage]:top2_mean,panel,laya_en_en,nli_order_mean+p3_inferable+p7_coverage,3,top2_mean,0.799,0.0138,0.7431,0.8667,0.3423,0.0214
laya_en_en_m2m100:p5_position:max,signal,laya_en_en_m2m100,p5_position,1,max,0.7988,0.0128,0.7423,0.8669,0.3325,0.0267
laya_en_en:panel[nli_order_mean+p3_inferable+p4_supports+position_order_mean+p7_coverage]:top2_mean,panel,laya_en_en,nli_order_mean+p3_inferable+p4_supports+position_order_mean+p7_coverage,5,top2_mean,0.7988,0.0137,0.7391,0.8646,0.331,0.0206
laya_en_en_m2m100:panel[position_order_mean+p8_similarity]:max,panel,laya_en_en_m2m100,position_order_mean+p8_similarity,2,max,0.7988,0.0131,0.7441,0.8646,0.3561,0.0264
laya_en_en_m2m100:panel[nli_order_mean+p7_coverage+p8_similarity]:max,panel,laya_en_en_m2m100,nli_order_mean+p7_coverage+p8_similarity,3,max,0.7988,0.0123,0.7517,0.8615,0.3267,0.0248
laya_en_en:panel[p3_inferable+p4_supports+p8_similarity]:top2_mean,panel,laya_en_en,p3_inferable+p4_supports+p8_similarity,3,top2_mean,0.7987,0.0141,0.743,0.8691,0.3346,0.0207
laya_en_en:panel[nli_order_mean+p4_supports+position_order_mean+p8_similarity]:top2_mean,panel,laya_en_en,nli_order_mean+p4_supports+position_order_mean+p8_similarity,4,top2_mean,0.7987,0.0136,0.7382,0.8644,0.3257,0.019
laya_en_en:panel[nli_order_mean+p3_inferable]:mean,panel,laya_en_en,nli_order_mean+p3_inferable,2,mean,0.7987,0.0137,0.7443,0.8604,0.3552,0.0236
laya_en_en:panel[p4_supports+position_order_mean+p8_similarity]:noisy_or,panel,laya_en_en,p4_supports+position_order_mean+p8_similarity,3,noisy_or,0.7987,0.012,0.7415,0.8582,0.3337,0.0197
laya_multi_pt:p3_inferable:max,signal,laya_multi_pt,p3_inferable,1,max,0.7987,0.0133,0.7315,0.8543,0.3176,0.022
laya_en_en:panel[p3_inferable+p4_supports+position_order_mean+p7_coverage+p8_similarity]:noisy_or,panel,laya_en_en,p3_inferable+p4_supports+position_order_mean+p7_coverage+p8_similarity,5,noisy_or,0.7987,0.0123,0.7441,0.8609,0.3345,0.0199
laya_en_en:panel[nli_order_mean+p4_supports]:mean,panel,laya_en_en,nli_order_mean+p4_supports,2,mean,0.7986,0.0135,0.7457,0.8604,0.3578,0.0227
laya_en_en:panel[nli_order_mean+p4_supports]:concatenated,panel,laya_en_en,nli_order_mean+p4_supports,2,concatenated,0.7986,0.0091,0.7611,0.8364,0.3474,0.0276
laya_en_en:panel[nli_order_mean+p3_inferable+p4_supports]:concatenated,panel,laya_en_en,nli_order_mean+p3_inferable+p4_supports,3,concatenated,0.7986,0.0094,0.7583,0.8408,0.3596,0.0272
laya_en_en_m2m100:panel[nli_order_mean+p4_supports+position_order_mean+p8_similarity]:noisy_or,panel,laya_en_en_m2m100,nli_order_mean+p4_supports+position_order_mean+p8_similarity,4,noisy_or,0.7985,0.0137,0.7447,0.8696,0.3502,0.0267
laya_en_en:panel[nli_order_mean+p3_inferable+p4_supports+p8_similarity]:concatenated,panel,laya_en_en,nli_order_mean+p3_inferable+p4_supports+p8_similarity,4,concatenated,0.7984,0.0093,0.7627,0.8431,0.3632,0.0236
laya_en_en:panel[nli_order_mean+p4_supports+position_order_mean]:concatenated,panel,laya_en_en,nli_order_mean+p4_supports+position_order_mean,3,concatenated,0.7984,0.0089,0.7571,0.8408,0.3418,0.0229
laya_multi_pt:panel[nli_order_mean+p3_inferable+p4_supports]:max,panel,laya_multi_pt,nli_order_mean+p3_inferable+p4_supports,3,max,0.7983,0.0128,0.7344,0.852,0.3009,0.0217
laya_en_en_m2m100:panel[nli_order_mean+p3_inferable+p4_supports+position_order_mean+p7_coverage]:noisy_or,panel,laya_en_en_m2m100,nli_order_mean+p3_inferable+p4_supports+position_order_mean+p7_coverage,5,noisy_or,0.7983,0.0136,0.7456,0.868,0.3481,0.0255
laya_en_en:panel[nli_order_mean+p3_inferable+p4_supports+p7_coverage+p8_similarity]:top2_mean,panel,laya_en_en,nli_order_mean+p3_inferable+p4_supports+p7_coverage+p8_similarity,5,top2_mean,0.7983,0.014,0.7415,0.8672,0.337,0.0223
laya_en_en:panel[nli_order_mean+p4_supports+p7_coverage]:top2_mean,panel,laya_en_en,nli_order_mean+p4_supports+p7_coverage,3,top2_mean,0.7983,0.0136,0.7445,0.8656,0.3409,0.0228
laya_multi_pt:panel[p3_inferable+p4_supports]:max,panel,laya_multi_pt,p3_inferable+p4_supports,2,max,0.7983,0.0134,0.729,0.8539,0.3039,0.0234
laya_en_en:p4_supports:top2_mean,signal,laya_en_en,p4_supports,1,top2_mean,0.7983,0.0142,0.7437,0.8671,0.3434,0.0207
laya_en_en:panel[nli_order_mean+p3_inferable+p4_supports+position_order_mean+p8_similarity]:concatenated,panel,laya_en_en,nli_order_mean+p3_inferable+p4_supports+position_order_mean+p8_similarity,5,concatenated,0.7982,0.0092,0.7583,0.8428,0.3445,0.0228
laya_en_en:panel[p3_inferable+position_order_mean+p8_similarity]:noisy_or,panel,laya_en_en,p3_inferable+position_order_mean+p8_similarity,3,noisy_or,0.7981,0.0123,0.7385,0.857,0.3337,0.0202
laya_en_en:panel[p3_inferable+p4_supports+position_order_mean]:top2_mean,panel,laya_en_en,p3_inferable+p4_supports+position_order_mean,3,top2_mean,0.7981,0.0133,0.741,0.8602,0.3335,0.0184
laya_en_en:panel[nli_order_mean+p3_inferable+p4_supports]:mean,panel,laya_en_en,nli_order_mean+p3_inferable+p4_supports,3,mean,0.7979,0.0137,0.7451,0.8604,0.3407,0.0251
laya_en_en_m2m100:panel[p3_inferable+p7_coverage]:max,panel,laya_en_en_m2m100,p3_inferable+p7_coverage,2,max,0.7979,0.012,0.747,0.8578,0.3263,0.0206
laya_en_en:panel[nli_order_mean+p8_similarity]:top2_mean,panel,laya_en_en,nli_order_mean+p8_similarity,2,top2_mean,0.7979,0.0132,0.7419,0.865,0.3377,0.0217
laya_en_en_m2m100:panel[p3_inferable+p4_supports+p8_similarity]:noisy_or,panel,laya_en_en_m2m100,p3_inferable+p4_supports+p8_similarity,3,noisy_or,0.7978,0.0142,0.7407,0.8684,0.355,0.0237
laya_en_en_m2m100:panel[nli_order_mean+p3_inferable+position_order_mean+p8_similarity]:noisy_or,panel,laya_en_en_m2m100,nli_order_mean+p3_inferable+position_order_mean+p8_similarity,4,noisy_or,0.7977,0.0137,0.7423,0.8683,0.3632,0.0255
laya_en_en:panel[nli_order_mean+p3_inferable+p4_supports+position_order_mean+p7_coverage+p8_similarity]:top2_mean,panel,laya_en_en,nli_order_mean+p3_inferable+p4_supports+position_order_mean+p7_coverage+p8_similarity,6,top2_mean,0.7977,0.0138,0.7378,0.8646,0.3269,0.0203
laya_en_en_m2m100:panel[p4_supports+p7_coverage]:max,panel,laya_en_en_m2m100,p4_supports+p7_coverage,2,max,0.7976,0.0118,0.7476,0.8573,0.3234,0.0225
laya_en_en:panel[nli_order_mean+position_order_mean]:top2_mean,panel,laya_en_en,nli_order_mean+position_order_mean,2,top2_mean,0.7975,0.0131,0.7337,0.8583,0.3165,0.018
laya_en_en:panel[nli_order_mean+p3_inferable+position_order_mean]:concatenated,panel,laya_en_en,nli_order_mean+p3_inferable+position_order_mean,3,concatenated,0.7975,0.0091,0.7601,0.8418,0.3393,0.0244
laya_en_en_m2m100:panel[p4_supports+position_order_mean]:noisy_or,panel,laya_en_en_m2m100,p4_supports+position_order_mean,2,noisy_or,0.7974,0.0137,0.7444,0.8673,0.3546,0.0247
laya_en_en_m2m100:panel[nli_order_mean+p4_supports+p7_coverage]:noisy_or,panel,laya_en_en_m2m100,nli_order_mean+p4_supports+p7_coverage,3,noisy_or,0.7974,0.0137,0.7452,0.8683,0.3365,0.024
laya_multi_pt:panel[nli_order_mean+p3_inferable]:max,panel,laya_multi_pt,nli_order_mean+p3_inferable,2,max,0.7974,0.0124,0.7365,0.8488,0.3029,0.0219
laya_en_en:panel[nli_order_mean+p3_inferable+position_order_mean+p7_coverage]:top2_mean,panel,laya_en_en,nli_order_mean+p3_inferable+position_order_mean+p7_coverage,4,top2_mean,0.7973,0.0136,0.7363,0.8618,0.3248,0.0219
laya_en_en:panel[nli_order_mean+p7_coverage]:noisy_or,panel,laya_en_en,nli_order_mean+p7_coverage,2,noisy_or,0.7972,0.0119,0.7464,0.8617,0.319,0.0194
laya_en_en:panel[nli_order_mean+p3_inferable]:concatenated,panel,laya_en_en,nli_order_mean+p3_inferable,2,concatenated,0.7972,0.0094,0.7616,0.8425,0.3494,0.0254
laya_en_en:panel[nli_order_mean+p4_supports+p8_similarity]:concatenated,panel,laya_en_en,nli_order_mean+p4_supports+p8_similarity,3,concatenated,0.7972,0.0092,0.7597,0.8395,0.351,0.0204
laya_en_en_m2m100:panel[nli_order_mean+p3_inferable+p4_supports+position_order_mean]:concatenated,panel,laya_en_en_m2m100,nli_order_mean+p3_inferable+p4_supports+position_order_mean,4,concatenated,0.7971,0.0135,0.7403,0.8613,0.3362,0.0271
laya_en_en:panel[nli_order_mean+position_order_mean+p7_coverage]:noisy_or,panel,laya_en_en,nli_order_mean+position_order_mean+p7_coverage,3,noisy_or,0.797,0.0116,0.7404,0.8562,0.3198,0.0179
laya_en_en:panel[nli_order_mean+p4_supports+position_order_mean+p7_coverage]:top2_mean,panel,laya_en_en,nli_order_mean+p4_supports+position_order_mean+p7_coverage,4,top2_mean,0.797,0.0134,0.7368,0.861,0.3201,0.0184
laya_multi_pt:panel[nli_order_mean+p4_supports]:max,panel,laya_multi_pt,nli_order_mean+p4_supports,2,max,0.7969,0.0126,0.7342,0.8495,0.3048,0.0248
laya_en_en:panel[p4_supports+p7_coverage]:noisy_or,panel,laya_en_en,p4_supports+p7_coverage,2,noisy_or,0.7968,0.0122,0.7484,0.8614,0.3377,0.0185
laya_en_en_m2m100:panel[p3_inferable+p7_coverage+p8_similarity]:max,panel,laya_en_en_m2m100,p3_inferable+p7_coverage+p8_similarity,3,max,0.7968,0.0123,0.7487,0.8576,0.3227,0.0276
laya_en_en:panel[nli_order_mean+p3_inferable+p4_supports+p8_similarity]:mean,panel,laya_en_en,nli_order_mean+p3_inferable+p4_supports+p8_similarity,4,mean,0.7968,0.0132,0.7396,0.8598,0.3554,0.0214
laya_en_en_m2m100:panel[nli_order_mean+p3_inferable+p7_coverage]:noisy_or,panel,laya_en_en_m2m100,nli_order_mean+p3_inferable+p7_coverage,3,noisy_or,0.7967,0.0137,0.7441,0.8668,0.3241,0.023
laya_en_en:panel[p3_inferable+p4_supports+position_order_mean]:concatenated,panel,laya_en_en,p3_inferable+p4_supports+position_order_mean,3,concatenated,0.7967,0.0092,0.7551,0.8419,0.3406,0.0237
laya_en_en_m2m100:panel[p4_supports+p7_coverage+p8_similarity]:max,panel,laya_en_en_m2m100,p4_supports+p7_coverage+p8_similarity,3,max,0.7967,0.0122,0.7483,0.8568,0.3329,0.026
laya_en_en:panel[nli_order_mean+p3_inferable+p7_coverage+p8_similarity]:top2_mean,panel,laya_en_en,nli_order_mean+p3_inferable+p7_coverage+p8_similarity,4,top2_mean,0.7966,0.0139,0.7405,0.8659,0.3476,0.0199
laya_multi_pt:p4_supports:max,signal,laya_multi_pt,p4_supports,1,max,0.7966,0.0136,0.7254,0.8529,0.3024,0.0217
laya_en_en_m2m100:panel[nli_order_mean+p8_similarity]:noisy_or,panel,laya_en_en_m2m100,nli_order_mean+p8_similarity,2,noisy_or,0.7966,0.0141,0.7402,0.8711,0.337,0.0259
laya_en_en:panel[nli_order_mean+p4_supports+p7_coverage+p8_similarity]:top2_mean,panel,laya_en_en,nli_order_mean+p4_supports+p7_coverage+p8_similarity,4,top2_mean,0.7965,0.0137,0.7418,0.8645,0.3292,0.0197
laya_en_en:panel[nli_order_mean+p3_inferable+p4_supports+position_order_mean]:mean,panel,laya_en_en,nli_order_mean+p3_inferable+p4_supports+position_order_mean,4,mean,0.7965,0.0128,0.7373,0.8522,0.3425,0.0232
laya_en_en:panel[p3_inferable+p7_coverage]:noisy_or,panel,laya_en_en,p3_inferable+p7_coverage,2,noisy_or,0.7965,0.0125,0.7455,0.8604,0.3376,0.0199
laya_en_en_m2m100:panel[nli_order_mean+p3_inferable+position_order_mean]:concatenated,panel,laya_en_en_m2m100,nli_order_mean+p3_inferable+position_order_mean,3,concatenated,0.7965,0.0135,0.7386,0.8601,0.3535,0.0271
laya_en_en_m2m100:panel[nli_order_mean+p3_inferable+p4_supports+p7_coverage+p8_similarity]:noisy_or,panel,laya_en_en_m2m100,nli_order_mean+p3_inferable+p4_supports+p7_coverage+p8_similarity,5,noisy_or,0.7964,0.014,0.7423,0.8672,0.3287,0.0239
laya_en_en:panel[p4_supports+position_order_mean+p7_coverage]:noisy_or,panel,laya_en_en,p4_supports+position_order_mean+p7_coverage,3,noisy_or,0.7963,0.012,0.7408,0.8558,0.3307,0.0189
laya_en_en:panel[nli_order_mean+p4_supports+position_order_mean+p8_similarity]:concatenated,panel,laya_en_en,nli_order_mean+p4_supports+position_order_mean+p8_similarity,4,concatenated,0.7962,0.0092,0.7556,0.8399,0.3449,0.0238
laya_en_en:panel[nli_order_mean+p3_inferable+p8_similarity]:concatenated,panel,laya_en_en,nli_order_mean+p3_inferable+p8_similarity,3,concatenated,0.7962,0.0095,0.7613,0.8426,0.3535,0.0231
laya_en_en:panel[nli_order_mean+p4_supports+p8_similarity]:mean,panel,laya_en_en,nli_order_mean+p4_supports+p8_similarity,3,mean,0.7962,0.0129,0.738,0.8593,0.3482,0.0201
laya_en_en_m2m100:panel[nli_order_mean+p4_supports]:top2_mean,panel,laya_en_en_m2m100,nli_order_mean+p4_supports,2,top2_mean,0.7961,0.0144,0.7447,0.872,0.3443,0.0238
laya_en_en:panel[p3_inferable+p4_supports+p7_coverage]:top2_mean,panel,laya_en_en,p3_inferable+p4_supports+p7_coverage,3,top2_mean,0.7961,0.0139,0.741,0.8651,0.327,0.0196
laya_en_en:panel[p3_inferable+p4_supports+position_order_mean+p8_similarity]:top2_mean,panel,laya_en_en,p3_inferable+p4_supports+position_order_mean+p8_similarity,4,top2_mean,0.796,0.0135,0.7373,0.8598,0.3278,0.0185
laya_en_en_m2m100:panel[p3_inferable+position_order_mean]:noisy_or,panel,laya_en_en_m2m100,p3_inferable+position_order_mean,2,noisy_or,0.796,0.0137,0.7412,0.8638,0.3434,0.0241
laya_en_en:panel[nli_order_mean+p3_inferable+p8_similarity]:mean,panel,laya_en_en,nli_order_mean+p3_inferable+p8_similarity,3,mean,0.796,0.0132,0.7353,0.8597,0.3497,0.0206
laya_en_en:p4_supports:concatenated,signal,laya_en_en,p4_supports,1,concatenated,0.7958,0.0099,0.7491,0.8348,0.3795,0.0304
laya_en_en_m2m100:panel[nli_order_mean+p4_supports+position_order_mean+p7_coverage]:noisy_or,panel,laya_en_en_m2m100,nli_order_mean+p4_supports+position_order_mean+p7_coverage,4,noisy_or,0.7957,0.0133,0.7439,0.8652,0.3446,0.0256
laya_en_en:panel[nli_order_mean+p3_inferable+position_order_mean+p8_similarity]:concatenated,panel,laya_en_en,nli_order_mean+p3_inferable+position_order_mean+p8_similarity,4,concatenated,0.7957,0.0093,0.757,0.8417,0.3254,0.0238
laya_en_en:panel[nli_order_mean+p3_inferable+position_order_mean+p7_coverage+p8_similarity]:top2_mean,panel,laya_en_en,nli_order_mean+p3_inferable+position_order_mean+p7_coverage+p8_similarity,5,top2_mean,0.7957,0.0136,0.7363,0.861,0.3312,0.0203
laya_en_en:panel[nli_order_mean+p4_supports+position_order_mean+p7_coverage+p8_similarity]:top2_mean,panel,laya_en_en,nli_order_mean+p4_supports+position_order_mean+p7_coverage+p8_similarity,5,top2_mean,0.7957,0.0135,0.7369,0.8606,0.3241,0.0216
laya_en_en:panel[p3_inferable+p8_similarity]:top2_mean,panel,laya_en_en,p3_inferable+p8_similarity,2,top2_mean,0.7957,0.014,0.7392,0.8656,0.3518,0.0216
laya_en_en:panel[p3_inferable+position_order_mean+p7_coverage]:noisy_or,panel,laya_en_en,p3_inferable+position_order_mean+p7_coverage,3,noisy_or,0.7956,0.0122,0.7377,0.8539,0.3272,0.0185
laya_en_en:panel[p3_inferable+p4_supports+p8_similarity]:concatenated,panel,laya_en_en,p3_inferable+p4_supports+p8_similarity,3,concatenated,0.7956,0.0099,0.7548,0.843,0.3564,0.0234
laya_en_en:panel[p3_inferable+p4_supports]:concatenated,panel,laya_en_en,p3_inferable+p4_supports,2,concatenated,0.7956,0.0102,0.7468,0.8402,0.361,0.0241
laya_en_en_m2m100:panel[nli_order_mean+p3_inferable+p4_supports+position_order_mean+p7_coverage+p8_similarity]:noisy_or,panel,laya_en_en_m2m100,nli_order_mean+p3_inferable+p4_supports+position_order_mean+p7_coverage+p8_similarity,6,noisy_or,0.7955,0.0137,0.7408,0.8654,0.3534,0.024
laya_en_en_m2m100:panel[nli_order_mean+p3_inferable]:top2_mean,panel,laya_en_en_m2m100,nli_order_mean+p3_inferable,2,top2_mean,0.7955,0.0143,0.7433,0.8698,0.3471,0.0245
laya_en_en:panel[p3_inferable+p4_supports+position_order_mean+p8_similarity]:concatenated,panel,laya_en_en,p3_inferable+p4_supports+position_order_mean+p8_similarity,4,concatenated,0.7955,0.0093,0.7531,0.8424,0.3403,0.0233
laya_en_en_m2m100:panel[nli_order_mean+p4_supports+position_order_mean]:concatenated,panel,laya_en_en_m2m100,nli_order_mean+p4_supports+position_order_mean,3,concatenated,0.7955,0.0137,0.7357,0.8626,0.3353,0.0271
laya_en_en:panel[nli_order_mean+position_order_mean+p8_similarity]:top2_mean,panel,laya_en_en,nli_order_mean+position_order_mean+p8_similarity,3,top2_mean,0.7954,0.0132,0.7336,0.8581,0.322,0.0198
laya_en_en_m2m100:panel[p3_inferable+p4_supports+position_order_mean+p8_similarity]:noisy_or,panel,laya_en_en_m2m100,p3_inferable+p4_supports+position_order_mean+p8_similarity,4,noisy_or,0.7953,0.0139,0.7392,0.8649,0.3504,0.0249
laya_en_en:panel[p4_supports+p8_similarity]:top2_mean,panel,laya_en_en,p4_supports+p8_similarity,2,top2_mean,0.7952,0.0139,0.7388,0.8654,0.3291,0.0195
laya_en_en:panel[nli_order_mean+p3_inferable+p4_supports+p7_coverage]:mean,panel,laya_en_en,nli_order_mean+p3_inferable+p4_supports+p7_coverage,4,mean,0.7951,0.0132,0.7389,0.8571,0.3358,0.0202
laya_en_en_m2m100:panel[p3_inferable+p4_supports+position_order_mean]:concatenated,panel,laya_en_en_m2m100,p3_inferable+p4_supports+position_order_mean,3,concatenated,0.7951,0.0131,0.7381,0.8527,0.3185,0.0263
laya_en_en_m2m100:panel[nli_order_mean+p3_inferable+position_order_mean+p7_coverage]:noisy_or,panel,laya_en_en_m2m100,nli_order_mean+p3_inferable+position_order_mean+p7_coverage,4,noisy_or,0.795,0.0134,0.7417,0.8637,0.3543,0.0258
laya_en_en_m2m100:panel[nli_order_mean+p8_similarity]:top2_mean,panel,laya_en_en_m2m100,nli_order_mean+p8_similarity,2,top2_mean,0.795,0.0143,0.744,0.873,0.324,0.0229
laya_en_en:panel[nli_order_mean+p4_supports+position_order_mean]:mean,panel,laya_en_en,nli_order_mean+p4_supports+position_order_mean,3,mean,0.795,0.0124,0.7327,0.8491,0.335,0.0213
laya_en_en:panel[position_order_mean+p7_coverage+p8_similarity]:max,panel,laya_en_en,position_order_mean+p7_coverage+p8_similarity,3,max,0.7948,0.0116,0.7405,0.8524,0.3059,0.0193
laya_en_en:panel[nli_order_mean+p3_inferable+p4_supports+position_order_mean+p7_coverage]:concatenated,panel,laya_en_en,nli_order_mean+p3_inferable+p4_supports+position_order_mean+p7_coverage,5,concatenated,0.7948,0.0092,0.7575,0.8408,0.3351,0.0236
laya_en_en_m2m100:panel[nli_order_mean+p3_inferable+p4_supports+position_order_mean+p8_similarity]:concatenated,panel,laya_en_en_m2m100,nli_order_mean+p3_inferable+p4_supports+position_order_mean+p8_similarity,5,concatenated,0.7947,0.0135,0.7386,0.8586,0.3312,0.0255
laya_en_en_m2m100:panel[nli_order_mean+p3_inferable]:concatenated,panel,laya_en_en_m2m100,nli_order_mean+p3_inferable,2,concatenated,0.7947,0.0134,0.7378,0.8599,0.3302,0.0297
laya_en_en_m2m100:panel[nli_order_mean+p4_supports+position_order_mean]:top2_mean,panel,laya_en_en_m2m100,nli_order_mean+p4_supports+position_order_mean,3,top2_mean,0.7947,0.0143,0.7404,0.8699,0.3666,0.025
laya_en_en:p4_supports:mean,signal,laya_en_en,p4_supports,1,mean,0.7947,0.0135,0.7444,0.8549,0.3334,0.0242
laya_en_en_m2m100:panel[nli_order_mean+p4_supports+p8_similarity]:top2_mean,panel,laya_en_en_m2m100,nli_order_mean+p4_supports+p8_similarity,3,top2_mean,0.7947,0.0146,0.7416,0.8722,0.3399,0.0261
laya_en_en:panel[p3_inferable+position_order_mean]:top2_mean,panel,laya_en_en,p3_inferable+position_order_mean,2,top2_mean,0.7946,0.0129,0.7334,0.8521,0.3296,0.0189
laya_en_en:panel[p4_supports+position_order_mean]:top2_mean,panel,laya_en_en,p4_supports+position_order_mean,2,top2_mean,0.7945,0.013,0.734,0.8523,0.338,0.0193
laya_en_en:panel[nli_order_mean+p3_inferable+position_order_mean]:mean,panel,laya_en_en,nli_order_mean+p3_inferable+position_order_mean,3,mean,0.7944,0.0125,0.7316,0.8475,0.3384,0.0209
laya_en_en:panel[nli_order_mean+p7_coverage]:top2_mean,panel,laya_en_en,nli_order_mean+p7_coverage,2,top2_mean,0.7944,0.0133,0.7399,0.8618,0.3252,0.0199
laya_en_en:panel[p3_inferable+p4_supports]:mean,panel,laya_en_en,p3_inferable+p4_supports,2,mean,0.7943,0.0136,0.7432,0.8551,0.3403,0.0233
laya_en_en:panel[position_order_mean+p7_coverage]:max,panel,laya_en_en,position_order_mean+p7_coverage,2,max,0.7942,0.0113,0.7385,0.8501,0.3091,0.0185
laya_en_en_m2m100:panel[nli_order_mean+p3_inferable+position_order_mean]:top2_mean,panel,laya_en_en_m2m100,nli_order_mean+p3_inferable+position_order_mean,3,top2_mean,0.7941,0.0142,0.7396,0.8677,0.3542,0.0251
laya_en_en_m2m100:panel[nli_order_mean+p3_inferable+p4_supports+position_order_mean]:top2_mean,panel,laya_en_en_m2m100,nli_order_mean+p3_inferable+p4_supports+position_order_mean,4,top2_mean,0.7941,0.0143,0.7401,0.8676,0.3467,0.0234
laya_en_en:panel[p3_inferable+p4_supports+position_order_mean+p7_coverage]:top2_mean,panel,laya_en_en,p3_inferable+p4_supports+position_order_mean+p7_coverage,4,top2_mean,0.794,0.0134,0.7357,0.8577,0.328,0.02
laya_en_en_m2m100:panel[nli_order_mean+p3_inferable+p8_similarity]:top2_mean,panel,laya_en_en_m2m100,nli_order_mean+p3_inferable+p8_similarity,3,top2_mean,0.794,0.0146,0.7397,0.8709,0.3459,0.025
laya_en_en_m2m100:nli_order_mean:mean,signal,laya_en_en_m2m100,nli_order_mean,1,mean,0.794,0.0144,0.7377,0.8655,0.3373,0.0217
laya_en_en:panel[nli_order_mean+p3_inferable+p4_supports+p7_coverage]:concatenated,panel,laya_en_en,nli_order_mean+p3_inferable+p4_supports+p7_coverage,4,concatenated,0.7939,0.0092,0.7568,0.8395,0.3373,0.0212
laya_en_en_m2m100:panel[nli_order_mean+p3_inferable+p4_supports]:concatenated,panel,laya_en_en_m2m100,nli_order_mean+p3_inferable+p4_supports,3,concatenated,0.7939,0.0135,0.7369,0.8582,0.322,0.0279
laya_en_en_m2m100:p1_nli:mean,signal,laya_en_en_m2m100,p1_nli,1,mean,0.7938,0.0143,0.7375,0.8653,0.3479,0.0242
laya_en_en:panel[nli_order_mean+p3_inferable+p4_supports+position_order_mean+p7_coverage+p8_similarity]:concatenated,panel,laya_en_en,nli_order_mean+p3_inferable+p4_supports+position_order_mean+p7_coverage+p8_similarity,6,concatenated,0.7938,0.0093,0.7564,0.8398,0.3223,0.0231
laya_en_en:panel[p3_inferable+p4_supports+p7_coverage+p8_similarity]:top2_mean,panel,laya_en_en,p3_inferable+p4_supports+p7_coverage+p8_similarity,4,top2_mean,0.7937,0.014,0.7381,0.8637,0.336,0.0201
laya_en_en_m2m100:panel[nli_order_mean+p4_supports+p7_coverage+p8_similarity]:noisy_or,panel,laya_en_en_m2m100,nli_order_mean+p4_supports+p7_coverage+p8_similarity,4,noisy_or,0.7937,0.0138,0.7395,0.8649,0.3456,0.0229
laya_en_en_m2m100:panel[nli_order_mean+p3_inferable+p4_supports+p8_similarity]:top2_mean,panel,laya_en_en_m2m100,nli_order_mean+p3_inferable+p4_supports+p8_similarity,4,top2_mean,0.7937,0.0146,0.7392,0.8695,0.3482,0.0243
laya_en_en_m2m100:p2_nli_reversed:mean,signal,laya_en_en_m2m100,p2_nli_reversed,1,mean,0.7936,0.0144,0.7379,0.8651,0.3477,0.024
laya_en_en_m2m100:panel[nli_order_mean+p3_inferable+position_order_mean+p8_similarity]:concatenated,panel,laya_en_en_m2m100,nli_order_mean+p3_inferable+position_order_mean+p8_similarity,4,concatenated,0.7935,0.0135,0.7375,0.8576,0.3445,0.0287
laya_en_en_m2m100:panel[nli_order_mean+position_order_mean]:top2_mean,panel,laya_en_en_m2m100,nli_order_mean+position_order_mean,2,top2_mean,0.7935,0.014,0.744,0.8692,0.3341,0.0251
laya_en_en_m2m100:panel[nli_order_mean+p3_inferable+p4_supports]:top2_mean,panel,laya_en_en_m2m100,nli_order_mean+p3_inferable+p4_supports,3,top2_mean,0.7935,0.0144,0.7396,0.8678,0.3583,0.0269
laya_en_en:panel[nli_order_mean+p4_supports+p7_coverage]:mean,panel,laya_en_en,nli_order_mean+p4_supports+p7_coverage,3,mean,0.7933,0.0128,0.7371,0.8549,0.3377,0.0228
laya_en_en:p3_inferable:concatenated,signal,laya_en_en,p3_inferable,1,concatenated,0.7933,0.011,0.7414,0.8438,0.3489,0.0231
laya_en_en_m2m100:panel[nli_order_mean+p3_inferable+p7_coverage+p8_similarity]:noisy_or,panel,laya_en_en_m2m100,nli_order_mean+p3_inferable+p7_coverage+p8_similarity,4,noisy_or,0.7933,0.0139,0.7374,0.8639,0.354,0.0258
laya_en_en:panel[nli_order_mean+position_order_mean+p7_coverage+p8_similarity]:noisy_or,panel,laya_en_en,nli_order_mean+position_order_mean+p7_coverage+p8_similarity,4,noisy_or,0.7932,0.0118,0.7338,0.8533,0.3197,0.0177
laya_en_en:panel[nli_order_mean+p3_inferable+p7_coverage]:mean,panel,laya_en_en,nli_order_mean+p3_inferable+p7_coverage,3,mean,0.7932,0.0131,0.7352,0.8557,0.3433,0.0215
laya_en_en_m2m100:panel[p4_supports+p8_similarity]:noisy_or,panel,laya_en_en_m2m100,p4_supports+p8_similarity,2,noisy_or,0.7932,0.0144,0.7349,0.8653,0.3287,0.0235
laya_en_en:panel[nli_order_mean+p7_coverage+p8_similarity]:noisy_or,panel,laya_en_en,nli_order_mean+p7_coverage+p8_similarity,3,noisy_or,0.7932,0.0122,0.7374,0.8594,0.2997,0.0192
laya_en_en_m2m100:panel[p3_inferable+p4_supports+p7_coverage]:noisy_or,panel,laya_en_en_m2m100,p3_inferable+p4_supports+p7_coverage,3,noisy_or,0.7931,0.0138,0.7402,0.8611,0.3276,0.0218
laya_en_en_m2m100:panel[nli_order_mean+p4_supports]:concatenated,panel,laya_en_en_m2m100,nli_order_mean+p4_supports,2,concatenated,0.7931,0.0138,0.737,0.8617,0.3244,0.0319
laya_en_en:panel[nli_order_mean+position_order_mean+p7_coverage]:top2_mean,panel,laya_en_en,nli_order_mean+position_order_mean+p7_coverage,3,top2_mean,0.7931,0.0131,0.7314,0.8556,0.3255,0.0189
laya_en_en_m2m100:panel[nli_order_mean+p3_inferable+p4_supports+p8_similarity]:concatenated,panel,laya_en_en_m2m100,nli_order_mean+p3_inferable+p4_supports+p8_similarity,4,concatenated,0.7931,0.0136,0.7375,0.8581,0.3171,0.0269
laya_en_en:panel[p4_supports+position_order_mean]:concatenated,panel,laya_en_en,p4_supports+position_order_mean,2,concatenated,0.7931,0.0088,0.7507,0.8357,0.3214,0.0235
laya_en_en:panel[nli_order_mean+p3_inferable+p4_supports+p7_coverage+p8_similarity]:concatenated,panel,laya_en_en,nli_order_mean+p3_inferable+p4_supports+p7_coverage+p8_similarity,5,concatenated,0.7931,0.0093,0.7576,0.84,0.3507,0.022
laya_en_en_m2m100:panel[p3_inferable+position_order_mean]:concatenated,panel,laya_en_en_m2m100,p3_inferable+position_order_mean,2,concatenated,0.7931,0.0129,0.7372,0.8473,0.3138,0.0269
laya_en_en:nli_order_mean:concatenated,signal,laya_en_en,nli_order_mean,1,concatenated,0.793,0.0091,0.7551,0.8323,0.3183,0.0204
laya_en_en:p3_inferable:mean,signal,laya_en_en,p3_inferable,1,mean,0.793,0.0137,0.7412,0.8544,0.3418,0.0221
laya_en_en:p2_nli_reversed:concatenated,signal,laya_en_en,p2_nli_reversed,1,concatenated,0.7929,0.0092,0.7547,0.8321,0.3311,0.0234
laya_en_en_m2m100:panel[nli_order_mean+p3_inferable+p4_supports+position_order_mean+p7_coverage]:concatenated,panel,laya_en_en_m2m100,nli_order_mean+p3_inferable+p4_supports+position_order_mean+p7_coverage,5,concatenated,0.7929,0.0133,0.7351,0.8563,0.3387,0.0289
laya_en_en:panel[p4_supports+p8_similarity]:concatenated,panel,laya_en_en,p4_supports+p8_similarity,2,concatenated,0.7929,0.0096,0.754,0.8381,0.3439,0.0219
laya_en_en:panel[p3_inferable+p4_supports+position_order_mean+p7_coverage+p8_similarity]:top2_mean,panel,laya_en_en,p3_inferable+p4_supports+position_order_mean+p7_coverage+p8_similarity,5,top2_mean,0.7928,0.0135,0.7339,0.8574,0.3271,0.0212
laya_en_en:p1_nli:concatenated,signal,laya_en_en,p1_nli,1,concatenated,0.7928,0.009,0.756,0.8319,0.3166,0.0218
laya_en_en:panel[p3_inferable+position_order_mean]:concatenated,panel,laya_en_en,p3_inferable+position_order_mean,2,concatenated,0.7927,0.0093,0.7542,0.8386,0.3359,0.0221
laya_en_en_m2m100:panel[nli_order_mean+p4_supports+position_order_mean+p8_similarity]:concatenated,panel,laya_en_en_m2m100,nli_order_mean+p4_supports+position_order_mean+p8_similarity,4,concatenated,0.7927,0.0137,0.7351,0.8594,0.3336,0.0259
laya_en_en:panel[nli_order_mean+p3_inferable+p4_supports+position_order_mean+p8_similarity]:mean,panel,laya_en_en,nli_order_mean+p3_inferable+p4_supports+position_order_mean+p8_similarity,5,mean,0.7926,0.0126,0.73,0.8491,0.3547,0.0226
laya_en_en_m2m100:panel[p3_inferable+p4_supports+position_order_mean+p8_similarity]:concatenated,panel,laya_en_en_m2m100,p3_inferable+p4_supports+position_order_mean+p8_similarity,4,concatenated,0.7926,0.0132,0.7375,0.8522,0.3219,0.0268
laya_en_en_m2m100:panel[nli_order_mean+p4_supports+position_order_mean+p8_similarity]:top2_mean,panel,laya_en_en_m2m100,nli_order_mean+p4_supports+position_order_mean+p8_similarity,4,top2_mean,0.7926,0.0145,0.7367,0.8695,0.3521,0.0262
laya_en_en_m2m100:panel[nli_order_mean+p3_inferable+p4_supports+position_order_mean+p8_similarity]:top2_mean,panel,laya_en_en_m2m100,nli_order_mean+p3_inferable+p4_supports+position_order_mean+p8_similarity,5,top2_mean,0.7925,0.0145,0.7369,0.8678,0.363,0.0277
laya_en_en_m2m100:panel[p3_inferable+p4_supports+position_order_mean+p7_coverage]:noisy_or,panel,laya_en_en_m2m100,p3_inferable+p4_supports+position_order_mean+p7_coverage,4,noisy_or,0.7925,0.0136,0.7383,0.8604,0.3526,0.0247
laya_multi_pt:panel[nli_order_mean+p3_inferable+p4_supports+p8_similarity]:max,panel,laya_multi_pt,nli_order_mean+p3_inferable+p4_supports+p8_similarity,4,max,0.7924,0.0128,0.7198,0.8449,0.3157,0.0216
laya_en_en_m2m100:panel[nli_order_mean+p3_inferable+p8_similarity]:concatenated,panel,laya_en_en_m2m100,nli_order_mean+p3_inferable+p8_similarity,3,concatenated,0.7924,0.0134,0.7381,0.8571,0.3186,0.0278
laya_en_en:panel[p4_supports+position_order_mean+p8_similarity]:concatenated,panel,laya_en_en,p4_supports+position_order_mean+p8_similarity,3,concatenated,0.7923,0.0092,0.75,0.8377,0.3272,0.0234
laya_en_en:panel[p4_supports+position_order_mean+p7_coverage+p8_similarity]:noisy_or,panel,laya_en_en,p4_supports+position_order_mean+p7_coverage+p8_similarity,4,noisy_or,0.7923,0.0121,0.7335,0.852,0.3294,0.0185
laya_en_en:panel[nli_order_mean+p7_coverage+p8_similarity]:top2_mean,panel,laya_en_en,nli_order_mean+p7_coverage+p8_similarity,3,top2_mean,0.7922,0.0134,0.7365,0.8601,0.3216,0.0192
laya_en_en:panel[p3_inferable+position_order_mean+p8_similarity]:top2_mean,panel,laya_en_en,p3_inferable+position_order_mean+p8_similarity,3,top2_mean,0.7922,0.0132,0.7308,0.8526,0.3301,0.0197
laya_en_en_m2m100:panel[nli_order_mean+position_order_mean+p8_similarity]:noisy_or,panel,laya_en_en_m2m100,nli_order_mean+position_order_mean+p8_similarity,3,noisy_or,0.7922,0.0136,0.737,0.865,0.3479,0.0261
laya_en_en:panel[p4_supports+position_order_mean+p8_similarity]:top2_mean,panel,laya_en_en,p4_supports+position_order_mean+p8_similarity,3,top2_mean,0.7921,0.0132,0.7312,0.853,0.3302,0.019
laya_en_en_m2m100:p3_inferable:concatenated,signal,laya_en_en_m2m100,p3_inferable,1,concatenated,0.7921,0.0127,0.7346,0.8532,0.3289,0.0274
laya_en_en:panel[nli_order_mean+p4_supports+position_order_mean+p7_coverage]:concatenated,panel,laya_en_en,nli_order_mean+p4_supports+position_order_mean+p7_coverage,4,concatenated,0.7921,0.0091,0.7554,0.8362,0.3171,0.0242
laya_en_en:panel[p4_supports+p7_coverage+p8_similarity]:noisy_or,panel,laya_en_en,p4_supports+p7_coverage+p8_similarity,3,noisy_or,0.7921,0.0123,0.7391,0.8578,0.3276,0.0183
laya_en_en_m2m100:panel[p3_inferable+p8_similarity]:noisy_or,panel,laya_en_en_m2m100,p3_inferable+p8_similarity,2,noisy_or,0.792,0.0143,0.731,0.8621,0.337,0.0253
laya_en_en_m2m100:panel[nli_order_mean+p4_supports+position_order_mean+p7_coverage+p8_similarity]:noisy_or,panel,laya_en_en_m2m100,nli_order_mean+p4_supports+position_order_mean+p7_coverage+p8_similarity,5,noisy_or,0.792,0.0136,0.7374,0.8627,0.3437,0.0226
laya_en_en_m2m100:panel[nli_order_mean+p3_inferable+position_order_mean+p8_similarity]:top2_mean,panel,laya_en_en_m2m100,nli_order_mean+p3_inferable+position_order_mean+p8_similarity,4,top2_mean,0.792,0.0145,0.7361,0.8678,0.3443,0.0267
laya_en_en:panel[p3_inferable+p8_similarity]:concatenated,panel,laya_en_en,p3_inferable+p8_similarity,2,concatenated,0.792,0.0101,0.7534,0.8439,0.3412,0.0227
laya_en_en:panel[p3_inferable+position_order_mean+p8_similarity]:concatenated,panel,laya_en_en,p3_inferable+position_order_mean+p8_similarity,3,concatenated,0.7919,0.0096,0.7533,0.8401,0.3254,0.024
laya_en_en:panel[nli_order_mean+p3_inferable+p4_supports+p7_coverage+p8_similarity]:mean,panel,laya_en_en,nli_order_mean+p3_inferable+p4_supports+p7_coverage+p8_similarity,5,mean,0.7917,0.0129,0.7333,0.854,0.3356,0.0198
laya_en_en:panel[p3_inferable+position_order_mean+p7_coverage+p8_similarity]:noisy_or,panel,laya_en_en,p3_inferable+position_order_mean+p7_coverage+p8_similarity,4,noisy_or,0.7916,0.0122,0.7312,0.8506,0.3344,0.0184
laya_en_en_m2m100:panel[nli_order_mean+p3_inferable+position_order_mean+p7_coverage+p8_similarity]:noisy_or,panel,laya_en_en_m2m100,nli_order_mean+p3_inferable+position_order_mean+p7_coverage+p8_similarity,5,noisy_or,0.7916,0.0136,0.7355,0.8612,0.3481,0.0255
laya_en_en:panel[p3_inferable+p7_coverage+p8_similarity]:noisy_or,panel,laya_en_en,p3_inferable+p7_coverage+p8_similarity,3,noisy_or,0.7916,0.0126,0.7364,0.8572,0.3237,0.02
laya_en_en:panel[nli_order_mean+p3_inferable+position_order_mean+p7_coverage]:concatenated,panel,laya_en_en,nli_order_mean+p3_inferable+position_order_mean+p7_coverage,4,concatenated,0.7916,0.0093,0.7563,0.8375,0.3206,0.024
laya_multi_pt:p2_nli_reversed:max,signal,laya_multi_pt,p2_nli_reversed,1,max,0.7915,0.012,0.7338,0.8388,0.2979,0.0222
laya_en_en:panel[p3_inferable+p7_coverage]:top2_mean,panel,laya_en_en,p3_inferable+p7_coverage,2,top2_mean,0.7914,0.0139,0.7373,0.8607,0.3382,0.0224
laya_multi_pt:p3_inferable:noisy_or,signal,laya_multi_pt,p3_inferable,1,noisy_or,0.7913,0.015,0.7208,0.8533,0.3022,0.022
laya_en_en:panel[nli_order_mean+p3_inferable+p4_supports+position_order_mean+p7_coverage]:mean,panel,laya_en_en,nli_order_mean+p3_inferable+p4_supports+position_order_mean+p7_coverage,5,mean,0.7913,0.0126,0.7295,0.8469,0.3481,0.0201
laya_en_en:panel[p3_inferable+p4_supports+p8_similarity]:mean,panel,laya_en_en,p3_inferable+p4_supports+p8_similarity,3,mean,0.7913,0.013,0.7333,0.8538,0.3493,0.0201
laya_en_en_m2m100:panel[nli_order_mean+p4_supports+p8_similarity]:concatenated,panel,laya_en_en_m2m100,nli_order_mean+p4_supports+p8_similarity,3,concatenated,0.7912,0.0138,0.7374,0.8595,0.3332,0.0274
laya_en_en:panel[nli_order_mean+position_order_mean+p7_coverage+p8_similarity]:top2_mean,panel,laya_en_en,nli_order_mean+position_order_mean+p7_coverage+p8_similarity,4,top2_mean,0.7912,0.0132,0.7294,0.8544,0.3145,0.017
laya_multi_pt:nli_order_mean:max,signal,laya_multi_pt,nli_order_mean,1,max,0.7912,0.012,0.7325,0.8385,0.308,0.0208
laya_en_en:panel[nli_order_mean+p8_similarity]:mean,panel,laya_en_en,nli_order_mean+p8_similarity,2,mean,0.7912,0.0126,0.7288,0.8554,0.3113,0.02
laya_multi_pt:panel[nli_order_mean+p3_inferable+p4_supports+position_order_mean]:max,panel,laya_multi_pt,nli_order_mean+p3_inferable+p4_supports+position_order_mean,4,max,0.7912,0.0125,0.7255,0.8409,0.3026,0.021
laya_en_en:panel[nli_order_mean+position_order_mean]:concatenated,panel,laya_en_en,nli_order_mean+position_order_mean,2,concatenated,0.7911,0.0092,0.7531,0.8315,0.3265,0.0229
laya_en_en:panel[p3_inferable+p4_supports+position_order_mean+p7_coverage]:concatenated,panel,laya_en_en,p3_inferable+p4_supports+position_order_mean+p7_coverage,4,concatenated,0.791,0.0094,0.7525,0.8393,0.3247,0.0233
laya_multi_pt:panel[p3_inferable+p4_supports]:noisy_or,panel,laya_multi_pt,p3_inferable+p4_supports,2,noisy_or,0.791,0.0152,0.7179,0.8535,0.3048,0.023
laya_en_en_m2m100:panel[nli_order_mean+p3_inferable+position_order_mean+p7_coverage]:concatenated,panel,laya_en_en_m2m100,nli_order_mean+p3_inferable+position_order_mean+p7_coverage,4,concatenated,0.7909,0.0132,0.7331,0.8546,0.3304,0.0257
laya_en_en_m2m100:panel[nli_order_mean+p3_inferable+p4_supports+p7_coverage]:concatenated,panel,laya_en_en_m2m100,nli_order_mean+p3_inferable+p4_supports+p7_coverage,4,concatenated,0.7909,0.0134,0.7363,0.8557,0.3213,0.0259
laya_en_en:panel[nli_order_mean+p4_supports+p7_coverage]:concatenated,panel,laya_en_en,nli_order_mean+p4_supports+p7_coverage,3,concatenated,0.7909,0.0091,0.7575,0.8348,0.3278,0.02
laya_multi_pt:panel[nli_order_mean+p3_inferable+p4_supports]:noisy_or,panel,laya_multi_pt,nli_order_mean+p3_inferable+p4_supports,3,noisy_or,0.7909,0.0145,0.7228,0.8505,0.3036,0.022
laya_en_en:panel[nli_order_mean+p4_supports+position_order_mean+p7_coverage+p8_similarity]:concatenated,panel,laya_en_en,nli_order_mean+p4_supports+position_order_mean+p7_coverage+p8_similarity,5,concatenated,0.7909,0.0092,0.7536,0.8358,0.311,0.0234
laya_en_en:panel[p4_supports+p7_coverage]:top2_mean,panel,laya_en_en,p4_supports+p7_coverage,2,top2_mean,0.7909,0.0137,0.7367,0.86,0.3308,0.0184
laya_en_en_m2m100:panel[nli_order_mean+p3_inferable+p4_supports+p7_coverage]:top2_mean,panel,laya_en_en_m2m100,nli_order_mean+p3_inferable+p4_supports+p7_coverage,4,top2_mean,0.7908,0.0143,0.738,0.8645,0.3291,0.0217
laya_multi_pt:panel[nli_order_mean+p3_inferable+p4_supports+p7_coverage]:max,panel,laya_multi_pt,nli_order_mean+p3_inferable+p4_supports+p7_coverage,4,max,0.7908,0.0123,0.7195,0.8479,0.3156,0.0197
laya_en_en_m2m100:panel[p3_inferable+p4_supports+p8_similarity]:concatenated,panel,laya_en_en_m2m100,p3_inferable+p4_supports+p8_similarity,3,concatenated,0.7908,0.0131,0.7373,0.8498,0.3029,0.0256
laya_en_en_m2m100:panel[p3_inferable+p4_supports]:concatenated,panel,laya_en_en_m2m100,p3_inferable+p4_supports,2,concatenated,0.7908,0.0132,0.7331,0.8542,0.3316,0.0281
laya_en_en_m2m100:panel[nli_order_mean+p3_inferable+p4_supports+position_order_mean+p7_coverage+p8_similarity]:concatenated,panel,laya_en_en_m2m100,nli_order_mean+p3_inferable+p4_supports+position_order_mean+p7_coverage+p8_similarity,6,concatenated,0.7908,0.0134,0.7347,0.8551,0.3229,0.0279
laya_en_en_m2m100:panel[nli_order_mean+position_order_mean+p8_similarity]:top2_mean,panel,laya_en_en_m2m100,nli_order_mean+position_order_mean+p8_similarity,3,top2_mean,0.7907,0.0143,0.737,0.8678,0.3342,0.0261
laya_en_en_m2m100:panel[p4_supports+position_order_mean]:concatenated,panel,laya_en_en_m2m100,p4_supports+position_order_mean,2,concatenated,0.7907,0.0134,0.7317,0.852,0.3309,0.0278
laya_multi_pt:p1_nli:max,signal,laya_multi_pt,p1_nli,1,max,0.7906,0.0119,0.7312,0.8394,0.3132,0.0217
laya_en_en_m2m100:p1_nli:concatenated,signal,laya_en_en_m2m100,p1_nli,1,concatenated,0.7906,0.0139,0.7352,0.8637,0.3035,0.0286
laya_en_en_m2m100:panel[nli_order_mean+p4_supports+p7_coverage]:top2_mean,panel,laya_en_en_m2m100,nli_order_mean+p4_supports+p7_coverage,3,top2_mean,0.7905,0.0142,0.7387,0.8654,0.3359,0.0246
laya_en_en:panel[p3_inferable+p4_supports+position_order_mean+p7_coverage+p8_similarity]:concatenated,panel,laya_en_en,p3_inferable+p4_supports+position_order_mean+p7_coverage+p8_similarity,5,concatenated,0.7905,0.0095,0.7518,0.8389,0.3258,0.023
laya_en_en_m2m100:panel[nli_order_mean+p7_coverage]:noisy_or,panel,laya_en_en_m2m100,nli_order_mean+p7_coverage,2,noisy_or,0.7905,0.0133,0.7404,0.8608,0.3149,0.0236
laya_en_en_m2m100:panel[nli_order_mean+p3_inferable+p4_supports+position_order_mean+p7_coverage]:top2_mean,panel,laya_en_en_m2m100,nli_order_mean+p3_inferable+p4_supports+position_order_mean+p7_coverage,5,top2_mean,0.7905,0.0143,0.7357,0.8646,0.3579,0.0245
laya_en_en_m2m100:panel[position_order_mean+p7_coverage+p8_similarity]:max,panel,laya_en_en_m2m100,position_order_mean+p7_coverage+p8_similarity,3,max,0.7905,0.0125,0.7406,0.8535,0.326,0.0254
laya_en_en:panel[nli_order_mean+p3_inferable+position_order_mean+p7_coverage+p8_similarity]:concatenated,panel,laya_en_en,nli_order_mean+p3_inferable+position_order_mean+p7_coverage+p8_similarity,5,concatenated,0.7904,0.0093,0.7547,0.8368,0.3104,0.0232
laya_en_en_m2m100:panel[nli_order_mean+p3_inferable+p7_coverage]:top2_mean,panel,laya_en_en_m2m100,nli_order_mean+p3_inferable+p7_coverage,3,top2_mean,0.7903,0.0143,0.7377,0.8642,0.3405,0.0233
laya_en_en:panel[nli_order_mean+p3_inferable+p7_coverage]:concatenated,panel,laya_en_en,nli_order_mean+p3_inferable+p7_coverage,3,concatenated,0.7902,0.0094,0.7564,0.8384,0.3394,0.0227
laya_multi_pt:panel[nli_order_mean+p3_inferable]:noisy_or,panel,laya_multi_pt,nli_order_mean+p3_inferable,2,noisy_or,0.7902,0.014,0.7252,0.8473,0.3095,0.0228
laya_en_en:panel[p3_inferable+p4_supports+position_order_mean]:mean,panel,laya_en_en,p3_inferable+p4_supports+position_order_mean,3,mean,0.7901,0.0127,0.7276,0.8443,0.3473,0.0195
laya_en_en_m2m100:nli_order_mean:concatenated,signal,laya_en_en_m2m100,nli_order_mean,1,concatenated,0.7901,0.0139,0.7351,0.8626,0.3007,0.0282
laya_en_en_m2m100:panel[p4_supports+position_order_mean+p8_similarity]:noisy_or,panel,laya_en_en_m2m100,p4_supports+position_order_mean+p8_similarity,3,noisy_or,0.7901,0.0139,0.7327,0.8608,0.3544,0.0241
laya_en_en_m2m100:panel[nli_order_mean+p4_supports]:mean,panel,laya_en_en_m2m100,nli_order_mean+p4_supports,2,mean,0.7901,0.0148,0.7353,0.86,0.3456,0.0257
laya_en_en_m2m100:panel[nli_order_mean+p4_supports+position_order_mean+p7_coverage]:concatenated,panel,laya_en_en_m2m100,nli_order_mean+p4_supports+position_order_mean+p7_coverage,4,concatenated,0.79,0.0135,0.7303,0.8565,0.3209,0.0251
laya_en_en_m2m100:panel[p3_inferable+p4_supports+p7_coverage+p8_similarity]:noisy_or,panel,laya_en_en_m2m100,p3_inferable+p4_supports+p7_coverage+p8_similarity,4,noisy_or,0.79,0.0141,0.7333,0.8592,0.3295,0.023
laya_en_en_m2m100:panel[p3_inferable+p4_supports+position_order_mean+p7_coverage]:concatenated,panel,laya_en_en_m2m100,p3_inferable+p4_supports+position_order_mean+p7_coverage,4,concatenated,0.79,0.0129,0.7334,0.8481,0.3144,0.0286
laya_multi_pt:panel[nli_order_mean+p3_inferable+p4_supports+position_order_mean+p8_similarity]:max,panel,laya_multi_pt,nli_order_mean+p3_inferable+p4_supports+position_order_mean+p8_similarity,5,max,0.7899,0.0123,0.7211,0.8388,0.3075,0.022
laya_en_en_m2m100:panel[nli_order_mean+p4_supports+position_order_mean+p7_coverage]:top2_mean,panel,laya_en_en_m2m100,nli_order_mean+p4_supports+position_order_mean+p7_coverage,4,top2_mean,0.7899,0.0141,0.736,0.8645,0.3485,0.0249
laya_multi_pt:panel[nli_order_mean+p3_inferable+p4_supports+position_order_mean+p7_coverage]:max,panel,laya_multi_pt,nli_order_mean+p3_inferable+p4_supports+position_order_mean+p7_coverage,5,max,0.7899,0.0117,0.7231,0.8409,0.3135,0.0207
laya_en_en_m2m100:panel[p3_inferable+position_order_mean+p8_similarity]:concatenated,panel,laya_en_en_m2m100,p3_inferable+position_order_mean+p8_similarity,3,concatenated,0.7899,0.013,0.7367,0.847,0.3337,0.0273
laya_en_en:panel[nli_order_mean+p4_supports+p7_coverage+p8_similarity]:concatenated,panel,laya_en_en,nli_order_mean+p4_supports+p7_coverage+p8_similarity,4,concatenated,0.7898,0.0092,0.7551,0.8346,0.3301,0.0204
laya_en_en:panel[p4_supports+position_order_mean+p7_coverage]:top2_mean,panel,laya_en_en,p4_supports+position_order_mean+p7_coverage,3,top2_mean,0.7898,0.0132,0.7285,0.8515,0.3295,0.0176
laya_en_en_m2m100:p2_nli_reversed:concatenated,signal,laya_en_en_m2m100,p2_nli_reversed,1,concatenated,0.7898,0.014,0.7337,0.8617,0.3032,0.0286
laya_multi_pt:p4_supports:noisy_or,signal,laya_multi_pt,p4_supports,1,noisy_or,0.7898,0.0153,0.7155,0.853,0.3033,0.0204
laya_multi_pt:panel[nli_order_mean+p4_supports]:noisy_or,panel,laya_multi_pt,nli_order_mean+p4_supports,2,noisy_or,0.7897,0.0142,0.7244,0.8476,0.3176,0.0224
laya_en_en:panel[nli_order_mean+position_order_mean+p8_similarity]:concatenated,panel,laya_en_en,nli_order_mean+position_order_mean+p8_similarity,3,concatenated,0.7897,0.0094,0.7516,0.8324,0.3149,0.022
laya_multi_en_m2m100:panel[p3_inferable+p4_supports]:max,panel,laya_multi_en_m2m100,p3_inferable+p4_supports,2,max,0.7897,0.0161,0.7157,0.8807,0.2507,0.025
laya_en_en:panel[nli_order_mean+p8_similarity]:concatenated,panel,laya_en_en,nli_order_mean+p8_similarity,2,concatenated,0.7897,0.0096,0.7514,0.8329,0.3277,0.0216
laya_en_en:panel[nli_order_mean+p4_supports+position_order_mean+p8_similarity]:mean,panel,laya_en_en,nli_order_mean+p4_supports+position_order_mean+p8_similarity,4,mean,0.7896,0.0122,0.7232,0.8439,0.3363,0.0206
laya_en_en:panel[p3_inferable+position_order_mean+p7_coverage]:top2_mean,panel,laya_en_en,p3_inferable+position_order_mean+p7_coverage,3,top2_mean,0.7896,0.0131,0.7281,0.8502,0.3244,0.0187
laya_en_en_m2m100:panel[position_order_mean+p7_coverage]:max,panel,laya_en_en_m2m100,position_order_mean+p7_coverage,2,max,0.7895,0.0124,0.7346,0.8547,0.3247,0.0239
laya_multi_en_m2m100:p4_supports:max,signal,laya_multi_en_m2m100,p4_supports,1,max,0.7895,0.0163,0.7129,0.881,0.2421,0.0236
laya_en_en_m2m100:panel[nli_order_mean+p3_inferable+p4_supports+p7_coverage+p8_similarity]:top2_mean,panel,laya_en_en_m2m100,nli_order_mean+p3_inferable+p4_supports+p7_coverage+p8_similarity,5,top2_mean,0.7895,0.0145,0.7348,0.8644,0.334,0.0241
laya_en_en_m2m100:panel[nli_order_mean+p3_inferable+p7_coverage]:concatenated,panel,laya_en_en_m2m100,nli_order_mean+p3_inferable+p7_coverage,3,concatenated,0.7895,0.0132,0.7356,0.8534,0.331,0.0278
laya_en_en_m2m100:panel[p3_inferable+p4_supports+position_order_mean+p7_coverage+p8_similarity]:noisy_or,panel,laya_en_en_m2m100,p3_inferable+p4_supports+position_order_mean+p7_coverage+p8_similarity,5,noisy_or,0.7893,0.0138,0.7321,0.858,0.3597,0.0234
laya_en_en_m2m100:panel[nli_order_mean+p3_inferable+position_order_mean+p7_coverage]:top2_mean,panel,laya_en_en_m2m100,nli_order_mean+p3_inferable+position_order_mean+p7_coverage,4,top2_mean,0.7893,0.0142,0.7348,0.8634,0.3441,0.0257
laya_en_en_m2m100:panel[nli_order_mean+p3_inferable]:mean,panel,laya_en_en_m2m100,nli_order_mean+p3_inferable,2,mean,0.7892,0.0146,0.7347,0.856,0.3471,0.0267
laya_multi_en:learned,learned,laya_multi_en,,24,learned,0.7892,0.0156,0.6923,0.8607,0.2916,0.0319
laya_en_en_m2m100:panel[nli_order_mean+position_order_mean+p7_coverage]:noisy_or,panel,laya_en_en_m2m100,nli_order_mean+position_order_mean+p7_coverage,3,noisy_or,0.7892,0.0133,0.7357,0.859,0.3283,0.0247
laya_en_en_m2m100:panel[nli_order_mean+p3_inferable+p4_supports+p7_coverage+p8_similarity]:concatenated,panel,laya_en_en_m2m100,nli_order_mean+p3_inferable+p4_supports+p7_coverage+p8_similarity,5,concatenated,0.7892,0.0134,0.7351,0.8534,0.3174,0.0258
laya_en_en_m2m100:panel[nli_order_mean+position_order_mean]:concatenated,panel,laya_en_en_m2m100,nli_order_mean+position_order_mean,2,concatenated,0.7892,0.014,0.7299,0.8592,0.3419,0.0266
laya_multi_pt:panel[nli_order_mean+p3_inferable+p4_supports+position_order_mean+p7_coverage+p8_similarity]:max,panel,laya_multi_pt,nli_order_mean+p3_inferable+p4_supports+position_order_mean+p7_coverage+p8_similarity,6,max,0.7892,0.0119,0.7192,0.84,0.3057,0.0191
laya_en_en:panel[nli_order_mean+p3_inferable+p7_coverage+p8_similarity]:concatenated,panel,laya_en_en,nli_order_mean+p3_inferable+p7_coverage+p8_similarity,4,concatenated,0.7891,0.0095,0.7561,0.8379,0.322,0.0226
laya_en_en_m2m100:panel[nli_order_mean+p3_inferable+p4_supports+position_order_mean+p7_coverage+p8_similarity]:top2_mean,panel,laya_en_en_m2m100,nli_order_mean+p3_inferable+p4_supports+position_order_mean+p7_coverage+p8_similarity,6,top2_mean,0.7891,0.0144,0.7338,0.8637,0.3368,0.025
laya_multi_pt:panel[nli_order_mean+p3_inferable+p8_similarity]:max,panel,laya_multi_pt,nli_order_mean+p3_inferable+p8_similarity,3,max,0.7891,0.0127,0.7172,0.8395,0.2934,0.022
laya_multi_en_m2m100:p3_inferable:max,signal,laya_multi_en_m2m100,p3_inferable,1,max,0.7891,0.0161,0.7175,0.8801,0.2554,0.0254
laya_en_en:panel[nli_order_mean+p3_inferable+position_order_mean+p8_similarity]:mean,panel,laya_en_en,nli_order_mean+p3_inferable+position_order_mean+p8_similarity,4,mean,0.7891,0.0124,0.7216,0.8436,0.3377,0.0199
laya_en_en_m2m100:panel[p3_inferable+p8_similarity]:concatenated,panel,laya_en_en_m2m100,p3_inferable+p8_similarity,2,concatenated,0.7891,0.0127,0.7354,0.8458,0.3045,0.0227
laya_en_en:panel[p3_inferable+p4_supports+p7_coverage]:concatenated,panel,laya_en_en,p3_inferable+p4_supports+p7_coverage,3,concatenated,0.7891,0.0098,0.7487,0.8386,0.3409,0.0209
laya_multi_en_m2m100:learned,learned,laya_multi_en_m2m100,,24,learned,0.7889,0.0173,0.7203,0.8791,0.2915,0.0206
laya_en_en:panel[p3_inferable+p4_supports+p7_coverage]:mean,panel,laya_en_en,p3_inferable+p4_supports+p7_coverage,3,mean,0.7887,0.0131,0.7321,0.8501,0.3305,0.0194
laya_en_en:panel[p3_inferable+p4_supports+p7_coverage+p8_similarity]:concatenated,panel,laya_en_en,p3_inferable+p4_supports+p7_coverage+p8_similarity,4,concatenated,0.7887,0.0097,0.7505,0.8396,0.3464,0.0226
laya_en_en_m2m100:panel[nli_order_mean+p4_supports+p7_coverage+p8_similarity]:top2_mean,panel,laya_en_en_m2m100,nli_order_mean+p4_supports+p7_coverage+p8_similarity,4,top2_mean,0.7887,0.0144,0.734,0.8642,0.3381,0.0243
laya_en_en_m2m100:panel[p3_inferable+position_order_mean+p8_similarity]:noisy_or,panel,laya_en_en_m2m100,p3_inferable+position_order_mean+p8_similarity,3,noisy_or,0.7887,0.014,0.7288,0.8577,0.3573,0.0245
laya_multi_pt:panel[p3_inferable+p4_supports+p8_similarity]:max,panel,laya_multi_pt,p3_inferable+p4_supports+p8_similarity,3,max,0.7887,0.014,0.7033,0.8446,0.2972,0.0213
laya_multi_pt:panel[nli_order_mean+p3_inferable+p4_supports+p7_coverage+p8_similarity]:max,panel,laya_multi_pt,nli_order_mean+p3_inferable+p4_supports+p7_coverage+p8_similarity,5,max,0.7886,0.0125,0.7134,0.8442,0.3226,0.0203
laya_en_en:panel[nli_order_mean+p4_supports+p7_coverage+p8_similarity]:mean,panel,laya_en_en,nli_order_mean+p4_supports+p7_coverage+p8_similarity,4,mean,0.7886,0.0127,0.7274,0.8511,0.3373,0.0214
laya_en_en:panel[p3_inferable+p7_coverage+p8_similarity]:top2_mean,panel,laya_en_en,p3_inferable+p7_coverage+p8_similarity,3,top2_mean,0.7886,0.0139,0.7322,0.8584,0.3317,0.0196
laya_en_en_m2m100:panel[nli_order_mean+p3_inferable+p7_coverage+p8_similarity]:top2_mean,panel,laya_en_en_m2m100,nli_order_mean+p3_inferable+p7_coverage+p8_similarity,4,top2_mean,0.7885,0.0145,0.7333,0.8634,0.3313,0.0243
laya_multi_pt:panel[nli_order_mean+p4_supports+p8_similarity]:max,panel,laya_multi_pt,nli_order_mean+p4_supports+p8_similarity,3,max,0.7885,0.0129,0.7148,0.84,0.3099,0.023
laya_en_en:panel[p4_supports+p7_coverage+p8_similarity]:top2_mean,panel,laya_en_en,p4_supports+p7_coverage+p8_similarity,3,top2_mean,0.7884,0.0137,0.733,0.8581,0.3383,0.0192
laya_en_en_m2m100:panel[nli_order_mean+p3_inferable+position_order_mean+p7_coverage+p8_similarity]:concatenated,panel,laya_en_en_m2m100,nli_order_mean+p3_inferable+position_order_mean+p7_coverage+p8_similarity,5,concatenated,0.7884,0.0132,0.7336,0.8517,0.3228,0.0252
laya_multi_pt:panel[p3_inferable+p4_supports+position_order_mean]:max,panel,laya_multi_pt,p3_inferable+p4_supports+position_order_mean,3,max,0.7884,0.0127,0.7189,0.8378,0.3094,0.0205
laya_en_en:panel[nli_order_mean+position_order_mean]:mean,panel,laya_en_en,nli_order_mean+position_order_mean,2,mean,0.7883,0.0118,0.7213,0.8358,0.3142,0.0194
laya_en_en_m2m100:panel[p3_inferable+p4_supports+position_order_mean]:top2_mean,panel,laya_en_en_m2m100,p3_inferable+p4_supports+position_order_mean,3,top2_mean,0.7883,0.0144,0.7327,0.8601,0.3564,0.0251
laya_en_en_m2m100:p3_inferable:top2_mean,signal,laya_en_en_m2m100,p3_inferable,1,top2_mean,0.7883,0.0147,0.7306,0.8608,0.3507,0.0269
laya_en_en_m2m100:panel[p4_supports+position_order_mean+p8_similarity]:concatenated,panel,laya_en_en_m2m100,p4_supports+position_order_mean+p8_similarity,3,concatenated,0.7883,0.0134,0.7317,0.8509,0.3227,0.0262
laya_en_en_m2m100:panel[nli_order_mean+p4_supports+position_order_mean+p7_coverage+p8_similarity]:top2_mean,panel,laya_en_en_m2m100,nli_order_mean+p4_supports+position_order_mean+p7_coverage+p8_similarity,5,top2_mean,0.7882,0.0144,0.7338,0.8639,0.3375,0.0245
laya_en_en:panel[nli_order_mean+p3_inferable+p7_coverage+p8_similarity]:mean,panel,laya_en_en,nli_order_mean+p3_inferable+p7_coverage+p8_similarity,4,mean,0.7882,0.0129,0.7248,0.8508,0.3393,0.0191
laya_en_en_m2m100:panel[nli_order_mean+p3_inferable+p4_supports]:mean,panel,laya_en_en_m2m100,nli_order_mean+p3_inferable+p4_supports,3,mean,0.7881,0.0147,0.7334,0.8558,0.3518,0.026
laya_en_en_m2m100:panel[nli_order_mean+p7_coverage]:top2_mean,panel,laya_en_en_m2m100,nli_order_mean+p7_coverage,2,top2_mean,0.7881,0.0139,0.7392,0.8633,0.3123,0.0248
laya_en_en_m2m100:panel[p3_inferable+p4_supports]:top2_mean,panel,laya_en_en_m2m100,p3_inferable+p4_supports,2,top2_mean,0.7881,0.0145,0.7344,0.8603,0.3466,0.0254
laya_en_en_m2m100:panel[p3_inferable+p4_supports+p8_similarity]:top2_mean,panel,laya_en_en_m2m100,p3_inferable+p4_supports+p8_similarity,3,top2_mean,0.7881,0.0146,0.7319,0.8622,0.3384,0.0229
laya_en_en_m2m100:panel[nli_order_mean+p4_supports+p7_coverage]:concatenated,panel,laya_en_en_m2m100,nli_order_mean+p4_supports+p7_coverage,3,concatenated,0.788,0.0136,0.7318,0.8558,0.3144,0.0255
laya_en_en_m2m100:panel[p3_inferable+p4_supports+position_order_mean+p7_coverage+p8_similarity]:concatenated,panel,laya_en_en_m2m100,p3_inferable+p4_supports+position_order_mean+p7_coverage+p8_similarity,5,concatenated,0.788,0.0129,0.7334,0.8474,0.3138,0.0272
laya_en_en:panel[p4_supports+position_order_mean+p7_coverage+p8_similarity]:top2_mean,panel,laya_en_en,p4_supports+position_order_mean+p7_coverage+p8_similarity,4,top2_mean,0.788,0.0134,0.7261,0.8513,0.3374,0.0179
laya_multi_pt:panel[nli_order_mean+p3_inferable+position_order_mean]:max,panel,laya_multi_pt,nli_order_mean+p3_inferable+position_order_mean,3,max,0.7879,0.0122,0.7247,0.8377,0.3124,0.0209
laya_en_en:panel[nli_order_mean+p4_supports+position_order_mean+p7_coverage]:mean,panel,laya_en_en,nli_order_mean+p4_supports+position_order_mean+p7_coverage,4,mean,0.7879,0.0123,0.7228,0.842,0.3392,0.0204
laya_en_en:panel[nli_order_mean+p3_inferable+p4_supports+position_order_mean+p7_coverage+p8_similarity]:mean,panel,laya_en_en,nli_order_mean+p3_inferable+p4_supports+position_order_mean+p7_coverage+p8_similarity,6,mean,0.7879,0.0125,0.7228,0.8445,0.3362,0.0203
laya_en_en_m2m100:panel[nli_order_mean+p4_supports+position_order_mean+p7_coverage+p8_similarity]:concatenated,panel,laya_en_en_m2m100,nli_order_mean+p4_supports+position_order_mean+p7_coverage+p8_similarity,5,concatenated,0.7878,0.0135,0.7308,0.8537,0.3119,0.0265
laya_multi_pt:panel[nli_order_mean+p3_inferable+p7_coverage]:max,panel,laya_multi_pt,nli_order_mean+p3_inferable+p7_coverage,3,max,0.7878,0.0122,0.7179,0.8446,0.3067,0.0212
laya_en_en:panel[p3_inferable+position_order_mean+p7_coverage+p8_similarity]:top2_mean,panel,laya_en_en,p3_inferable+position_order_mean+p7_coverage+p8_similarity,4,top2_mean,0.7878,0.0134,0.7247,0.8505,0.3171,0.0182
laya_en_en_m2m100:panel[nli_order_mean+p3_inferable+position_order_mean+p7_coverage+p8_similarity]:top2_mean,panel,laya_en_en_m2m100,nli_order_mean+p3_inferable+position_order_mean+p7_coverage+p8_similarity,5,top2_mean,0.7877,0.0144,0.7316,0.8631,0.3425,0.0256
laya_en_en_m2m100:p4_supports:concatenated,signal,laya_en_en_m2m100,p4_supports,1,concatenated,0.7877,0.0134,0.73,0.852,0.3288,0.0281
laya_en_en_m2m100:p4_supports:top2_mean,signal,laya_en_en_m2m100,p4_supports,1,top2_mean,0.7877,0.0143,0.7372,0.859,0.3274,0.0234
laya_en_en_m2m100:panel[nli_order_mean+p3_inferable+p4_supports+p8_similarity]:mean,panel,laya_en_en_m2m100,nli_order_mean+p3_inferable+p4_supports+p8_similarity,4,mean,0.7876,0.0147,0.7298,0.8579,0.3446,0.0289
laya_en_en:p6_position_reversed:noisy_or,signal,laya_en_en,p6_position_reversed,1,noisy_or,0.7876,0.0113,0.7223,0.8339,0.3032,0.0203
laya_multi_pt:panel[p3_inferable+p4_supports+position_order_mean+p8_similarity]:max,panel,laya_multi_pt,p3_inferable+p4_supports+position_order_mean+p8_similarity,4,max,0.7875,0.0126,0.7134,0.8374,0.2968,0.0204
laya_en_en:panel[nli_order_mean+p3_inferable+position_order_mean+p7_coverage]:mean,panel,laya_en_en,nli_order_mean+p3_inferable+position_order_mean+p7_coverage,4,mean,0.7875,0.0125,0.7206,0.8411,0.3412,0.0202
laya_multi_pt:panel[nli_order_mean+p4_supports+position_order_mean]:max,panel,laya_multi_pt,nli_order_mean+p4_supports+position_order_mean,3,max,0.7875,0.0123,0.7228,0.8371,0.3022,0.021
laya_en_en:panel[nli_order_mean+p7_coverage]:mean,panel,laya_en_en,nli_order_mean+p7_coverage,2,mean,0.7875,0.0128,0.7266,0.8496,0.3165,0.0185
laya_multi_pt:panel[p3_inferable+p4_supports+position_order_mean+p7_coverage]:max,panel,laya_multi_pt,p3_inferable+p4_supports+position_order_mean+p7_coverage,4,max,0.7874,0.0119,0.7172,0.8405,0.2896,0.0186
laya_en_en:position_order_mean:noisy_or,signal,laya_en_en,position_order_mean,1,noisy_or,0.7873,0.0113,0.7178,0.8314,0.2892,0.0186
laya_en_en_m2m100:panel[p4_supports+p7_coverage]:noisy_or,panel,laya_en_en_m2m100,p4_supports+p7_coverage,2,noisy_or,0.7871,0.0137,0.7341,0.8551,0.3443,0.0242
laya_en_en_m2m100:panel[nli_order_mean+p3_inferable+p7_coverage+p8_similarity]:concatenated,panel,laya_en_en_m2m100,nli_order_mean+p3_inferable+p7_coverage+p8_similarity,4,concatenated,0.7871,0.0133,0.7342,0.8507,0.3399,0.0253
laya_en_en_m2m100:panel[nli_order_mean+p4_supports+p8_similarity]:mean,panel,laya_en_en_m2m100,nli_order_mean+p4_supports+p8_similarity,3,mean,0.787,0.0148,0.7292,0.8599,0.3355,0.0243
laya_multi_pt:panel[nli_order_mean+p3_inferable+position_order_mean+p7_coverage]:max,panel,laya_multi_pt,nli_order_mean+p3_inferable+position_order_mean+p7_coverage,4,max,0.787,0.0115,0.7224,0.8365,0.3027,0.0204
laya_en_en_m2m100:panel[p3_inferable+p4_supports+position_order_mean+p8_similarity]:top2_mean,panel,laya_en_en_m2m100,p3_inferable+p4_supports+position_order_mean+p8_similarity,4,top2_mean,0.787,0.0146,0.7294,0.8612,0.3419,0.0253
laya_en_en_m2m100:panel[nli_order_mean+position_order_mean+p7_coverage]:top2_mean,panel,laya_en_en_m2m100,nli_order_mean+position_order_mean+p7_coverage,3,top2_mean,0.787,0.014,0.7343,0.8613,0.3269,0.0265
laya_en_en_m2m100:panel[p3_inferable+p4_supports+p7_coverage]:concatenated,panel,laya_en_en_m2m100,p3_inferable+p4_supports+p7_coverage,3,concatenated,0.787,0.013,0.7322,0.8452,0.3082,0.0258
laya_multi_pt:panel[nli_order_mean+p3_inferable+position_order_mean+p8_similarity]:max,panel,laya_multi_pt,nli_order_mean+p3_inferable+position_order_mean+p8_similarity,4,max,0.787,0.0121,0.7193,0.8364,0.3029,0.0217
laya_multi_pt:panel[p3_inferable+p4_supports+p7_coverage]:max,panel,laya_multi_pt,p3_inferable+p4_supports+p7_coverage,3,max,0.7869,0.013,0.7071,0.8469,0.2838,0.0176
laya_multi_en_m2m100:panel[p3_inferable+p4_supports]:noisy_or,panel,laya_multi_en_m2m100,p3_inferable+p4_supports,2,noisy_or,0.7869,0.0172,0.7093,0.8827,0.2511,0.0235
laya_multi_en_m2m100:p3_inferable:noisy_or,signal,laya_multi_en_m2m100,p3_inferable,1,noisy_or,0.7868,0.0171,0.7118,0.8822,0.2575,0.0251
laya_en_en:p8_similarity:max,signal,laya_en_en,p8_similarity,1,max,0.7868,0.0125,0.7295,0.8452,0.2997,0.0238
laya_multi_pt:panel[nli_order_mean+p4_supports+p7_coverage]:max,panel,laya_multi_pt,nli_order_mean+p4_supports+p7_coverage,3,max,0.7868,0.0124,0.7154,0.8451,0.3113,0.0209
laya_en_en_m2m100:panel[nli_order_mean+position_order_mean+p8_similarity]:concatenated,panel,laya_en_en_m2m100,nli_order_mean+position_order_mean+p8_similarity,3,concatenated,0.7867,0.0139,0.7282,0.8555,0.3349,0.026
laya_multi_en_m2m100:panel[nli_order_mean+p3_inferable+p4_supports]:max,panel,laya_multi_en_m2m100,nli_order_mean+p3_inferable+p4_supports,3,max,0.7866,0.0155,0.7162,0.8746,0.2496,0.0243
laya_en_en_m2m100:panel[p4_supports+position_order_mean+p7_coverage]:noisy_or,panel,laya_en_en_m2m100,p4_supports+position_order_mean+p7_coverage,3,noisy_or,0.7865,0.0135,0.7308,0.8544,0.3351,0.0232
laya_multi_pt:panel[nli_order_mean+p4_supports+position_order_mean+p7_coverage]:max,panel,laya_multi_pt,nli_order_mean+p4_supports+position_order_mean+p7_coverage,4,max,0.7865,0.0115,0.721,0.8366,0.3016,0.02
laya_en_en:panel[p4_supports+p8_similarity]:mean,panel,laya_en_en,p4_supports+p8_similarity,2,mean,0.7864,0.0126,0.7266,0.8479,0.328,0.0186
laya_multi_pt:panel[p3_inferable+p4_supports+position_order_mean+p7_coverage+p8_similarity]:max,panel,laya_multi_pt,p3_inferable+p4_supports+position_order_mean+p7_coverage+p8_similarity,5,max,0.7864,0.012,0.7132,0.8381,0.2835,0.0185
laya_en_en:p5_position:noisy_or,signal,laya_en_en,p5_position,1,noisy_or,0.7864,0.0117,0.7122,0.8336,0.2859,0.0178
laya_multi_en_m2m100:p4_supports:noisy_or,signal,laya_multi_en_m2m100,p4_supports,1,noisy_or,0.7863,0.0172,0.7062,0.8813,0.2705,0.0249
laya_en_en_m2m100:panel[nli_order_mean+p3_inferable+p4_supports+position_order_mean]:mean,panel,laya_en_en_m2m100,nli_order_mean+p3_inferable+p4_supports+position_order_mean,4,mean,0.7863,0.0144,0.7287,0.8535,0.35,0.0228
laya_multi_pt:panel[nli_order_mean+p4_supports+position_order_mean+p8_similarity]:max,panel,laya_multi_pt,nli_order_mean+p4_supports+position_order_mean+p8_similarity,4,max,0.7862,0.0122,0.7164,0.8358,0.2946,0.0222
laya_en_en_m2m100:panel[nli_order_mean+p3_inferable+p8_similarity]:mean,panel,laya_en_en_m2m100,nli_order_mean+p3_inferable+p8_similarity,3,mean,0.7862,0.0147,0.7265,0.8575,0.3397,0.0262
laya_en_en_m2m100:panel[p4_supports+position_order_mean]:top2_mean,panel,laya_en_en_m2m100,p4_supports+position_order_mean,2,top2_mean,0.7862,0.0145,0.7307,0.8599,0.3431,0.025
laya_multi_pt:panel[nli_order_mean+p3_inferable+position_order_mean+p7_coverage+p8_similarity]:max,panel,laya_multi_pt,nli_order_mean+p3_inferable+position_order_mean+p7_coverage+p8_similarity,5,max,0.7861,0.0115,0.7186,0.834,0.2882,0.0201
laya_en_en_m2m100:panel[nli_order_mean+p8_similarity]:concatenated,panel,laya_en_en_m2m100,nli_order_mean+p8_similarity,2,concatenated,0.7861,0.0139,0.7292,0.8554,0.3148,0.0244
laya_en_en:panel[p4_supports+position_order_mean+p7_coverage]:concatenated,panel,laya_en_en,p4_supports+position_order_mean+p7_coverage,3,concatenated,0.786,0.009,0.7503,0.8327,0.3188,0.0243
laya_en_en_m2m100:panel[p3_inferable+p7_coverage]:noisy_or,panel,laya_en_en_m2m100,p3_inferable+p7_coverage,2,noisy_or,0.786,0.0139,0.7298,0.8526,0.3333,0.0229
laya_en_en_m2m100:panel[p4_supports+p8_similarity]:top2_mean,panel,laya_en_en_m2m100,p4_supports+p8_similarity,2,top2_mean,0.7859,0.0146,0.7286,0.8604,0.3492,0.0264
laya_en_en_m2m100:panel[nli_order_mean+p4_supports+p7_coverage+p8_similarity]:concatenated,panel,laya_en_en_m2m100,nli_order_mean+p4_supports+p7_coverage+p8_similarity,4,concatenated,0.7859,0.0136,0.7322,0.8529,0.3148,0.0241
laya_en_en:panel[p4_supports+position_order_mean+p7_coverage+p8_similarity]:concatenated,panel,laya_en_en,p4_supports+position_order_mean+p7_coverage+p8_similarity,4,concatenated,0.7858,0.0093,0.7487,0.8333,0.3083,0.0208
laya_en_en_m2m100:panel[p3_inferable+position_order_mean+p7_coverage]:concatenated,panel,laya_en_en_m2m100,p3_inferable+position_order_mean+p7_coverage,3,concatenated,0.7858,0.0128,0.7306,0.8428,0.2911,0.0275
laya_en_en_m2m100:panel[p3_inferable+p8_similarity]:top2_mean,panel,laya_en_en_m2m100,p3_inferable+p8_similarity,2,top2_mean,0.7857,0.0149,0.7255,0.8603,0.3494,0.026
laya_en_en_m2m100:panel[p4_supports+p8_similarity]:concatenated,panel,laya_en_en_m2m100,p4_supports+p8_similarity,2,concatenated,0.7857,0.0134,0.7332,0.8482,0.3102,0.0246
laya_en_en_m2m100:panel[nli_order_mean+p7_coverage+p8_similarity]:top2_mean,panel,laya_en_en_m2m100,nli_order_mean+p7_coverage+p8_similarity,3,top2_mean,0.7857,0.014,0.7314,0.8597,0.328,0.0261
laya_en_en:panel[p3_inferable+position_order_mean+p7_coverage]:concatenated,panel,laya_en_en,p3_inferable+position_order_mean+p7_coverage,3,concatenated,0.7856,0.0097,0.7484,0.8347,0.3122,0.0236
laya_en_en:panel[p3_inferable+p4_supports+position_order_mean+p8_similarity]:mean,panel,laya_en_en,p3_inferable+p4_supports+position_order_mean+p8_similarity,4,mean,0.7855,0.0124,0.7196,0.8394,0.3471,0.0206
laya_en_en_m2m100:panel[p3_inferable+p4_supports+p7_coverage+p8_similarity]:concatenated,panel,laya_en_en_m2m100,p3_inferable+p4_supports+p7_coverage+p8_similarity,4,concatenated,0.7854,0.013,0.7317,0.8445,0.3115,0.0244
laya_en_en:panel[p3_inferable+p8_similarity]:mean,panel,laya_en_en,p3_inferable+p8_similarity,2,mean,0.7853,0.0129,0.7219,0.846,0.3252,0.0195
laya_en_en_m2m100:panel[p3_inferable+position_order_mean+p7_coverage]:noisy_or,panel,laya_en_en_m2m100,p3_inferable+position_order_mean+p7_coverage,3,noisy_or,0.7853,0.0136,0.7282,0.852,0.349,0.0251
laya_en_en_m2m100:panel[p3_inferable+position_order_mean]:top2_mean,panel,laya_en_en_m2m100,p3_inferable+position_order_mean,2,top2_mean,0.7853,0.0146,0.7285,0.8583,0.3363,0.025
laya_multi_pt:panel[nli_order_mean+p4_supports+position_order_mean+p7_coverage+p8_similarity]:max,panel,laya_multi_pt,nli_order_mean+p4_supports+position_order_mean+p7_coverage+p8_similarity,5,max,0.7852,0.0116,0.7171,0.8348,0.2918,0.0187
laya_en_en_m2m100:panel[nli_order_mean+p4_supports+position_order_mean]:mean,panel,laya_en_en_m2m100,nli_order_mean+p4_supports+position_order_mean,3,mean,0.7851,0.0143,0.727,0.8529,0.3611,0.0227
laya_en_en_m2m100:p8_similarity:max,signal,laya_en_en_m2m100,p8_similarity,1,max,0.785,0.0132,0.7334,0.8457,0.292,0.0273
laya_en_en_m2m100:panel[nli_order_mean+p7_coverage+p8_similarity]:noisy_or,panel,laya_en_en_m2m100,nli_order_mean+p7_coverage+p8_similarity,3,noisy_or,0.785,0.0137,0.729,0.8571,0.3071,0.0255
laya_multi_en_m2m100:panel[nli_order_mean+p4_supports]:max,panel,laya_multi_en_m2m100,nli_order_mean+p4_supports,2,max,0.785,0.0154,0.7144,0.8725,0.2599,0.0252
laya_en_en:panel[p3_inferable+position_order_mean+p7_coverage+p8_similarity]:concatenated,panel,laya_en_en,p3_inferable+position_order_mean+p7_coverage+p8_similarity,4,concatenated,0.785,0.0098,0.7477,0.8356,0.3026,0.0238
laya_en_en_m2m100:panel[nli_order_mean+p3_inferable+p4_supports+p7_coverage]:mean,panel,laya_en_en_m2m100,nli_order_mean+p3_inferable+p4_supports+p7_coverage,4,mean,0.785,0.0147,0.7292,0.8537,0.3265,0.0267
laya_en_en:panel[p3_inferable+p4_supports+p7_coverage+p8_similarity]:mean,panel,laya_en_en,p3_inferable+p4_supports+p7_coverage+p8_similarity,4,mean,0.7848,0.0128,0.7236,0.8449,0.3385,0.0187
laya_en_en_m2m100:panel[p3_inferable+p4_supports+p7_coverage]:top2_mean,panel,laya_en_en_m2m100,p3_inferable+p4_supports+p7_coverage,3,top2_mean,0.7847,0.0142,0.7311,0.8565,0.3196,0.0226
laya_en_en_m2m100:panel[nli_order_mean+position_order_mean+p7_coverage+p8_similarity]:noisy_or,panel,laya_en_en_m2m100,nli_order_mean+position_order_mean+p7_coverage+p8_similarity,4,noisy_or,0.7847,0.0136,0.7277,0.856,0.3097,0.0237
laya_en_en_m2m100:panel[p3_inferable+p4_supports+position_order_mean+p7_coverage]:top2_mean,panel,laya_en_en_m2m100,p3_inferable+p4_supports+position_order_mean+p7_coverage,4,top2_mean,0.7847,0.0143,0.7295,0.8573,0.3422,0.0261
laya_en_en_m2m100:panel[nli_order_mean+position_order_mean+p7_coverage+p8_similarity]:top2_mean,panel,laya_en_en_m2m100,nli_order_mean+position_order_mean+p7_coverage+p8_similarity,4,top2_mean,0.7846,0.0143,0.7282,0.8603,0.345,0.0265
laya_multi_pt:panel[nli_order_mean+p3_inferable+p7_coverage+p8_similarity]:max,panel,laya_multi_pt,nli_order_mean+p3_inferable+p7_coverage+p8_similarity,4,max,0.7845,0.0124,0.7109,0.8402,0.2939,0.0196
laya_multi_en_m2m100:panel[nli_order_mean+p3_inferable+p4_supports]:noisy_or,panel,laya_multi_en_m2m100,nli_order_mean+p3_inferable+p4_supports,3,noisy_or,0.7844,0.0166,0.7097,0.8769,0.2539,0.025
laya_en_en_m2m100:panel[p4_supports+position_order_mean+p8_similarity]:top2_mean,panel,laya_en_en_m2m100,p4_supports+position_order_mean+p8_similarity,3,top2_mean,0.7844,0.0147,0.7282,0.8606,0.3481,0.0267
laya_en_en:panel[p3_inferable+p4_supports+position_order_mean+p7_coverage]:mean,panel,laya_en_en,p3_inferable+p4_supports+position_order_mean+p7_coverage,4,mean,0.7843,0.0125,0.7192,0.8377,0.3461,0.0189
laya_en_en_m2m100:panel[nli_order_mean+p3_inferable+position_order_mean]:mean,panel,laya_en_en_m2m100,nli_order_mean+p3_inferable+position_order_mean,3,mean,0.7842,0.0144,0.7247,0.8515,0.3561,0.0255
laya_multi_en_m2m100:panel[nli_order_mean+p3_inferable]:max,panel,laya_multi_en_m2m100,nli_order_mean+p3_inferable,2,max,0.7841,0.0154,0.7151,0.872,0.243,0.023
laya_en_en_m2m100:panel[p4_supports+position_order_mean+p7_coverage]:concatenated,panel,laya_en_en_m2m100,p4_supports+position_order_mean+p7_coverage,3,concatenated,0.7839,0.0131,0.7259,0.8458,0.3228,0.0263
cosine_serafim:sentence_max:max,signal,cosine_serafim,sentence_max,1,max,0.7838,0.0169,0.7202,0.8428,0.2682,0.0245
laya_multi_pt:nli_order_mean:noisy_or,signal,laya_multi_pt,nli_order_mean,1,noisy_or,0.7838,0.0134,0.7217,0.8382,0.3025,0.024
laya_en_en:panel[nli_order_mean+position_order_mean+p7_coverage]:concatenated,panel,laya_en_en,nli_order_mean+position_order_mean+p7_coverage,3,concatenated,0.7837,0.0094,0.7496,0.8273,0.3072,0.0229
laya_en_en:panel[p4_supports+position_order_mean]:mean,panel,laya_en_en,p4_supports+position_order_mean,2,mean,0.7836,0.012,0.7171,0.8315,0.3283,0.0194
laya_multi_pt:p1_nli:noisy_or,signal,laya_multi_pt,p1_nli,1,noisy_or,0.7835,0.0134,0.7204,0.8379,0.3068,0.0255
laya_multi_pt:panel[nli_order_mean+p4_supports+p7_coverage+p8_similarity]:max,panel,laya_multi_pt,nli_order_mean+p4_supports+p7_coverage+p8_similarity,4,max,0.7835,0.0128,0.7083,0.8405,0.3004,0.0193
laya_en_en_m2m100:panel[p3_inferable+position_order_mean+p8_similarity]:top2_mean,panel,laya_en_en_m2m100,p3_inferable+position_order_mean+p8_similarity,3,top2_mean,0.7835,0.0149,0.7246,0.8599,0.3514,0.0273
laya_en_en:panel[nli_order_mean+p4_supports+position_order_mean+p7_coverage+p8_similarity]:mean,panel,laya_en_en,nli_order_mean+p4_supports+position_order_mean+p7_coverage+p8_similarity,5,mean,0.7835,0.0122,0.7163,0.8382,0.3182,0.0193
laya_en_en_m2m100:panel[p3_inferable+p4_supports+position_order_mean+p7_coverage+p8_similarity]:top2_mean,panel,laya_en_en_m2m100,p3_inferable+p4_supports+position_order_mean+p7_coverage+p8_similarity,5,top2_mean,0.7835,0.0145,0.7267,0.8577,0.3421,0.0253
laya_multi_pt:p2_nli_reversed:noisy_or,signal,laya_multi_pt,p2_nli_reversed,1,noisy_or,0.7834,0.0135,0.7225,0.8383,0.2951,0.025
laya_en_en_m2m100:panel[nli_order_mean+p4_supports+p7_coverage]:mean,panel,laya_en_en_m2m100,nli_order_mean+p4_supports+p7_coverage,3,mean,0.7834,0.0146,0.7289,0.8538,0.3335,0.0221
laya_en_en_m2m100:panel[p3_inferable+p4_supports+p7_coverage+p8_similarity]:top2_mean,panel,laya_en_en_m2m100,p3_inferable+p4_supports+p7_coverage+p8_similarity,4,top2_mean,0.7834,0.0145,0.7275,0.8562,0.3368,0.0257
laya_en_en:panel[p7_coverage+p8_similarity]:max,panel,laya_en_en,p7_coverage+p8_similarity,2,max,0.7832,0.0124,0.7322,0.8428,0.307,0.0215
laya_en_en_m2m100:panel[p3_inferable+position_order_mean+p7_coverage+p8_similarity]:concatenated,panel,laya_en_en_m2m100,p3_inferable+position_order_mean+p7_coverage+p8_similarity,4,concatenated,0.7832,0.0129,0.7306,0.8416,0.3126,0.0261
laya_en_en:panel[nli_order_mean+position_order_mean+p7_coverage+p8_similarity]:concatenated,panel,laya_en_en,nli_order_mean+position_order_mean+p7_coverage+p8_similarity,4,concatenated,0.7832,0.0097,0.749,0.8284,0.305,0.0243
laya_multi_pt:panel[p3_inferable+position_order_mean]:max,panel,laya_multi_pt,p3_inferable+position_order_mean,2,max,0.7831,0.0124,0.7158,0.8314,0.2825,0.02
laya_multi_pt:panel[p3_inferable+p4_supports+p7_coverage+p8_similarity]:max,panel,laya_multi_pt,p3_inferable+p4_supports+p7_coverage+p8_similarity,4,max,0.7831,0.0137,0.6987,0.8432,0.3015,0.0205
laya_en_en:panel[nli_order_mean+p3_inferable+position_order_mean+p7_coverage+p8_similarity]:mean,panel,laya_en_en,nli_order_mean+p3_inferable+position_order_mean+p7_coverage+p8_similarity,5,mean,0.783,0.0123,0.7146,0.8372,0.317,0.0189
laya_en_en_m2m100:panel[nli_order_mean+position_order_mean+p7_coverage]:concatenated,panel,laya_en_en_m2m100,nli_order_mean+position_order_mean+p7_coverage,3,concatenated,0.7829,0.0135,0.7249,0.8507,0.3271,0.0249
laya_en_en_m2m100:p4_supports:mean,signal,laya_en_en_m2m100,p4_supports,1,mean,0.7829,0.0146,0.7278,0.8491,0.3565,0.0254
laya_multi_en_m2m100:panel[nli_order_mean+p4_supports]:noisy_or,panel,laya_multi_en_m2m100,nli_order_mean+p4_supports,2,noisy_or,0.7828,0.0165,0.7076,0.8744,0.2586,0.0226
laya_en_en_m2m100:panel[p3_inferable+p4_supports]:mean,panel,laya_en_en_m2m100,p3_inferable+p4_supports,2,mean,0.7827,0.0147,0.7281,0.849,0.3621,0.0243
laya_en_en_m2m100:panel[p4_supports+p7_coverage+p8_similarity]:noisy_or,panel,laya_en_en_m2m100,p4_supports+p7_coverage+p8_similarity,3,noisy_or,0.7826,0.0141,0.7229,0.8536,0.3341,0.0249
laya_multi_en_m2m100:panel[nli_order_mean+p3_inferable]:noisy_or,panel,laya_multi_en_m2m100,nli_order_mean+p3_inferable,2,noisy_or,0.7826,0.0166,0.7088,0.8755,0.2408,0.0259
laya_en_en_m2m100:panel[p4_supports+position_order_mean+p7_coverage+p8_similarity]:noisy_or,panel,laya_en_en_m2m100,p4_supports+position_order_mean+p7_coverage+p8_similarity,4,noisy_or,0.7825,0.0139,0.7232,0.852,0.3264,0.0231
laya_en_en:panel[p4_supports+p7_coverage]:mean,panel,laya_en_en,p4_supports+p7_coverage,2,mean,0.7825,0.0129,0.7227,0.8425,0.3418,0.019
laya_en_en_m2m100:panel[nli_order_mean+p3_inferable+p7_coverage]:mean,panel,laya_en_en_m2m100,nli_order_mean+p3_inferable+p7_coverage,3,mean,0.7825,0.0146,0.7259,0.8519,0.3323,0.0232
laya_en_en_m2m100:panel[nli_order_mean+p3_inferable+p4_supports+position_order_mean+p8_similarity]:mean,panel,laya_en_en_m2m100,nli_order_mean+p3_inferable+p4_supports+position_order_mean+p8_similarity,5,mean,0.7824,0.0146,0.7214,0.8521,0.3508,0.0285
laya_multi_pt:panel[p3_inferable+position_order_mean+p7_coverage]:max,panel,laya_multi_pt,p3_inferable+position_order_mean+p7_coverage,3,max,0.7824,0.0114,0.7167,0.8334,0.2962,0.0201
laya_en_en:panel[p4_supports+p7_coverage]:concatenated,panel,laya_en_en,p4_supports+p7_coverage,2,concatenated,0.7824,0.0096,0.7436,0.8317,0.3302,0.0206
laya_en_en_m2m100:panel[p3_inferable+p7_coverage]:concatenated,panel,laya_en_en_m2m100,p3_inferable+p7_coverage,2,concatenated,0.7823,0.0127,0.728,0.837,0.315,0.0262
laya_en_en:panel[p3_inferable+position_order_mean]:mean,panel,laya_en_en,p3_inferable+position_order_mean,2,mean,0.7823,0.0122,0.7137,0.8295,0.3395,0.0192
laya_en_en:panel[p4_supports+p7_coverage+p8_similarity]:concatenated,panel,laya_en_en,p4_supports+p7_coverage+p8_similarity,3,concatenated,0.7822,0.0098,0.7436,0.833,0.3119,0.0233
laya_en_en_m2m100:panel[p4_supports+position_order_mean+p7_coverage+p8_similarity]:concatenated,panel,laya_en_en_m2m100,p4_supports+position_order_mean+p7_coverage+p8_similarity,4,concatenated,0.7822,0.0132,0.7263,0.8448,0.2996,0.0271
laya_multi_pt:panel[p3_inferable+position_order_mean+p8_similarity]:max,panel,laya_multi_pt,p3_inferable+position_order_mean+p8_similarity,3,max,0.782,0.0124,0.7086,0.8316,0.2791,0.0187
laya_en_en_m2m100:panel[nli_order_mean+p8_similarity]:mean,panel,laya_en_en_m2m100,nli_order_mean+p8_similarity,2,mean,0.782,0.0148,0.722,0.8568,0.3266,0.0264
laya_en_en:panel[p3_inferable+p7_coverage]:concatenated,panel,laya_en_en,p3_inferable+p7_coverage,2,concatenated,0.7817,0.0103,0.7435,0.8367,0.3228,0.0214
laya_en_en_m2m100:panel[p3_inferable+p7_coverage+p8_similarity]:noisy_or,panel,laya_en_en_m2m100,p3_inferable+p7_coverage+p8_similarity,3,noisy_or,0.7816,0.0143,0.7203,0.8502,0.3286,0.0256
laya_en_en:panel[p3_inferable+p7_coverage+p8_similarity]:concatenated,panel,laya_en_en,p3_inferable+p7_coverage+p8_similarity,3,concatenated,0.7816,0.0103,0.7462,0.8363,0.3162,0.0233
laya_multi_pt:panel[p3_inferable+p8_similarity]:max,panel,laya_multi_pt,p3_inferable+p8_similarity,2,max,0.7816,0.0145,0.6938,0.8372,0.2852,0.0206
laya_multi_pt:panel[p4_supports+position_order_mean]:max,panel,laya_multi_pt,p4_supports+position_order_mean,2,max,0.7815,0.0127,0.7102,0.8305,0.2825,0.0192
laya_en_en:panel[p3_inferable+p7_coverage]:mean,panel,laya_en_en,p3_inferable+p7_coverage,2,mean,0.7815,0.0131,0.7189,0.8414,0.3457,0.0207
laya_en_en_m2m100:panel[p3_inferable+position_order_mean+p7_coverage+p8_similarity]:noisy_or,panel,laya_en_en_m2m100,p3_inferable+position_order_mean+p7_coverage+p8_similarity,4,noisy_or,0.7814,0.014,0.7203,0.8496,0.3317,0.0234
laya_en_en_m2m100:p3_inferable:mean,signal,laya_en_en_m2m100,p3_inferable,1,mean,0.7813,0.0148,0.725,0.846,0.3602,0.0269
laya_en_en_m2m100:panel[p3_inferable+p4_supports+p8_similarity]:mean,panel,laya_en_en_m2m100,p3_inferable+p4_supports+p8_similarity,3,mean,0.7812,0.015,0.7198,0.8518,0.3595,0.0253
laya_en_en_m2m100:panel[nli_order_mean+p3_inferable+p4_supports+p7_coverage+p8_similarity]:mean,panel,laya_en_en_m2m100,nli_order_mean+p3_inferable+p4_supports+p7_coverage+p8_similarity,5,mean,0.781,0.0149,0.7214,0.8524,0.3329,0.0244
laya_en_en_m2m100:panel[nli_order_mean+position_order_mean+p7_coverage+p8_similarity]:concatenated,panel,laya_en_en_m2m100,nli_order_mean+position_order_mean+p7_coverage+p8_similarity,4,concatenated,0.7809,0.0135,0.7231,0.8483,0.3032,0.0247
laya_multi_pt:panel[p3_inferable+position_order_mean+p7_coverage+p8_similarity]:max,panel,laya_multi_pt,p3_inferable+position_order_mean+p7_coverage+p8_similarity,4,max,0.7808,0.0116,0.7109,0.8308,0.2826,0.0206
laya_en_en_m2m100:panel[nli_order_mean+p3_inferable+p4_supports+position_order_mean+p7_coverage]:mean,panel,laya_en_en_m2m100,nli_order_mean+p3_inferable+p4_supports+position_order_mean+p7_coverage,5,mean,0.7808,0.0147,0.7214,0.8501,0.3616,0.0261
laya_en_en_m2m100:panel[p4_supports+position_order_mean+p7_coverage]:top2_mean,panel,laya_en_en_m2m100,p4_supports+position_order_mean+p7_coverage,3,top2_mean,0.7807,0.0145,0.7241,0.8553,0.3361,0.024
laya_multi_pt:panel[p4_supports+position_order_mean+p7_coverage]:max,panel,laya_multi_pt,p4_supports+position_order_mean+p7_coverage,3,max,0.7806,0.0117,0.7123,0.8344,0.2773,0.0185
laya_multi_pt:p3_inferable:concatenated,signal,laya_multi_pt,p3_inferable,1,concatenated,0.7805,0.0137,0.7264,0.8282,0.3146,0.023
laya_en_en:panel[nli_order_mean+position_order_mean+p8_similarity]:mean,panel,laya_en_en,nli_order_mean+position_order_mean+p8_similarity,3,mean,0.7805,0.0116,0.7104,0.8307,0.2934,0.0177
cosine_serafim:sentence_max:top2_mean,signal,cosine_serafim,sentence_max,1,top2_mean,0.7804,0.0178,0.716,0.847,0.2903,0.0252
laya_en_en:panel[p3_inferable+p4_supports+position_order_mean+p7_coverage+p8_similarity]:mean,panel,laya_en_en,p3_inferable+p4_supports+position_order_mean+p7_coverage+p8_similarity,5,mean,0.7804,0.0123,0.7134,0.8339,0.3321,0.0192
laya_multi_pt:panel[p4_supports+position_order_mean+p8_similarity]:max,panel,laya_multi_pt,p4_supports+position_order_mean+p8_similarity,3,max,0.7801,0.0126,0.7041,0.8301,0.2898,0.0216
laya_en_en_m2m100:panel[p3_inferable+p7_coverage]:top2_mean,panel,laya_en_en_m2m100,p3_inferable+p7_coverage,2,top2_mean,0.7801,0.0143,0.7237,0.8514,0.3428,0.0237
laya_en_en_m2m100:panel[p4_supports+p7_coverage]:top2_mean,panel,laya_en_en_m2m100,p4_supports+p7_coverage,2,top2_mean,0.7801,0.0141,0.7266,0.8518,0.3396,0.0237
laya_en_en_m2m100:panel[p3_inferable+position_order_mean+p7_coverage]:top2_mean,panel,laya_en_en_m2m100,p3_inferable+position_order_mean+p7_coverage,3,top2_mean,0.7801,0.0147,0.7214,0.8542,0.3393,0.0249
laya_en_en_m2m100:panel[p3_inferable+p7_coverage+p8_similarity]:concatenated,panel,laya_en_en_m2m100,p3_inferable+p7_coverage+p8_similarity,3,concatenated,0.78,0.0128,0.7261,0.8376,0.3117,0.0226
laya_multi_pt:panel[p3_inferable+p4_supports]:concatenated,panel,laya_multi_pt,p3_inferable+p4_supports,2,concatenated,0.78,0.0139,0.7238,0.8302,0.2913,0.024
laya_en_en_m2m100:panel[nli_order_mean+p7_coverage]:concatenated,panel,laya_en_en_m2m100,nli_order_mean+p7_coverage,2,concatenated,0.7799,0.0135,0.7239,0.8485,0.297,0.0221
laya_en_en_m2m100:panel[p4_supports+position_order_mean+p7_coverage+p8_similarity]:top2_mean,panel,laya_en_en_m2m100,p4_supports+position_order_mean+p7_coverage+p8_similarity,4,top2_mean,0.7798,0.0147,0.7214,0.8552,0.348,0.0264
laya_multi_en:p3_inferable:noisy_or,signal,laya_multi_en,p3_inferable,1,noisy_or,0.7797,0.015,0.7005,0.8648,0.2786,0.0279
laya_en_en:panel[nli_order_mean+p7_coverage]:concatenated,panel,laya_en_en,nli_order_mean+p7_coverage,2,concatenated,0.7797,0.0096,0.748,0.8261,0.2998,0.0214
laya_en_en_m2m100:panel[nli_order_mean+p4_supports+position_order_mean+p8_similarity]:mean,panel,laya_en_en_m2m100,nli_order_mean+p4_supports+position_order_mean+p8_similarity,4,mean,0.7796,0.0147,0.7179,0.851,0.3542,0.0234
laya_multi_pt:panel[p3_inferable+p7_coverage]:max,panel,laya_multi_pt,p3_inferable+p7_coverage,2,max,0.7796,0.013,0.7034,0.8413,0.2844,0.0177
laya_multi_en:panel[p3_inferable+p4_supports]:noisy_or,panel,laya_multi_en,p3_inferable+p4_supports,2,noisy_or,0.7795,0.0153,0.6966,0.866,0.2834,0.0334
laya_en_en_m2m100:panel[p4_supports+p7_coverage]:concatenated,panel,laya_en_en_m2m100,p4_supports+p7_coverage,2,concatenated,0.7795,0.0132,0.7255,0.8394,0.3114,0.0237
laya_multi_pt:panel[nli_order_mean+p3_inferable+p4_supports+position_order_mean]:noisy_or,panel,laya_multi_pt,nli_order_mean+p3_inferable+p4_supports+position_order_mean,4,noisy_or,0.7794,0.0139,0.711,0.835,0.2958,0.021
laya_multi_en:panel[nli_order_mean+p3_inferable+p4_supports]:noisy_or,panel,laya_multi_en,nli_order_mean+p3_inferable+p4_supports,3,noisy_or,0.7794,0.0151,0.6994,0.8623,0.2777,0.0265
laya_multi_pt:panel[nli_order_mean+position_order_mean]:max,panel,laya_multi_pt,nli_order_mean+position_order_mean,2,max,0.7792,0.0119,0.717,0.8302,0.2859,0.0214
laya_en_en_m2m100:panel[p4_supports+p7_coverage+p8_similarity]:top2_mean,panel,laya_en_en_m2m100,p4_supports+p7_coverage+p8_similarity,3,top2_mean,0.7792,0.0144,0.7225,0.8522,0.3285,0.025
laya_en_en_m2m100:panel[p3_inferable+p4_supports+position_order_mean]:mean,panel,laya_en_en_m2m100,p3_inferable+p4_supports+position_order_mean,3,mean,0.7791,0.0148,0.7183,0.8462,0.3435,0.0232
laya_en_en:panel[nli_order_mean+position_order_mean+p7_coverage]:mean,panel,laya_en_en,nli_order_mean+position_order_mean+p7_coverage,3,mean,0.7791,0.0118,0.7107,0.8293,0.3275,0.0169
laya_en_en_m2m100:panel[p3_inferable+position_order_mean+p7_coverage+p8_similarity]:top2_mean,panel,laya_en_en_m2m100,p3_inferable+position_order_mean+p7_coverage+p8_similarity,4,top2_mean,0.7791,0.0148,0.7189,0.8546,0.3467,0.0243
laya_en_en:panel[nli_order_mean+p7_coverage+p8_similarity]:concatenated,panel,laya_en_en,nli_order_mean+p7_coverage+p8_similarity,3,concatenated,0.7789,0.0098,0.7437,0.8261,0.2943,0.0194
laya_multi_en:p4_supports:noisy_or,signal,laya_multi_en,p4_supports,1,noisy_or,0.7789,0.0154,0.6948,0.8654,0.2946,0.0323
laya_multi_pt:panel[p4_supports+position_order_mean+p7_coverage+p8_similarity]:max,panel,laya_multi_pt,p4_supports+position_order_mean+p7_coverage+p8_similarity,4,max,0.7789,0.0118,0.7062,0.8309,0.2807,0.0204
laya_en_en_m2m100:panel[p3_inferable+p7_coverage+p8_similarity]:top2_mean,panel,laya_en_en_m2m100,p3_inferable+p7_coverage+p8_similarity,3,top2_mean,0.7789,0.0147,0.7186,0.8521,0.3251,0.0248
laya_en_en_m2m100:panel[nli_order_mean+position_order_mean]:mean,panel,laya_en_en_m2m100,nli_order_mean+position_order_mean,2,mean,0.7788,0.0143,0.7201,0.8471,0.341,0.0237
laya_multi_en:panel[nli_order_mean+p4_supports]:noisy_or,panel,laya_multi_en,nli_order_mean+p4_supports,2,noisy_or,0.7787,0.0151,0.6977,0.8605,0.2723,0.0267
laya_multi_pt:panel[p4_supports+p8_similarity]:max,panel,laya_multi_pt,p4_supports+p8_similarity,2,max,0.7786,0.0153,0.6848,0.8382,0.2819,0.0209
laya_multi_en:panel[p3_inferable+p4_supports]:max,panel,laya_multi_en,p3_inferable+p4_supports,2,max,0.7786,0.0148,0.6975,0.8643,0.2802,0.0284
laya_multi_pt:panel[nli_order_mean+p3_inferable+p4_supports]:concatenated,panel,laya_multi_pt,nli_order_mean+p3_inferable+p4_supports,3,concatenated,0.7786,0.0142,0.7128,0.8288,0.2988,0.022
laya_multi_en:p4_supports:max,signal,laya_multi_en,p4_supports,1,max,0.7786,0.0148,0.6962,0.8637,0.2799,0.0257
laya_multi_en_m2m100:panel[p3_inferable+p4_supports]:top2_mean,panel,laya_multi_en_m2m100,p3_inferable+p4_supports,2,top2_mean,0.7785,0.019,0.6967,0.8814,0.2642,0.0235
laya_multi_en_m2m100:p3_inferable:top2_mean,signal,laya_multi_en_m2m100,p3_inferable,1,top2_mean,0.7785,0.019,0.6973,0.8817,0.2575,0.0246
laya_multi_pt:panel[nli_order_mean+position_order_mean+p7_coverage]:max,panel,laya_multi_pt,nli_order_mean+position_order_mean+p7_coverage,3,max,0.7785,0.0109,0.7186,0.8249,0.2734,0.0186
laya_multi_pt:p4_supports:concatenated,signal,laya_multi_pt,p4_supports,1,concatenated,0.7784,0.0142,0.721,0.8326,0.2945,0.0249
laya_en_en_m2m100:panel[nli_order_mean+p3_inferable+position_order_mean+p8_similarity]:mean,panel,laya_en_en_m2m100,nli_order_mean+p3_inferable+position_order_mean+p8_similarity,4,mean,0.7784,0.0148,0.7151,0.849,0.3612,0.0245
laya_multi_en:panel[nli_order_mean+p3_inferable+p4_supports]:max,panel,laya_multi_en,nli_order_mean+p3_inferable+p4_supports,3,max,0.7784,0.0148,0.7,0.861,0.2861,0.0292
laya_multi_en_m2m100:panel[nli_order_mean+p3_inferable+p4_supports+p7_coverage]:max,panel,laya_multi_en_m2m100,nli_order_mean+p3_inferable+p4_supports+p7_coverage,4,max,0.7782,0.0159,0.7037,0.8699,0.2467,0.0199
laya_multi_en:panel[nli_order_mean+p3_inferable]:noisy_or,panel,laya_multi_en,nli_order_mean+p3_inferable,2,noisy_or,0.7782,0.015,0.6988,0.8598,0.2815,0.0257
laya_multi_en:p3_inferable:max,signal,laya_multi_en,p3_inferable,1,max,0.7782,0.0147,0.7013,0.8636,0.2634,0.0299
laya_multi_pt:panel[nli_order_mean+p3_inferable]:top2_mean,panel,laya_multi_pt,nli_order_mean+p3_inferable,2,top2_mean,0.7781,0.0156,0.7026,0.8411,0.3146,0.024
laya_multi_en_m2m100:p4_supports:top2_mean,signal,laya_multi_en_m2m100,p4_supports,1,top2_mean,0.7781,0.0189,0.6943,0.8803,0.2605,0.0263
laya_en_en:panel[nli_order_mean+p7_coverage+p8_similarity]:mean,panel,laya_en_en,nli_order_mean+p7_coverage+p8_similarity,3,mean,0.7781,0.0124,0.7112,0.8407,0.2861,0.0153
laya_en_en_m2m100:panel[p4_supports+p7_coverage+p8_similarity]:concatenated,panel,laya_en_en_m2m100,p4_supports+p7_coverage+p8_similarity,3,concatenated,0.7779,0.0133,0.7267,0.84,0.3072,0.0223
laya_multi_pt:panel[nli_order_mean+p8_similarity]:max,panel,laya_multi_pt,nli_order_mean+p8_similarity,2,max,0.7779,0.0127,0.7084,0.8266,0.2738,0.0218
laya_multi_en_m2m100:panel[nli_order_mean+p3_inferable+p4_supports+p8_similarity]:max,panel,laya_multi_en_m2m100,nli_order_mean+p3_inferable+p4_supports+p8_similarity,4,max,0.7779,0.015,0.7081,0.8613,0.2417,0.0197
laya_multi_en:panel[nli_order_mean+p4_supports]:max,panel,laya_multi_en,nli_order_mean+p4_supports,2,max,0.7777,0.0148,0.6988,0.8587,0.2726,0.0267
laya_en_en_m2m100:panel[nli_order_mean+p4_supports+p7_coverage+p8_similarity]:mean,panel,laya_en_en_m2m100,nli_order_mean+p4_supports+p7_coverage+p8_similarity,4,mean,0.7777,0.0149,0.7165,0.8513,0.3253,0.0223
laya_en_en_m2m100:panel[p3_inferable+p4_supports+p7_coverage]:mean,panel,laya_en_en_m2m100,p3_inferable+p4_supports+p7_coverage,3,mean,0.7777,0.015,0.7189,0.8465,0.3283,0.0221
laya_en_en_m2m100:panel[nli_order_mean+p7_coverage+p8_similarity]:concatenated,panel,laya_en_en_m2m100,nli_order_mean+p7_coverage+p8_similarity,3,concatenated,0.7776,0.0135,0.7216,0.846,0.2962,0.0209
laya_en_en_m2m100:panel[nli_order_mean+p4_supports+position_order_mean+p7_coverage]:mean,panel,laya_en_en_m2m100,nli_order_mean+p4_supports+position_order_mean+p7_coverage,4,mean,0.7776,0.0146,0.7183,0.8478,0.3489,0.0254
laya_multi_pt:panel[nli_order_mean+position_order_mean+p8_similarity]:max,panel,laya_multi_pt,nli_order_mean+position_order_mean+p8_similarity,3,max,0.7776,0.0117,0.7116,0.8246,0.2863,0.0218
laya_multi_pt:panel[nli_order_mean+p3_inferable+p4_supports]:top2_mean,panel,laya_multi_pt,nli_order_mean+p3_inferable+p4_supports,3,top2_mean,0.7773,0.0159,0.7009,0.842,0.2997,0.0226
laya_multi_en_m2m100:p1_nli:max,signal,laya_multi_en_m2m100,p1_nli,1,max,0.7772,0.0159,0.7036,0.8663,0.2247,0.0237
laya_en_en:panel[p4_supports+position_order_mean+p8_similarity]:mean,panel,laya_en_en,p4_supports+position_order_mean+p8_similarity,3,mean,0.7772,0.0116,0.7088,0.8265,0.3144,0.0159
laya_en_en_m2m100:panel[nli_order_mean+p3_inferable+p4_supports+position_order_mean+p7_coverage+p8_similarity]:mean,panel,laya_en_en_m2m100,nli_order_mean+p3_inferable+p4_supports+position_order_mean+p7_coverage+p8_similarity,6,mean,0.7772,0.0148,0.7146,0.848,0.3492,0.0258
laya_multi_pt:panel[nli_order_mean+p3_inferable]:concatenated,panel,laya_multi_pt,nli_order_mean+p3_inferable,2,concatenated,0.7772,0.0141,0.7125,0.8276,0.2965,0.023
laya_multi_en_m2m100:nli_order_mean:max,signal,laya_multi_en_m2m100,nli_order_mean,1,max,0.777,0.0157,0.7062,0.8658,0.2348,0.0231
laya_multi_en_m2m100:panel[p3_inferable+p4_supports+p7_coverage]:max,panel,laya_multi_en_m2m100,p3_inferable+p4_supports+p7_coverage,3,max,0.777,0.0162,0.6971,0.8709,0.2301,0.0192
laya_multi_pt:panel[p4_supports+p7_coverage]:max,panel,laya_multi_pt,p4_supports+p7_coverage,2,max,0.777,0.0134,0.6977,0.8402,0.28,0.0169
laya_multi_en_m2m100:panel[nli_order_mean+p3_inferable+p4_supports+position_order_mean+p7_coverage]:max,panel,laya_multi_en_m2m100,nli_order_mean+p3_inferable+p4_supports+position_order_mean+p7_coverage,5,max,0.777,0.0149,0.7039,0.8622,0.2278,0.0186
laya_en_en:panel[position_order_mean+p8_similarity]:noisy_or,panel,laya_en_en,position_order_mean+p8_similarity,2,noisy_or,0.777,0.0115,0.7064,0.8272,0.3016,0.0187
laya_multi_pt:panel[nli_order_mean+p4_supports]:top2_mean,panel,laya_multi_pt,nli_order_mean+p4_supports,2,top2_mean,0.7769,0.0158,0.6994,0.8406,0.3053,0.0214
laya_multi_en:panel[nli_order_mean+p3_inferable]:max,panel,laya_multi_en,nli_order_mean+p3_inferable,2,max,0.7769,0.0148,0.6996,0.8574,0.2708,0.0268
laya_multi_en_m2m100:panel[p3_inferable+p4_supports+p8_similarity]:max,panel,laya_multi_en_m2m100,p3_inferable+p4_supports+p8_similarity,3,max,0.7769,0.0153,0.7032,0.8616,0.2312,0.018
laya_multi_en_m2m100:p2_nli_reversed:max,signal,laya_multi_en_m2m100,p2_nli_reversed,1,max,0.7769,0.0155,0.7076,0.8654,0.2321,0.0212
laya_en_en_m2m100:panel[nli_order_mean+p3_inferable+p7_coverage+p8_similarity]:mean,panel,laya_en_en_m2m100,nli_order_mean+p3_inferable+p7_coverage+p8_similarity,4,mean,0.7768,0.0149,0.7145,0.8493,0.3286,0.0256
laya_multi_en_m2m100:panel[nli_order_mean+p3_inferable+p4_supports+position_order_mean]:max,panel,laya_multi_en_m2m100,nli_order_mean+p3_inferable+p4_supports+position_order_mean,4,max,0.7767,0.0147,0.7089,0.8594,0.2592,0.0244
laya_multi_pt:p3_inferable:top2_mean,signal,laya_multi_pt,p3_inferable,1,top2_mean,0.7765,0.0164,0.701,0.8461,0.2974,0.0222
laya_en_en_m2m100:panel[nli_order_mean+p3_inferable+position_order_mean+p7_coverage]:mean,panel,laya_en_en_m2m100,nli_order_mean+p3_inferable+position_order_mean+p7_coverage,4,mean,0.7765,0.0147,0.7151,0.8456,0.3516,0.0251
laya_multi_en_m2m100:panel[nli_order_mean+p3_inferable+p4_supports]:top2_mean,panel,laya_multi_en_m2m100,nli_order_mean+p3_inferable+p4_supports,3,top2_mean,0.7765,0.0185,0.6956,0.8768,0.2465,0.0222
laya_multi_en_m2m100:p3_inferable:mean,signal,laya_multi_en_m2m100,p3_inferable,1,mean,0.7765,0.019,0.6955,0.8784,0.2565,0.0251
laya_en_en_m2m100:p6_position_reversed:noisy_or,signal,laya_en_en_m2m100,p6_position_reversed,1,noisy_or,0.7764,0.0142,0.7209,0.8448,0.3206,0.024
laya_multi_pt:panel[nli_order_mean+position_order_mean+p7_coverage+p8_similarity]:max,panel,laya_multi_pt,nli_order_mean+position_order_mean+p7_coverage+p8_similarity,4,max,0.7764,0.0108,0.7134,0.8221,0.2659,0.0166
laya_multi_en_m2m100:panel[p3_inferable+p4_supports]:mean,panel,laya_multi_en_m2m100,p3_inferable+p4_supports,2,mean,0.7763,0.019,0.6932,0.8778,0.2524,0.0237
laya_multi_pt:panel[nli_order_mean+p3_inferable+p4_supports+p7_coverage]:noisy_or,panel,laya_multi_pt,nli_order_mean+p3_inferable+p4_supports+p7_coverage,4,noisy_or,0.7762,0.0139,0.7059,0.8365,0.3033,0.021
laya_en_en:p7_coverage:max,signal,laya_en_en,p7_coverage,1,max,0.7762,0.0119,0.73,0.8345,0.3051,0.0217
laya_multi_en_m2m100:nli_order_mean:noisy_or,signal,laya_multi_en_m2m100,nli_order_mean,1,noisy_or,0.7762,0.0164,0.7034,0.8679,0.2254,0.0267
laya_multi_pt:panel[nli_order_mean+p4_supports]:concatenated,panel,laya_multi_pt,nli_order_mean+p4_supports,2,concatenated,0.7762,0.0145,0.7078,0.8287,0.3073,0.023
laya_en_en_m2m100:panel[p7_coverage+p8_similarity]:max,panel,laya_en_en_m2m100,p7_coverage+p8_similarity,2,max,0.7761,0.0122,0.7253,0.8343,0.2803,0.0248
laya_en_en_m2m100:position_order_mean:noisy_or,signal,laya_en_en_m2m100,position_order_mean,1,noisy_or,0.7761,0.0141,0.7193,0.8452,0.3089,0.0232
laya_multi_pt:panel[nli_order_mean+p7_coverage]:max,panel,laya_multi_pt,nli_order_mean+p7_coverage,2,max,0.7761,0.0122,0.7101,0.8363,0.258,0.0181
laya_multi_pt:panel[p3_inferable+p4_supports+position_order_mean]:noisy_or,panel,laya_multi_pt,p3_inferable+p4_supports+position_order_mean,3,noisy_or,0.7761,0.0144,0.7043,0.8333,0.2821,0.0181
laya_en_en:panel[p3_inferable+position_order_mean+p8_similarity]:mean,panel,laya_en_en,p3_inferable+position_order_mean+p8_similarity,3,mean,0.776,0.0118,0.7056,0.8253,0.3075,0.0188
laya_en_en_m2m100:panel[nli_order_mean+p7_coverage]:mean,panel,laya_en_en_m2m100,nli_order_mean+p7_coverage,2,mean,0.776,0.0144,0.7202,0.8463,0.3124,0.0237
laya_multi_pt:panel[p3_inferable+p4_supports]:top2_mean,panel,laya_multi_pt,p3_inferable+p4_supports,2,top2_mean,0.776,0.0164,0.6987,0.845,0.305,0.024
laya_multi_en_m2m100:p2_nli_reversed:noisy_or,signal,laya_multi_en_m2m100,p2_nli_reversed,1,noisy_or,0.7759,0.0162,0.7044,0.8666,0.2284,0.0212
laya_en_en_m2m100:panel[p4_supports+p8_similarity]:mean,panel,laya_en_en_m2m100,p4_supports+p8_similarity,2,mean,0.7758,0.0153,0.7116,0.8504,0.3262,0.023
laya_multi_en_m2m100:p1_nli:noisy_or,signal,laya_multi_en_m2m100,p1_nli,1,noisy_or,0.7758,0.0166,0.7013,0.8679,0.2412,0.0255
laya_en_en:panel[position_order_mean+p8_similarity]:concatenated,panel,laya_en_en,position_order_mean+p8_similarity,2,concatenated,0.7757,0.0105,0.7355,0.8183,0.2991,0.0238
laya_en_en:panel[p4_supports+position_order_mean+p7_coverage]:mean,panel,laya_en_en,p4_supports+position_order_mean+p7_coverage,3,mean,0.7757,0.0118,0.7087,0.8246,0.3178,0.0197
laya_multi_pt:panel[nli_order_mean+p3_inferable+position_order_mean]:noisy_or,panel,laya_multi_pt,nli_order_mean+p3_inferable+position_order_mean,3,noisy_or,0.7756,0.0135,0.7089,0.8293,0.304,0.0217
laya_multi_pt:p1_nli:top2_mean,signal,laya_multi_pt,p1_nli,1,top2_mean,0.7756,0.0146,0.7015,0.8337,0.319,0.022
laya_multi_en_m2m100:panel[p3_inferable+p4_supports+position_order_mean+p7_coverage]:max,panel,laya_multi_en_m2m100,p3_inferable+p4_supports+position_order_mean+p7_coverage,4,max,0.7754,0.015,0.7005,0.8605,0.2149,0.0188
laya_en_en:panel[position_order_mean+p8_similarity]:top2_mean,panel,laya_en_en,position_order_mean+p8_similarity,2,top2_mean,0.7754,0.0124,0.7061,0.8277,0.3183,0.0198
laya_multi_en_m2m100:p4_supports:mean,signal,laya_multi_en_m2m100,p4_supports,1,mean,0.7753,0.0189,0.691,0.8755,0.2706,0.0247
laya_multi_pt:panel[nli_order_mean+p3_inferable]:mean,panel,laya_multi_pt,nli_order_mean+p3_inferable,2,mean,0.7752,0.0157,0.7036,0.8407,0.3114,0.0226
laya_multi_en_m2m100:panel[nli_order_mean+p3_inferable+p4_supports+p7_coverage+p8_similarity]:max,panel,laya_multi_en_m2m100,nli_order_mean+p3_inferable+p4_supports+p7_coverage+p8_similarity,5,max,0.7752,0.0156,0.7009,0.8646,0.2425,0.0173
laya_en_en:p5_position:top2_mean,signal,laya_en_en,p5_position,1,top2_mean,0.7751,0.0121,0.6988,0.8226,0.3077,0.0211
laya_multi_pt:panel[nli_order_mean+p4_supports+position_order_mean]:noisy_or,panel,laya_multi_pt,nli_order_mean+p4_supports+position_order_mean,3,noisy_or,0.7751,0.0136,0.7076,0.8295,0.2864,0.0183
laya_multi_en_m2m100:panel[p3_inferable+p4_supports+position_order_mean]:max,panel,laya_multi_en_m2m100,p3_inferable+p4_supports+position_order_mean,3,max,0.7751,0.0147,0.7086,0.8573,0.2434,0.0212
laya_multi_pt:panel[p3_inferable+p7_coverage+p8_similarity]:max,panel,laya_multi_pt,p3_inferable+p7_coverage+p8_similarity,3,max,0.775,0.0134,0.6941,0.8342,0.2645,0.018
laya_en_en_m2m100:p5_position:noisy_or,signal,laya_en_en_m2m100,p5_position,1,noisy_or,0.775,0.0144,0.7146,0.8465,0.3189,0.023
laya_multi_pt:p3_inferable:mean,signal,laya_multi_pt,p3_inferable,1,mean,0.775,0.0165,0.7015,0.8444,0.3056,0.021
laya_en_en_m2m100:panel[p3_inferable+p4_supports+position_order_mean+p8_similarity]:mean,panel,laya_en_en_m2m100,p3_inferable+p4_supports+position_order_mean+p8_similarity,4,mean,0.775,0.0151,0.7109,0.8447,0.3591,0.0243
laya_en_en:panel[p4_supports+p7_coverage+p8_similarity]:mean,panel,laya_en_en,p4_supports+p7_coverage+p8_similarity,3,mean,0.7749,0.0125,0.7106,0.8345,0.3025,0.0204
laya_en_en:panel[position_order_mean+p7_coverage]:noisy_or,panel,laya_en_en,position_order_mean+p7_coverage,2,noisy_or,0.7749,0.0116,0.7074,0.8262,0.3051,0.0183
laya_en_en:position_order_mean:top2_mean,signal,laya_en_en,position_order_mean,1,top2_mean,0.7749,0.0117,0.7042,0.819,0.2973,0.0176
laya_multi_en_m2m100:panel[nli_order_mean+p4_supports+p7_coverage]:max,panel,laya_multi_en_m2m100,nli_order_mean+p4_supports+p7_coverage,3,max,0.7748,0.0159,0.6976,0.866,0.2326,0.0182
laya_en_en:panel[p3_inferable+position_order_mean+p7_coverage]:mean,panel,laya_en_en,p3_inferable+position_order_mean+p7_coverage,3,mean,0.7747,0.012,0.7054,0.8235,0.3319,0.0194
laya_multi_pt:panel[nli_order_mean+p3_inferable+p4_supports]:mean,panel,laya_multi_pt,nli_order_mean+p3_inferable+p4_supports,3,mean,0.7746,0.0161,0.701,0.8412,0.3051,0.0229
laya_multi_en_m2m100:panel[nli_order_mean+p3_inferable]:top2_mean,panel,laya_multi_en_m2m100,nli_order_mean+p3_inferable,2,top2_mean,0.7745,0.0185,0.6946,0.8751,0.2284,0.026
laya_multi_en_m2m100:panel[nli_order_mean+p4_supports]:top2_mean,panel,laya_multi_en_m2m100,nli_order_mean+p4_supports,2,top2_mean,0.7745,0.0184,0.6936,0.8737,0.2506,0.0237
laya_multi_pt:nli_order_mean:top2_mean,signal,laya_multi_pt,nli_order_mean,1,top2_mean,0.7745,0.0147,0.7022,0.8337,0.3001,0.0224
laya_multi_en:p2_nli_reversed:noisy_or,signal,laya_multi_en,p2_nli_reversed,1,noisy_or,0.7745,0.0147,0.6957,0.8492,0.2873,0.0315
laya_multi_pt:panel[nli_order_mean+p3_inferable+p4_supports+p7_coverage]:concatenated,panel,laya_multi_pt,nli_order_mean+p3_inferable+p4_supports+p7_coverage,4,concatenated,0.7744,0.0142,0.7037,0.8243,0.3117,0.0248
laya_multi_pt:p4_supports:top2_mean,signal,laya_multi_pt,p4_supports,1,top2_mean,0.7742,0.0165,0.696,0.8427,0.3132,0.0216
laya_en_en:p6_position_reversed:top2_mean,signal,laya_en_en,p6_position_reversed,1,top2_mean,0.7742,0.0114,0.7087,0.8176,0.2821,0.0169
laya_multi_en_m2m100:panel[nli_order_mean+p3_inferable+p4_supports+position_order_mean+p7_coverage+p8_similarity]:max,panel,laya_multi_en_m2m100,nli_order_mean+p3_inferable+p4_supports+position_order_mean+p7_coverage+p8_similarity,6,max,0.7741,0.0147,0.7015,0.8576,0.2273,0.0188
laya_multi_en:nli_order_mean:noisy_or,signal,laya_multi_en,nli_order_mean,1,noisy_or,0.774,0.0149,0.6926,0.851,0.2477,0.0265
laya_en_en:panel[p3_inferable+p7_coverage+p8_similarity]:mean,panel,laya_en_en,p3_inferable+p7_coverage+p8_similarity,3,mean,0.7739,0.0127,0.7068,0.8334,0.3062,0.0184
laya_multi_en_m2m100:panel[nli_order_mean+p3_inferable+p4_supports]:mean,panel,laya_multi_en_m2m100,nli_order_mean+p3_inferable+p4_supports,3,mean,0.7739,0.0185,0.6934,0.8726,0.2523,0.0246
laya_multi_en_m2m100:panel[nli_order_mean+p4_supports+p8_similarity]:max,panel,laya_multi_en_m2m100,nli_order_mean+p4_supports+p8_similarity,3,max,0.7739,0.0149,0.7026,0.8559,0.234,0.0205
laya_multi_en_m2m100:panel[nli_order_mean+p3_inferable+p4_supports+position_order_mean+p8_similarity]:max,panel,laya_multi_en_m2m100,nli_order_mean+p3_inferable+p4_supports+position_order_mean+p8_similarity,5,max,0.7738,0.0145,0.7053,0.8554,0.2317,0.0177
laya_multi_pt:panel[nli_order_mean+p3_inferable+p4_supports+p8_similarity]:noisy_or,panel,laya_multi_pt,nli_order_mean+p3_inferable+p4_supports+p8_similarity,4,noisy_or,0.7738,0.0142,0.7024,0.8307,0.2922,0.0214
laya_multi_en_m2m100:panel[nli_order_mean+p3_inferable+p7_coverage]:max,panel,laya_multi_en_m2m100,nli_order_mean+p3_inferable+p7_coverage,3,max,0.7736,0.0161,0.6959,0.8673,0.2264,0.0192
laya_multi_en_m2m100:panel[nli_order_mean+p4_supports+position_order_mean+p7_coverage]:max,panel,laya_multi_en_m2m100,nli_order_mean+p4_supports+position_order_mean+p7_coverage,4,max,0.7736,0.0146,0.7006,0.8568,0.2177,0.0188
laya_en_en_m2m100:panel[p3_inferable+p8_similarity]:mean,panel,laya_en_en_m2m100,p3_inferable+p8_similarity,2,mean,0.7736,0.0155,0.7058,0.8468,0.335,0.025
laya_multi_pt:panel[nli_order_mean+p4_supports]:mean,panel,laya_multi_pt,nli_order_mean+p4_supports,2,mean,0.7735,0.0159,0.7003,0.839,0.3139,0.02
laya_multi_pt:panel[p3_inferable+p4_supports]:mean,panel,laya_multi_pt,p3_inferable+p4_supports,2,mean,0.7735,0.0165,0.6966,0.8428,0.3074,0.0222
laya_multi_pt:panel[nli_order_mean+p3_inferable+p4_supports+position_order_mean+p7_coverage]:noisy_or,panel,laya_multi_pt,nli_order_mean+p3_inferable+p4_supports+position_order_mean+p7_coverage,5,noisy_or,0.7735,0.0135,0.7048,0.8303,0.2958,0.0201
laya_en_en_m2m100:panel[p4_supports+position_order_mean]:mean,panel,laya_en_en_m2m100,p4_supports+position_order_mean,2,mean,0.7734,0.0151,0.7105,0.8426,0.3571,0.0232
laya_multi_pt:panel[nli_order_mean+p3_inferable+p4_supports+p8_similarity]:concatenated,panel,laya_multi_pt,nli_order_mean+p3_inferable+p4_supports+p8_similarity,4,concatenated,0.7734,0.0146,0.7003,0.8248,0.2966,0.0227
laya_multi_en:p2_nli_reversed:max,signal,laya_multi_en,p2_nli_reversed,1,max,0.7733,0.0145,0.6975,0.8467,0.2573,0.0298
laya_multi_pt:p2_nli_reversed:top2_mean,signal,laya_multi_pt,p2_nli_reversed,1,top2_mean,0.7733,0.0148,0.7026,0.8332,0.2914,0.0242
laya_multi_en_m2m100:panel[p3_inferable+p4_supports+p7_coverage+p8_similarity]:max,panel,laya_multi_en_m2m100,p3_inferable+p4_supports+p7_coverage+p8_similarity,4,max,0.7733,0.0157,0.6969,0.8653,0.2201,0.0192
laya_multi_en:p1_nli:noisy_or,signal,laya_multi_en,p1_nli,1,noisy_or,0.7732,0.0151,0.6913,0.8524,0.2494,0.0281
laya_multi_pt:panel[p4_supports+p7_coverage+p8_similarity]:max,panel,laya_multi_pt,p4_supports+p7_coverage+p8_similarity,3,max,0.7731,0.0139,0.6891,0.8347,0.2625,0.0205
laya_en_en_m2m100:panel[p3_inferable+p4_supports+position_order_mean+p7_coverage]:mean,panel,laya_en_en_m2m100,p3_inferable+p4_supports+position_order_mean+p7_coverage,4,mean,0.7731,0.015,0.7098,0.842,0.359,0.0256
laya_en_en_m2m100:panel[p3_inferable+p4_supports+p7_coverage+p8_similarity]:mean,panel,laya_en_en_m2m100,p3_inferable+p4_supports+p7_coverage+p8_similarity,4,mean,0.773,0.0153,0.7088,0.8455,0.3344,0.0227
laya_en_en:panel[nli_order_mean+position_order_mean+p7_coverage+p8_similarity]:mean,panel,laya_en_en,nli_order_mean+position_order_mean+p7_coverage+p8_similarity,4,mean,0.773,0.0117,0.7019,0.8249,0.3018,0.0164
laya_multi_en_m2m100:panel[nli_order_mean+p3_inferable+position_order_mean+p7_coverage]:max,panel,laya_multi_en_m2m100,nli_order_mean+p3_inferable+position_order_mean+p7_coverage,4,max,0.7729,0.0147,0.6992,0.8576,0.2214,0.0181
laya_en_en:panel[position_order_mean+p7_coverage]:top2_mean,panel,laya_en_en,position_order_mean+p7_coverage,2,top2_mean,0.7729,0.0125,0.7048,0.827,0.2995,0.0192
laya_multi_en_m2m100:panel[nli_order_mean+p4_supports+position_order_mean]:max,panel,laya_multi_en_m2m100,nli_order_mean+p4_supports+position_order_mean,3,max,0.7729,0.0143,0.7065,0.8531,0.247,0.0208
laya_multi_en:nli_order_mean:max,signal,laya_multi_en,nli_order_mean,1,max,0.7729,0.0149,0.6928,0.8493,0.2541,0.0285
laya_en_en:panel[position_order_mean+p7_coverage+p8_similarity]:top2_mean,panel,laya_en_en,position_order_mean+p7_coverage+p8_similarity,3,top2_mean,0.7728,0.0128,0.7059,0.83,0.32,0.0189
laya_multi_pt:panel[nli_order_mean+p3_inferable+p4_supports+position_order_mean]:top2_mean,panel,laya_multi_pt,nli_order_mean+p3_inferable+p4_supports+position_order_mean,4,top2_mean,0.7726,0.0151,0.6964,0.8316,0.3088,0.0219
laya_multi_en_m2m100:panel[nli_order_mean+p3_inferable+p8_similarity]:max,panel,laya_multi_en_m2m100,nli_order_mean+p3_inferable+p8_similarity,3,max,0.7725,0.015,0.7014,0.8562,0.2384,0.0188
laya_en_en_m2m100:panel[nli_order_mean+p4_supports+position_order_mean+p7_coverage+p8_similarity]:mean,panel,laya_en_en_m2m100,nli_order_mean+p4_supports+position_order_mean+p7_coverage+p8_similarity,5,mean,0.7725,0.0149,0.7091,0.8449,0.3329,0.0254
laya_multi_en_m2m100:panel[nli_order_mean+p3_inferable]:mean,panel,laya_multi_en_m2m100,nli_order_mean+p3_inferable,2,mean,0.7723,0.0185,0.6923,0.8707,0.2419,0.0271
laya_multi_en:p1_nli:max,signal,laya_multi_en,p1_nli,1,max,0.7723,0.0151,0.6907,0.8512,0.2671,0.0271
laya_multi_en_m2m100:panel[nli_order_mean+p4_supports]:mean,panel,laya_multi_en_m2m100,nli_order_mean+p4_supports,2,mean,0.7722,0.0183,0.6916,0.8691,0.2566,0.0227
laya_multi_pt:panel[nli_order_mean+p3_inferable+p7_coverage]:noisy_or,panel,laya_multi_pt,nli_order_mean+p3_inferable+p7_coverage,3,noisy_or,0.7721,0.0133,0.7048,0.8314,0.2923,0.0186
laya_multi_en_m2m100:panel[nli_order_mean+p3_inferable+position_order_mean]:max,panel,laya_multi_en_m2m100,nli_order_mean+p3_inferable+position_order_mean,3,max,0.772,0.0144,0.705,0.8538,0.2482,0.0215
laya_multi_pt:panel[p3_inferable+p4_supports+p7_coverage]:noisy_or,panel,laya_multi_pt,p3_inferable+p4_supports+p7_coverage,3,noisy_or,0.7718,0.0143,0.6988,0.8356,0.3075,0.0211
laya_multi_en_m2m100:panel[p3_inferable+p4_supports+position_order_mean+p7_coverage+p8_similarity]:max,panel,laya_multi_en_m2m100,p3_inferable+p4_supports+position_order_mean+p7_coverage+p8_similarity,5,max,0.7718,0.0148,0.698,0.8558,0.2014,0.0174
laya_multi_en_m2m100:panel[p4_supports+p8_similarity]:max,panel,laya_multi_en_m2m100,p4_supports+p8_similarity,2,max,0.7718,0.0151,0.6961,0.8552,0.219,0.0165
laya_multi_en:p3_inferable:top2_mean,signal,laya_multi_en,p3_inferable,1,top2_mean,0.7717,0.0168,0.6849,0.8594,0.2854,0.0277
laya_multi_en_m2m100:panel[p3_inferable+p4_supports+position_order_mean+p8_similarity]:max,panel,laya_multi_en_m2m100,p3_inferable+p4_supports+position_order_mean+p8_similarity,4,max,0.7716,0.0146,0.703,0.8534,0.2132,0.0163
laya_multi_en:panel[p3_inferable+p4_supports]:top2_mean,panel,laya_multi_en,p3_inferable+p4_supports,2,top2_mean,0.7716,0.0172,0.6812,0.8601,0.2882,0.0304
laya_multi_pt:panel[nli_order_mean+p3_inferable+p7_coverage]:concatenated,panel,laya_multi_pt,nli_order_mean+p3_inferable+p7_coverage,3,concatenated,0.7716,0.0141,0.7008,0.8223,0.2965,0.0232
laya_multi_pt:panel[nli_order_mean+p4_supports+p7_coverage]:noisy_or,panel,laya_multi_pt,nli_order_mean+p4_supports+p7_coverage,3,noisy_or,0.7714,0.0135,0.7025,0.8318,0.3058,0.0202
laya_en_en_m2m100:panel[nli_order_mean+p3_inferable+position_order_mean+p7_coverage+p8_similarity]:mean,panel,laya_en_en_m2m100,nli_order_mean+p3_inferable+position_order_mean+p7_coverage+p8_similarity,5,mean,0.7713,0.015,0.7067,0.8429,0.3257,0.0245
laya_multi_en_m2m100:panel[nli_order_mean+p4_supports+p7_coverage+p8_similarity]:max,panel,laya_multi_en_m2m100,nli_order_mean+p4_supports+p7_coverage+p8_similarity,4,max,0.7713,0.0154,0.6967,0.8605,0.2114,0.0185
laya_multi_en_m2m100:panel[p4_supports+p7_coverage]:max,panel,laya_multi_en_m2m100,p4_supports+p7_coverage,2,max,0.7713,0.0163,0.6886,0.8662,0.2044,0.0197
laya_multi_en:p4_supports:top2_mean,signal,laya_multi_en,p4_supports,1,top2_mean,0.7713,0.0173,0.6805,0.8599,0.2883,0.0335
laya_en_en_m2m100:panel[p3_inferable+position_order_mean]:mean,panel,laya_en_en_m2m100,p3_inferable+position_order_mean,2,mean,0.7712,0.0152,0.706,0.8389,0.3531,0.0254
laya_multi_pt:panel[nli_order_mean+p7_coverage+p8_similarity]:max,panel,laya_multi_pt,nli_order_mean+p7_coverage+p8_similarity,3,max,0.7712,0.0124,0.7009,0.8277,0.251,0.0191
laya_en_en:panel[position_order_mean+p7_coverage+p8_similarity]:noisy_or,panel,laya_en_en,position_order_mean+p7_coverage+p8_similarity,3,noisy_or,0.7712,0.0117,0.7014,0.8257,0.2906,0.0157
laya_multi_pt:panel[nli_order_mean+p3_inferable+position_order_mean]:top2_mean,panel,laya_multi_pt,nli_order_mean+p3_inferable+position_order_mean,3,top2_mean,0.7711,0.0146,0.6972,0.8269,0.3042,0.0207
laya_multi_en:panel[nli_order_mean+p3_inferable+p4_supports]:top2_mean,panel,laya_multi_en,nli_order_mean+p3_inferable+p4_supports,3,top2_mean,0.7711,0.0167,0.6832,0.8548,0.2784,0.0285
laya_multi_en:panel[p3_inferable+p4_supports]:mean,panel,laya_multi_en,p3_inferable+p4_supports,2,mean,0.7711,0.0174,0.6821,0.86,0.2828,0.034
laya_multi_en:p3_inferable:mean,signal,laya_multi_en,p3_inferable,1,mean,0.7711,0.017,0.6859,0.8581,0.2784,0.0281
laya_multi_pt:p4_supports:mean,signal,laya_multi_pt,p4_supports,1,mean,0.7709,0.0164,0.6938,0.839,0.3027,0.0206
laya_multi_pt:panel[nli_order_mean+p4_supports+p7_coverage]:concatenated,panel,laya_multi_pt,nli_order_mean+p4_supports+p7_coverage,3,concatenated,0.7709,0.0145,0.6969,0.823,0.3093,0.0253
laya_multi_pt:panel[nli_order_mean+p3_inferable+p4_supports+p7_coverage+p8_similarity]:concatenated,panel,laya_multi_pt,nli_order_mean+p3_inferable+p4_supports+p7_coverage+p8_similarity,5,concatenated,0.7709,0.0144,0.6962,0.8185,0.2982,0.0229
laya_multi_pt:panel[p3_inferable+p4_supports+p7_coverage]:concatenated,panel,laya_multi_pt,p3_inferable+p4_supports+p7_coverage,3,concatenated,0.7708,0.0136,0.7054,0.8126,0.3019,0.0235
laya_multi_en:p4_supports:mean,signal,laya_multi_en,p4_supports,1,mean,0.7707,0.0175,0.6807,0.8593,0.2913,0.0319
laya_en_en_m2m100:panel[p4_supports+p7_coverage]:mean,panel,laya_en_en_m2m100,p4_supports+p7_coverage,2,mean,0.7707,0.0151,0.7099,0.8418,0.3198,0.0237
laya_multi_pt:panel[nli_order_mean+p3_inferable+p4_supports+p7_coverage]:top2_mean,panel,laya_multi_pt,nli_order_mean+p3_inferable+p4_supports+p7_coverage,4,top2_mean,0.7707,0.0148,0.6954,0.8347,0.3052,0.0215
laya_en_en:panel[p4_supports+position_order_mean+p7_coverage+p8_similarity]:mean,panel,laya_en_en,p4_supports+position_order_mean+p7_coverage+p8_similarity,4,mean,0.7706,0.0116,0.7013,0.8211,0.3139,0.0197
laya_multi_pt:p1_nli:mean,signal,laya_multi_pt,p1_nli,1,mean,0.7705,0.0147,0.701,0.831,0.3027,0.0244
laya_multi_pt:panel[nli_order_mean+p3_inferable+p4_supports+position_order_mean]:concatenated,panel,laya_multi_pt,nli_order_mean+p3_inferable+p4_supports+position_order_mean,4,concatenated,0.7705,0.0138,0.71,0.813,0.2964,0.0217
laya_multi_pt:panel[nli_order_mean+p3_inferable+p4_supports+position_order_mean+p8_similarity]:noisy_or,panel,laya_multi_pt,nli_order_mean+p3_inferable+p4_supports+position_order_mean+p8_similarity,5,noisy_or,0.7704,0.0137,0.7004,0.8244,0.2894,0.0217
laya_multi_en:panel[nli_order_mean+p3_inferable+p4_supports+p8_similarity]:max,panel,laya_multi_en,nli_order_mean+p3_inferable+p4_supports+p8_similarity,4,max,0.7704,0.0148,0.6872,0.8529,0.2488,0.0243
laya_en_en_m2m100:panel[position_order_mean+p8_similarity]:top2_mean,panel,laya_en_en_m2m100,position_order_mean+p8_similarity,2,top2_mean,0.7703,0.0153,0.7093,0.8519,0.3113,0.0258
laya_multi_pt:panel[nli_order_mean+p4_supports+position_order_mean]:top2_mean,panel,laya_multi_pt,nli_order_mean+p4_supports+position_order_mean,3,top2_mean,0.7702,0.0146,0.6946,0.8266,0.3051,0.022
laya_multi_en_m2m100:panel[nli_order_mean+p4_supports+position_order_mean+p7_coverage+p8_similarity]:max,panel,laya_multi_en_m2m100,nli_order_mean+p4_supports+position_order_mean+p7_coverage+p8_similarity,5,max,0.7702,0.0143,0.6985,0.8523,0.2156,0.0173
laya_multi_pt:panel[nli_order_mean+p3_inferable+p8_similarity]:concatenated,panel,laya_multi_pt,nli_order_mean+p3_inferable+p8_similarity,3,concatenated,0.7702,0.0147,0.6945,0.8211,0.2913,0.0224
laya_multi_pt:panel[p3_inferable+position_order_mean]:noisy_or,panel,laya_multi_pt,p3_inferable+position_order_mean,2,noisy_or,0.7701,0.0137,0.7,0.8229,0.2927,0.0196
laya_multi_en:panel[nli_order_mean+p3_inferable+p4_supports]:mean,panel,laya_multi_en,nli_order_mean+p3_inferable+p4_supports,3,mean,0.7701,0.017,0.6824,0.854,0.2718,0.0259
laya_multi_en_m2m100:panel[nli_order_mean+p3_inferable+p7_coverage+p8_similarity]:max,panel,laya_multi_en_m2m100,nli_order_mean+p3_inferable+p7_coverage+p8_similarity,4,max,0.77,0.0155,0.6948,0.861,0.2128,0.0195
laya_multi_en:panel[nli_order_mean+p4_supports]:top2_mean,panel,laya_multi_en,nli_order_mean+p4_supports,2,top2_mean,0.77,0.0167,0.6813,0.8519,0.2703,0.0271
laya_multi_pt:nli_order_mean:mean,signal,laya_multi_pt,nli_order_mean,1,mean,0.77,0.0148,0.701,0.8314,0.3047,0.0231
laya_multi_en_m2m100:panel[nli_order_mean+p4_supports+position_order_mean+p8_similarity]:max,panel,laya_multi_en_m2m100,nli_order_mean+p4_supports+position_order_mean+p8_similarity,4,max,0.77,0.0141,0.7029,0.849,0.2181,0.016
laya_multi_pt:p2_nli_reversed:mean,signal,laya_multi_pt,p2_nli_reversed,1,mean,0.7698,0.0151,0.7019,0.8313,0.2983,0.0252
laya_en_en_m2m100:panel[nli_order_mean+position_order_mean+p8_similarity]:mean,panel,laya_en_en_m2m100,nli_order_mean+position_order_mean+p8_similarity,3,mean,0.7698,0.0149,0.7067,0.8428,0.3277,0.0241
laya_en_en_m2m100:position_order_mean:top2_mean,signal,laya_en_en_m2m100,position_order_mean,1,top2_mean,0.7697,0.015,0.7102,0.8476,0.3299,0.0217
laya_en_en:panel[p3_inferable+position_order_mean+p7_coverage+p8_similarity]:mean,panel,laya_en_en,p3_inferable+position_order_mean+p7_coverage+p8_similarity,4,mean,0.7696,0.0119,0.6982,0.8205,0.3136,0.0176
laya_multi_pt:panel[p3_inferable+p4_supports+position_order_mean+p7_coverage]:noisy_or,panel,laya_multi_pt,p3_inferable+p4_supports+position_order_mean+p7_coverage,4,noisy_or,0.7696,0.0138,0.6985,0.8281,0.2967,0.0192
laya_multi_en_m2m100:panel[nli_order_mean+p3_inferable+position_order_mean+p7_coverage+p8_similarity]:max,panel,laya_multi_en_m2m100,nli_order_mean+p3_inferable+position_order_mean+p7_coverage+p8_similarity,5,max,0.7695,0.0145,0.6964,0.8533,0.2278,0.0206
laya_multi_pt:panel[p3_inferable+p4_supports+position_order_mean]:top2_mean,panel,laya_multi_pt,p3_inferable+p4_supports+position_order_mean,3,top2_mean,0.7695,0.0151,0.694,0.8277,0.2863,0.0189
laya_en_en_m2m100:panel[position_order_mean+p8_similarity]:concatenated,panel,laya_en_en_m2m100,position_order_mean+p8_similarity,2,concatenated,0.7695,0.0144,0.7087,0.832,0.2732,0.0248
laya_multi_pt:panel[nli_order_mean+p3_inferable+p4_supports+position_order_mean+p7_coverage]:concatenated,panel,laya_multi_pt,nli_order_mean+p3_inferable+p4_supports+position_order_mean+p7_coverage,5,concatenated,0.7695,0.0136,0.7065,0.8119,0.2961,0.0234
laya_multi_en:panel[nli_order_mean+p3_inferable]:top2_mean,panel,laya_multi_en,nli_order_mean+p3_inferable,2,top2_mean,0.7695,0.0166,0.6817,0.8514,0.2792,0.0286
laya_multi_en:panel[nli_order_mean+p3_inferable+p4_supports+position_order_mean]:max,panel,laya_multi_en,nli_order_mean+p3_inferable+p4_supports+position_order_mean,4,max,0.7695,0.0139,0.6954,0.848,0.251,0.0239
laya_multi_pt:panel[nli_order_mean+p3_inferable+p7_coverage]:top2_mean,panel,laya_multi_pt,nli_order_mean+p3_inferable+p7_coverage,3,top2_mean,0.7695,0.014,0.6977,0.8303,0.3007,0.0194
laya_multi_pt:panel[nli_order_mean+p3_inferable+p4_supports+position_order_mean+p7_coverage]:top2_mean,panel,laya_multi_pt,nli_order_mean+p3_inferable+p4_supports+position_order_mean+p7_coverage,5,top2_mean,0.7694,0.0143,0.6931,0.8279,0.3039,0.0211
laya_multi_en_m2m100:nli_order_mean:top2_mean,signal,laya_multi_en_m2m100,nli_order_mean,1,top2_mean,0.7694,0.018,0.6892,0.8668,0.2275,0.0215
laya_multi_en_m2m100:panel[p3_inferable+p7_coverage]:max,panel,laya_multi_en_m2m100,p3_inferable+p7_coverage,2,max,0.7694,0.0167,0.6858,0.8687,0.2066,0.0201
laya_en_en_m2m100:p6_position_reversed:top2_mean,signal,laya_en_en_m2m100,p6_position_reversed,1,top2_mean,0.7694,0.0147,0.7155,0.8446,0.311,0.0204
laya_multi_en:panel[nli_order_mean+p4_supports]:mean,panel,laya_multi_en,nli_order_mean+p4_supports,2,mean,0.7694,0.017,0.6812,0.8514,0.2755,0.0262
laya_multi_pt:panel[nli_order_mean+p3_inferable+p4_supports+p8_similarity]:top2_mean,panel,laya_multi_pt,nli_order_mean+p3_inferable+p4_supports+p8_similarity,4,top2_mean,0.7693,0.0153,0.6938,0.8318,0.306,0.0219
laya_en_en_m2m100:panel[p3_inferable+p7_coverage]:mean,panel,laya_en_en_m2m100,p3_inferable+p7_coverage,2,mean,0.7692,0.0152,0.7054,0.8381,0.3217,0.0231
laya_multi_pt:panel[nli_order_mean+p3_inferable+position_order_mean+p7_coverage]:noisy_or,panel,laya_multi_pt,nli_order_mean+p3_inferable+position_order_mean+p7_coverage,4,noisy_or,0.7691,0.013,0.7028,0.8243,0.289,0.018
laya_multi_en_m2m100:panel[nli_order_mean+p3_inferable+p4_supports+p7_coverage]:noisy_or,panel,laya_multi_en_m2m100,nli_order_mean+p3_inferable+p4_supports+p7_coverage,4,noisy_or,0.7691,0.0172,0.6881,0.8683,0.2164,0.0224
laya_multi_en_m2m100:p1_nli:top2_mean,signal,laya_multi_en_m2m100,p1_nli,1,top2_mean,0.769,0.0181,0.6872,0.8664,0.2202,0.024
laya_multi_en_m2m100:p2_nli_reversed:top2_mean,signal,laya_multi_en_m2m100,p2_nli_reversed,1,top2_mean,0.769,0.0178,0.6901,0.8651,0.2245,0.0242
laya_multi_pt:panel[p3_inferable+p4_supports+p8_similarity]:concatenated,panel,laya_multi_pt,p3_inferable+p4_supports+p8_similarity,3,concatenated,0.7689,0.0147,0.6997,0.8166,0.2946,0.0236
laya_en_en_m2m100:panel[p3_inferable+p4_supports+position_order_mean+p7_coverage+p8_similarity]:mean,panel,laya_en_en_m2m100,p3_inferable+p4_supports+position_order_mean+p7_coverage+p8_similarity,5,mean,0.7689,0.0152,0.7029,0.8404,0.3347,0.0242
laya_en_en_m2m100:p5_position:top2_mean,signal,laya_en_en_m2m100,p5_position,1,top2_mean,0.7689,0.0153,0.705,0.8494,0.3266,0.0256
laya_multi_en_m2m100:panel[nli_order_mean+p3_inferable+position_order_mean+p8_similarity]:max,panel,laya_multi_en_m2m100,nli_order_mean+p3_inferable+position_order_mean+p8_similarity,4,max,0.7689,0.0142,0.7008,0.8499,0.216,0.0149
laya_multi_en:panel[nli_order_mean+p3_inferable]:mean,panel,laya_multi_en,nli_order_mean+p3_inferable,2,mean,0.7689,0.0168,0.6821,0.8509,0.2828,0.0264
laya_multi_en_m2m100:panel[p4_supports+position_order_mean+p7_coverage]:max,panel,laya_multi_en_m2m100,p4_supports+position_order_mean+p7_coverage,3,max,0.7689,0.015,0.6924,0.8535,0.2046,0.0175
laya_multi_en_m2m100:panel[p4_supports+position_order_mean]:max,panel,laya_multi_en_m2m100,p4_supports+position_order_mean,2,max,0.7689,0.0143,0.7032,0.847,0.2108,0.0153
laya_en_en:panel[position_order_mean+p7_coverage+p8_similarity]:concatenated,panel,laya_en_en,position_order_mean+p7_coverage+p8_similarity,3,concatenated,0.7688,0.0108,0.7254,0.8169,0.3052,0.0242
laya_multi_pt:panel[nli_order_mean+p3_inferable+p8_similarity]:noisy_or,panel,laya_multi_pt,nli_order_mean+p3_inferable+p8_similarity,3,noisy_or,0.7688,0.0138,0.698,0.8241,0.3004,0.0214
laya_multi_en:panel[nli_order_mean+p3_inferable+p4_supports]:concatenated,panel,laya_multi_en,nli_order_mean+p3_inferable+p4_supports,3,concatenated,0.7687,0.0179,0.6631,0.8379,0.2628,0.0257
laya_en_en:p6_position_reversed:concatenated,signal,laya_en_en,p6_position_reversed,1,concatenated,0.7687,0.0104,0.7242,0.8069,0.2899,0.0201
laya_multi_en:panel[nli_order_mean+p3_inferable]:concatenated,panel,laya_multi_en,nli_order_mean+p3_inferable,2,concatenated,0.7687,0.0179,0.6638,0.8374,0.2735,0.0269
laya_multi_en:p3_inferable:concatenated,signal,laya_multi_en,p3_inferable,1,concatenated,0.7686,0.018,0.6573,0.835,0.2561,0.0295
laya_multi_en:panel[nli_order_mean+p3_inferable+p4_supports+p7_coverage]:max,panel,laya_multi_en,nli_order_mean+p3_inferable+p4_supports+p7_coverage,4,max,0.7686,0.0145,0.6916,0.8521,0.238,0.025
laya_multi_en_m2m100:panel[p3_inferable+p8_similarity]:max,panel,laya_multi_en_m2m100,p3_inferable+p8_similarity,2,max,0.7686,0.0154,0.6937,0.8572,0.2103,0.016
laya_multi_pt:panel[nli_order_mean+p4_supports+p8_similarity]:concatenated,panel,laya_multi_pt,nli_order_mean+p4_supports+p8_similarity,3,concatenated,0.7686,0.0151,0.6903,0.8211,0.2863,0.0236
laya_multi_pt:panel[p4_supports+position_order_mean]:noisy_or,panel,laya_multi_pt,p4_supports+position_order_mean,2,noisy_or,0.7685,0.0139,0.6966,0.8235,0.2741,0.0187
laya_multi_pt:panel[nli_order_mean+p4_supports+p7_coverage]:top2_mean,panel,laya_multi_pt,nli_order_mean+p4_supports+p7_coverage,3,top2_mean,0.7684,0.0141,0.6951,0.8304,0.309,0.02
laya_multi_pt:panel[p3_inferable+p4_supports+p8_similarity]:noisy_or,panel,laya_multi_pt,p3_inferable+p4_supports+p8_similarity,3,noisy_or,0.7684,0.015,0.691,0.8284,0.2944,0.0206
laya_multi_pt:panel[nli_order_mean+p3_inferable+p4_supports+position_order_mean+p8_similarity]:concatenated,panel,laya_multi_pt,nli_order_mean+p3_inferable+p4_supports+position_order_mean+p8_similarity,5,concatenated,0.7684,0.014,0.7033,0.8123,0.2882,0.0219
laya_multi_pt:panel[nli_order_mean+p3_inferable+p4_supports+position_order_mean+p8_similarity]:top2_mean,panel,laya_multi_pt,nli_order_mean+p3_inferable+p4_supports+position_order_mean+p8_similarity,5,top2_mean,0.7684,0.0146,0.694,0.8262,0.2915,0.0202
laya_multi_pt:panel[nli_order_mean+p4_supports+position_order_mean+p7_coverage]:noisy_or,panel,laya_multi_pt,nli_order_mean+p4_supports+position_order_mean+p7_coverage,4,noisy_or,0.7684,0.0131,0.7002,0.824,0.2839,0.018
laya_multi_pt:panel[nli_order_mean+p3_inferable+p4_supports+p7_coverage+p8_similarity]:noisy_or,panel,laya_multi_pt,nli_order_mean+p3_inferable+p4_supports+p7_coverage+p8_similarity,5,noisy_or,0.7682,0.0139,0.6943,0.8268,0.2814,0.0206
laya_multi_pt:panel[nli_order_mean+p3_inferable+p8_similarity]:top2_mean,panel,laya_multi_pt,nli_order_mean+p3_inferable+p8_similarity,3,top2_mean,0.7682,0.0148,0.694,0.8277,0.2945,0.0219
laya_multi_en_m2m100:panel[p3_inferable+position_order_mean+p7_coverage]:max,panel,laya_multi_en_m2m100,p3_inferable+position_order_mean+p7_coverage,3,max,0.7681,0.0152,0.6897,0.8547,0.2025,0.0201
laya_multi_pt:panel[nli_order_mean+p4_supports+p8_similarity]:noisy_or,panel,laya_multi_pt,nli_order_mean+p4_supports+p8_similarity,3,noisy_or,0.7681,0.0141,0.6953,0.8242,0.3098,0.0217
laya_multi_en:panel[nli_order_mean+p4_supports]:concatenated,panel,laya_multi_en,nli_order_mean+p4_supports,2,concatenated,0.7681,0.018,0.6627,0.8384,0.2551,0.0276
laya_en_en_m2m100:panel[position_order_mean+p8_similarity]:noisy_or,panel,laya_en_en_m2m100,position_order_mean+p8_similarity,2,noisy_or,0.768,0.0149,0.7035,0.8409,0.2878,0.0247
laya_multi_en:panel[p3_inferable+p4_supports]:concatenated,panel,laya_multi_en,p3_inferable+p4_supports,2,concatenated,0.7678,0.018,0.656,0.8359,0.2432,0.0255
laya_multi_en:panel[p3_inferable+p4_supports+p8_similarity]:max,panel,laya_multi_en,p3_inferable+p4_supports+p8_similarity,3,max,0.7678,0.0142,0.6861,0.8492,0.235,0.0196
laya_en_en:position_order_mean:concatenated,signal,laya_en_en,position_order_mean,1,concatenated,0.7678,0.0106,0.7263,0.8057,0.2934,0.0233
laya_en_en_m2m100:panel[nli_order_mean+position_order_mean+p7_coverage]:mean,panel,laya_en_en_m2m100,nli_order_mean+position_order_mean+p7_coverage,3,mean,0.7675,0.0147,0.7068,0.8376,0.3075,0.024
laya_multi_pt:panel[nli_order_mean+p4_supports+p8_similarity]:top2_mean,panel,laya_multi_pt,nli_order_mean+p4_supports+p8_similarity,3,top2_mean,0.7675,0.0149,0.6915,0.8277,0.2858,0.0229
laya_multi_en:p2_nli_reversed:top2_mean,signal,laya_multi_en,p2_nli_reversed,1,top2_mean,0.7674,0.0156,0.6846,0.8391,0.245,0.029
laya_multi_pt:p1_nli:concatenated,signal,laya_multi_pt,p1_nli,1,concatenated,0.7673,0.0146,0.6981,0.8254,0.2683,0.0215
laya_multi_en_m2m100:panel[p3_inferable+position_order_mean]:max,panel,laya_multi_en_m2m100,p3_inferable+position_order_mean,2,max,0.7673,0.0146,0.7,0.847,0.2064,0.0158
laya_multi_pt:panel[nli_order_mean+p3_inferable+position_order_mean+p7_coverage]:top2_mean,panel,laya_multi_pt,nli_order_mean+p3_inferable+position_order_mean+p7_coverage,4,top2_mean,0.7673,0.0138,0.6931,0.8231,0.2922,0.0219
laya_multi_en_m2m100:panel[nli_order_mean+p3_inferable+p4_supports+position_order_mean]:noisy_or,panel,laya_multi_en_m2m100,nli_order_mean+p3_inferable+p4_supports+position_order_mean,4,noisy_or,0.7673,0.0163,0.6862,0.8542,0.2294,0.0198
laya_multi_pt:panel[nli_order_mean+p3_inferable+p7_coverage+p8_similarity]:concatenated,panel,laya_multi_pt,nli_order_mean+p3_inferable+p7_coverage+p8_similarity,4,concatenated,0.7672,0.0142,0.6922,0.814,0.2974,0.0235
laya_multi_en:panel[nli_order_mean+p4_supports+p8_similarity]:max,panel,laya_multi_en,nli_order_mean+p4_supports+p8_similarity,3,max,0.7672,0.0149,0.6838,0.8497,0.2282,0.0214
laya_multi_pt:panel[p3_inferable+p4_supports+p7_coverage]:top2_mean,panel,laya_multi_pt,p3_inferable+p4_supports+p7_coverage,3,top2_mean,0.7672,0.015,0.6905,0.8327,0.2976,0.0189
laya_multi_pt:panel[nli_order_mean+p3_inferable+p4_supports+position_order_mean+p7_coverage+p8_similarity]:concatenated,panel,laya_multi_pt,nli_order_mean+p3_inferable+p4_supports+position_order_mean+p7_coverage+p8_similarity,6,concatenated,0.7671,0.0139,0.7002,0.8104,0.2838,0.0233
laya_multi_en:panel[p3_inferable+p4_supports+position_order_mean]:max,panel,laya_multi_en,p3_inferable+p4_supports+position_order_mean,3,max,0.7671,0.0133,0.6962,0.844,0.2443,0.025
laya_multi_pt:panel[nli_order_mean+p3_inferable+position_order_mean]:concatenated,panel,laya_multi_pt,nli_order_mean+p3_inferable+position_order_mean,3,concatenated,0.767,0.0137,0.7043,0.812,0.2883,0.0233
laya_multi_en:panel[nli_order_mean+p3_inferable+p8_similarity]:max,panel,laya_multi_en,nli_order_mean+p3_inferable+p8_similarity,3,max,0.767,0.015,0.6847,0.8496,0.2305,0.0227
laya_multi_en_m2m100:panel[p4_supports+p7_coverage+p8_similarity]:max,panel,laya_multi_en_m2m100,p4_supports+p7_coverage+p8_similarity,3,max,0.767,0.0158,0.6868,0.8607,0.1932,0.0176
laya_multi_pt:nli_order_mean:concatenated,signal,laya_multi_pt,nli_order_mean,1,concatenated,0.7669,0.0143,0.701,0.8208,0.2855,0.0237
laya_multi_en:nli_order_mean:top2_mean,signal,laya_multi_en,nli_order_mean,1,top2_mean,0.7668,0.016,0.6807,0.8407,0.2462,0.0272
laya_multi_pt:panel[nli_order_mean+p3_inferable+p4_supports+p7_coverage+p8_similarity]:top2_mean,panel,laya_multi_pt,nli_order_mean+p3_inferable+p4_supports+p7_coverage+p8_similarity,5,top2_mean,0.7668,0.0145,0.6911,0.8278,0.2899,0.0209
laya_multi_en:panel[nli_order_mean+p4_supports+position_order_mean]:max,panel,laya_multi_en,nli_order_mean+p4_supports+position_order_mean,3,max,0.7668,0.0139,0.6919,0.8442,0.2556,0.0276
laya_en_en_m2m100:p7_coverage:max,signal,laya_en_en_m2m100,p7_coverage,1,max,0.7668,0.0115,0.7166,0.8252,0.3018,0.0226
laya_multi_en:panel[nli_order_mean+p3_inferable+p4_supports+position_order_mean+p8_similarity]:max,panel,laya_multi_en,nli_order_mean+p3_inferable+p4_supports+position_order_mean+p8_similarity,5,max,0.7668,0.0145,0.6867,0.8469,0.234,0.0223
laya_multi_en:panel[nli_order_mean+p3_inferable+p4_supports+position_order_mean+p7_coverage]:max,panel,laya_multi_en,nli_order_mean+p3_inferable+p4_supports+position_order_mean+p7_coverage,5,max,0.7668,0.0145,0.6888,0.848,0.2401,0.0238
laya_multi_pt:panel[nli_order_mean+p3_inferable+p4_supports+position_order_mean+p7_coverage+p8_similarity]:noisy_or,panel,laya_multi_pt,nli_order_mean+p3_inferable+p4_supports+position_order_mean+p7_coverage+p8_similarity,6,noisy_or,0.7667,0.0136,0.6961,0.8225,0.2851,0.0191
laya_multi_pt:panel[nli_order_mean+p4_supports+position_order_mean+p7_coverage]:top2_mean,panel,laya_multi_pt,nli_order_mean+p4_supports+position_order_mean+p7_coverage,4,top2_mean,0.7667,0.0138,0.6911,0.8232,0.2694,0.018
laya_multi_en_m2m100:p2_nli_reversed:mean,signal,laya_multi_en_m2m100,p2_nli_reversed,1,mean,0.7665,0.0176,0.6895,0.8608,0.2272,0.0214
laya_multi_pt:panel[p3_inferable+position_order_mean]:top2_mean,panel,laya_multi_pt,p3_inferable+position_order_mean,2,top2_mean,0.7665,0.0143,0.6943,0.82,0.2788,0.0197
laya_multi_pt:panel[nli_order_mean+p3_inferable+p4_supports+position_order_mean+p7_coverage+p8_similarity]:top2_mean,panel,laya_multi_pt,nli_order_mean+p3_inferable+p4_supports+position_order_mean+p7_coverage+p8_similarity,6,top2_mean,0.7665,0.0141,0.6914,0.8234,0.2832,0.0202
laya_multi_en:panel[nli_order_mean+p3_inferable+position_order_mean]:max,panel,laya_multi_en,nli_order_mean+p3_inferable+position_order_mean,3,max,0.7664,0.0139,0.6925,0.8424,0.2412,0.0224
laya_multi_en_m2m100:nli_order_mean:mean,signal,laya_multi_en_m2m100,nli_order_mean,1,mean,0.7664,0.0179,0.6876,0.8619,0.2286,0.0266
laya_multi_en_m2m100:panel[nli_order_mean+p3_inferable+p4_supports+p7_coverage]:top2_mean,panel,laya_multi_en_m2m100,nli_order_mean+p3_inferable+p4_supports+p7_coverage,4,top2_mean,0.7664,0.0185,0.682,0.8716,0.2329,0.0196
laya_en_en_m2m100:panel[p4_supports+position_order_mean+p8_similarity]:mean,panel,laya_en_en_m2m100,p4_supports+position_order_mean+p8_similarity,3,mean,0.7664,0.0154,0.7002,0.8396,0.3161,0.0249
laya_multi_pt:panel[nli_order_mean+p3_inferable+position_order_mean+p8_similarity]:top2_mean,panel,laya_multi_pt,nli_order_mean+p3_inferable+position_order_mean+p8_similarity,4,top2_mean,0.7663,0.0141,0.693,0.8207,0.2911,0.0217
laya_multi_pt:panel[p3_inferable+p4_supports+position_order_mean+p7_coverage]:top2_mean,panel,laya_multi_pt,p3_inferable+p4_supports+position_order_mean+p7_coverage,4,top2_mean,0.7663,0.0144,0.6904,0.8257,0.2878,0.0198
laya_multi_pt:panel[nli_order_mean+p4_supports+p7_coverage+p8_similarity]:concatenated,panel,laya_multi_pt,nli_order_mean+p4_supports+p7_coverage+p8_similarity,4,concatenated,0.7663,0.0145,0.6899,0.8142,0.2845,0.0229
laya_multi_en:p2_nli_reversed:mean,signal,laya_multi_en,p2_nli_reversed,1,mean,0.7663,0.016,0.6838,0.8387,0.2762,0.0288
laya_multi_pt:panel[nli_order_mean+p4_supports+position_order_mean]:concatenated,panel,laya_multi_pt,nli_order_mean+p4_supports+position_order_mean,3,concatenated,0.7662,0.014,0.7031,0.8121,0.2957,0.0238
laya_multi_en:p4_supports:concatenated,signal,laya_multi_en,p4_supports,1,concatenated,0.7661,0.0182,0.6543,0.8358,0.244,0.0274
laya_en_en_m2m100:panel[position_order_mean+p7_coverage+p8_similarity]:top2_mean,panel,laya_en_en_m2m100,position_order_mean+p7_coverage+p8_similarity,3,top2_mean,0.766,0.0149,0.7032,0.8441,0.2949,0.0241
laya_multi_en:nli_order_mean:mean,signal,laya_multi_en,nli_order_mean,1,mean,0.7659,0.0163,0.6806,0.8408,0.2511,0.0268
laya_multi_pt:panel[p3_inferable+p4_supports+position_order_mean+p8_similarity]:noisy_or,panel,laya_multi_pt,p3_inferable+p4_supports+position_order_mean+p8_similarity,4,noisy_or,0.7659,0.0141,0.692,0.8206,0.2845,0.0201
laya_multi_pt:panel[p3_inferable+p4_supports+p8_similarity]:top2_mean,panel,laya_multi_pt,p3_inferable+p4_supports+p8_similarity,3,top2_mean,0.7659,0.0155,0.6901,0.8288,0.2953,0.02
laya_multi_en:panel[nli_order_mean+p3_inferable+p4_supports+p7_coverage+p8_similarity]:max,panel,laya_multi_en,nli_order_mean+p3_inferable+p4_supports+p7_coverage+p8_similarity,5,max,0.7659,0.0149,0.6841,0.851,0.2244,0.0207
laya_en_en_m2m100:panel[nli_order_mean+p7_coverage+p8_similarity]:mean,panel,laya_en_en_m2m100,nli_order_mean+p7_coverage+p8_similarity,3,mean,0.7659,0.0151,0.7019,0.8412,0.2839,0.0242
laya_multi_pt:panel[nli_order_mean+p3_inferable+p4_supports+position_order_mean]:mean,panel,laya_multi_pt,nli_order_mean+p3_inferable+p4_supports+position_order_mean,4,mean,0.7659,0.015,0.6927,0.8255,0.2948,0.0206
laya_multi_en_m2m100:panel[p3_inferable+p4_supports+p7_coverage]:noisy_or,panel,laya_multi_en_m2m100,p3_inferable+p4_supports+p7_coverage,3,noisy_or,0.7657,0.0176,0.6838,0.8694,0.2245,0.0211
laya_multi_en:p1_nli:top2_mean,signal,laya_multi_en,p1_nli,1,top2_mean,0.7657,0.0162,0.6784,0.8424,0.2457,0.026
laya_multi_en_m2m100:p1_nli:mean,signal,laya_multi_en_m2m100,p1_nli,1,mean,0.7656,0.0182,0.685,0.8616,0.2407,0.0253
laya_multi_pt:panel[p3_inferable+p4_supports+p7_coverage+p8_similarity]:concatenated,panel,laya_multi_pt,p3_inferable+p4_supports+p7_coverage+p8_similarity,4,concatenated,0.7656,0.014,0.6946,0.8072,0.2902,0.024
laya_multi_pt:panel[nli_order_mean+p3_inferable+position_order_mean+p7_coverage]:concatenated,panel,laya_multi_pt,nli_order_mean+p3_inferable+position_order_mean+p7_coverage,4,concatenated,0.7656,0.0136,0.7003,0.8091,0.284,0.0239
laya_multi_pt:panel[nli_order_mean+p4_supports+position_order_mean+p8_similarity]:top2_mean,panel,laya_multi_pt,nli_order_mean+p4_supports+position_order_mean+p8_similarity,4,top2_mean,0.7654,0.0141,0.6918,0.8201,0.2884,0.021
laya_multi_en_m2m100:panel[p3_inferable+p7_coverage+p8_similarity]:max,panel,laya_multi_en_m2m100,p3_inferable+p7_coverage+p8_similarity,3,max,0.7654,0.0161,0.6845,0.8625,0.196,0.016
laya_multi_pt:panel[p3_inferable+p4_supports+position_order_mean+p8_similarity]:top2_mean,panel,laya_multi_pt,p3_inferable+p4_supports+position_order_mean+p8_similarity,4,top2_mean,0.7654,0.0146,0.6912,0.8219,0.2844,0.0184
laya_multi_pt:panel[p4_supports+position_order_mean]:top2_mean,panel,laya_multi_pt,p4_supports+position_order_mean,2,top2_mean,0.7653,0.0145,0.6903,0.8211,0.2722,0.0176
laya_en_en_m2m100:panel[position_order_mean+p7_coverage]:top2_mean,panel,laya_en_en_m2m100,position_order_mean+p7_coverage,2,top2_mean,0.7652,0.0146,0.705,0.8413,0.3003,0.0217
laya_multi_en:panel[nli_order_mean+p3_inferable+p4_supports+position_order_mean]:noisy_or,panel,laya_multi_en,nli_order_mean+p3_inferable+p4_supports+position_order_mean,4,noisy_or,0.7652,0.0145,0.6841,0.8412,0.2445,0.0225
laya_multi_pt:panel[nli_order_mean+position_order_mean]:noisy_or,panel,laya_multi_pt,nli_order_mean+position_order_mean,2,noisy_or,0.7652,0.0127,0.7011,0.8143,0.2835,0.0214
laya_multi_en_m2m100:panel[p4_supports+position_order_mean+p7_coverage+p8_similarity]:max,panel,laya_multi_en_m2m100,p4_supports+position_order_mean+p7_coverage+p8_similarity,4,max,0.7652,0.0146,0.6915,0.8497,0.1955,0.0154
laya_multi_en:p1_nli:mean,signal,laya_multi_en,p1_nli,1,mean,0.7652,0.0165,0.678,0.8424,0.2486,0.028
laya_multi_en_m2m100:panel[p3_inferable+p4_supports+p7_coverage]:top2_mean,panel,laya_multi_en_m2m100,p3_inferable+p4_supports+p7_coverage,3,top2_mean,0.7651,0.0184,0.6811,0.8717,0.2093,0.0193
cosine_serafim:sentence_max:noisy_or,signal,cosine_serafim,sentence_max,1,noisy_or,0.765,0.0193,0.694,0.8376,0.2569,0.0242
laya_multi_pt:panel[nli_order_mean+p3_inferable+position_order_mean+p8_similarity]:noisy_or,panel,laya_multi_pt,nli_order_mean+p3_inferable+position_order_mean+p8_similarity,4,noisy_or,0.7649,0.0133,0.6963,0.8164,0.2775,0.0181
laya_multi_en:panel[nli_order_mean+p3_inferable+p4_supports+position_order_mean+p7_coverage+p8_similarity]:max,panel,laya_multi_en,nli_order_mean+p3_inferable+p4_supports+position_order_mean+p7_coverage+p8_similarity,6,max,0.7649,0.0148,0.6827,0.8463,0.2444,0.0226
laya_multi_en_m2m100:panel[p4_supports+position_order_mean+p8_similarity]:max,panel,laya_multi_en_m2m100,p4_supports+position_order_mean+p8_similarity,3,max,0.7648,0.0141,0.6964,0.8437,0.1999,0.0154
laya_multi_pt:panel[p3_inferable+p7_coverage]:concatenated,panel,laya_multi_pt,p3_inferable+p7_coverage,2,concatenated,0.7648,0.0136,0.696,0.808,0.2835,0.0231
laya_multi_pt:panel[p3_inferable+p4_supports+position_order_mean]:concatenated,panel,laya_multi_pt,p3_inferable+p4_supports+position_order_mean,3,concatenated,0.7647,0.0141,0.6991,0.8077,0.2973,0.0236
laya_multi_en:panel[nli_order_mean+p4_supports+p7_coverage]:max,panel,laya_multi_en,nli_order_mean+p4_supports+p7_coverage,3,max,0.7647,0.0145,0.6886,0.8466,0.2235,0.0193
laya_en_en:p8_similarity:top2_mean,signal,laya_en_en,p8_similarity,1,top2_mean,0.7647,0.0132,0.7044,0.829,0.2543,0.0189
laya_multi_pt:panel[nli_order_mean+p3_inferable+p7_coverage+p8_similarity]:top2_mean,panel,laya_multi_pt,nli_order_mean+p3_inferable+p7_coverage+p8_similarity,4,top2_mean,0.7647,0.0138,0.6911,0.8223,0.301,0.0181
laya_multi_en:panel[p3_inferable+p4_supports+p7_coverage]:max,panel,laya_multi_en,p3_inferable+p4_supports+p7_coverage,3,max,0.7647,0.0141,0.6928,0.8488,0.2385,0.0223
laya_multi_pt:p2_nli_reversed:concatenated,signal,laya_multi_pt,p2_nli_reversed,1,concatenated,0.7646,0.0141,0.7015,0.8152,0.2625,0.0206
laya_multi_en:panel[p3_inferable+p4_supports+position_order_mean+p8_similarity]:max,panel,laya_multi_en,p3_inferable+p4_supports+position_order_mean+p8_similarity,4,max,0.7646,0.014,0.6879,0.8428,0.2287,0.0212
laya_multi_pt:panel[nli_order_mean+p4_supports+position_order_mean+p7_coverage]:concatenated,panel,laya_multi_pt,nli_order_mean+p4_supports+position_order_mean+p7_coverage,4,concatenated,0.7645,0.0138,0.7005,0.8081,0.2801,0.0233
laya_en_en:p5_position:concatenated,signal,laya_en_en,p5_position,1,concatenated,0.7645,0.011,0.7233,0.8069,0.2891,0.0223
laya_multi_pt:panel[nli_order_mean+position_order_mean]:top2_mean,panel,laya_multi_pt,nli_order_mean+position_order_mean,2,top2_mean,0.7644,0.0136,0.6939,0.8143,0.2907,0.0208
laya_en_en_m2m100:panel[p4_supports+position_order_mean+p7_coverage]:mean,panel,laya_en_en_m2m100,p4_supports+position_order_mean+p7_coverage,3,mean,0.7643,0.0152,0.7003,0.8348,0.3212,0.0264
laya_en_en:panel[position_order_mean+p7_coverage]:concatenated,panel,laya_en_en,position_order_mean+p7_coverage,2,concatenated,0.7643,0.0107,0.72,0.8104,0.3045,0.0246
laya_multi_pt:panel[nli_order_mean+p3_inferable+position_order_mean+p8_similarity]:concatenated,panel,laya_multi_pt,nli_order_mean+p3_inferable+position_order_mean+p8_similarity,4,concatenated,0.7643,0.014,0.6966,0.8087,0.2918,0.0223
laya_en_en_m2m100:panel[position_order_mean+p7_coverage+p8_similarity]:concatenated,panel,laya_en_en_m2m100,position_order_mean+p7_coverage+p8_similarity,3,concatenated,0.7643,0.0139,0.7053,0.8285,0.2662,0.0247
laya_en_en_m2m100:panel[p3_inferable+position_order_mean+p8_similarity]:mean,panel,laya_en_en_m2m100,p3_inferable+position_order_mean+p8_similarity,3,mean,0.7643,0.0155,0.6963,0.836,0.3239,0.023
laya_multi_en_m2m100:panel[p3_inferable+position_order_mean+p7_coverage+p8_similarity]:max,panel,laya_multi_en_m2m100,p3_inferable+position_order_mean+p7_coverage+p8_similarity,4,max,0.7643,0.0149,0.6883,0.8511,0.2061,0.0154
laya_multi_pt:panel[nli_order_mean+p4_supports+position_order_mean+p8_similarity]:noisy_or,panel,laya_multi_pt,nli_order_mean+p4_supports+position_order_mean+p8_similarity,4,noisy_or,0.7642,0.0135,0.6946,0.8166,0.2816,0.0196
laya_multi_en:panel[nli_order_mean+p3_inferable+p7_coverage]:max,panel,laya_multi_en,nli_order_mean+p3_inferable+p7_coverage,3,max,0.7642,0.0147,0.6892,0.8464,0.2214,0.0234
laya_multi_en_m2m100:panel[nli_order_mean+p4_supports+p7_coverage]:noisy_or,panel,laya_multi_en_m2m100,nli_order_mean+p4_supports+p7_coverage,3,noisy_or,0.7642,0.0171,0.6819,0.8635,0.2104,0.0207
laya_en_en_m2m100:panel[position_order_mean+p7_coverage]:noisy_or,panel,laya_en_en_m2m100,position_order_mean+p7_coverage,2,noisy_or,0.7642,0.0142,0.7035,0.833,0.2799,0.024
laya_multi_en_m2m100:panel[nli_order_mean+p3_inferable+p4_supports+position_order_mean]:top2_mean,panel,laya_multi_en_m2m100,nli_order_mean+p3_inferable+p4_supports+position_order_mean,4,top2_mean,0.7642,0.0176,0.6837,0.8571,0.2386,0.0185
laya_multi_en_m2m100:panel[nli_order_mean+p3_inferable+p4_supports+p8_similarity]:top2_mean,panel,laya_multi_en_m2m100,nli_order_mean+p3_inferable+p4_supports+p8_similarity,4,top2_mean,0.7642,0.018,0.6817,0.8604,0.2326,0.0197
laya_multi_pt:panel[nli_order_mean+p3_inferable+position_order_mean+p7_coverage+p8_similarity]:top2_mean,panel,laya_multi_pt,nli_order_mean+p3_inferable+position_order_mean+p7_coverage+p8_similarity,5,top2_mean,0.7641,0.0135,0.6893,0.8173,0.2833,0.0193
laya_multi_pt:panel[nli_order_mean+p3_inferable+p4_supports+p7_coverage]:mean,panel,laya_multi_pt,nli_order_mean+p3_inferable+p4_supports+p7_coverage,4,mean,0.764,0.0146,0.6934,0.8266,0.3169,0.0185
laya_multi_pt:panel[p3_inferable+p4_supports+position_order_mean+p7_coverage]:concatenated,panel,laya_multi_pt,p3_inferable+p4_supports+position_order_mean+p7_coverage,4,concatenated,0.7639,0.0136,0.6993,0.8081,0.2946,0.0259
laya_multi_en:panel[nli_order_mean+p4_supports+position_order_mean+p8_similarity]:max,panel,laya_multi_en,nli_order_mean+p4_supports+position_order_mean+p8_similarity,4,max,0.7639,0.0147,0.6828,0.8434,0.2353,0.0251
laya_multi_pt:panel[nli_order_mean+p4_supports+p7_coverage+p8_similarity]:top2_mean,panel,laya_multi_pt,nli_order_mean+p4_supports+p7_coverage+p8_similarity,4,top2_mean,0.7638,0.0139,0.6883,0.8221,0.2955,0.0183
laya_multi_en_m2m100:panel[nli_order_mean+position_order_mean+p7_coverage]:max,panel,laya_multi_en_m2m100,nli_order_mean+position_order_mean+p7_coverage,3,max,0.7638,0.0145,0.6876,0.8474,0.2066,0.0177
laya_multi_en_m2m100:panel[p3_inferable+p4_supports+position_order_mean]:noisy_or,panel,laya_multi_en_m2m100,p3_inferable+p4_supports+position_order_mean,3,noisy_or,0.7637,0.0166,0.6792,0.852,0.2112,0.0181
laya_multi_en:panel[p3_inferable+p4_supports+position_order_mean+p7_coverage]:max,panel,laya_multi_en,p3_inferable+p4_supports+position_order_mean+p7_coverage,4,max,0.7637,0.0141,0.6887,0.8445,0.2291,0.0248
laya_multi_en:panel[nli_order_mean+p4_supports+position_order_mean+p7_coverage]:max,panel,laya_multi_en,nli_order_mean+p4_supports+position_order_mean+p7_coverage,4,max,0.7637,0.0146,0.6854,0.8434,0.2381,0.0223
laya_multi_en:panel[nli_order_mean+p3_inferable+position_order_mean+p8_similarity]:max,panel,laya_multi_en,nli_order_mean+p3_inferable+position_order_mean+p8_similarity,4,max,0.7636,0.0147,0.6842,0.8424,0.233,0.0246
xnli_mdeberta_en_m2m100:entailment:max,signal,xnli_mdeberta_en_m2m100,entailment,1,max,0.7636,0.0167,0.6701,0.8368,0.2708,0.0213
laya_multi_en_m2m100:panel[nli_order_mean+p3_inferable+p7_coverage]:noisy_or,panel,laya_multi_en_m2m100,nli_order_mean+p3_inferable+p7_coverage,3,noisy_or,0.7636,0.0173,0.6797,0.8655,0.2269,0.0229
laya_multi_en:panel[nli_order_mean+p3_inferable+position_order_mean+p7_coverage]:max,panel,laya_multi_en,nli_order_mean+p3_inferable+position_order_mean+p7_coverage,4,max,0.7635,0.0146,0.6862,0.843,0.2315,0.0228
xnli_mdeberta_en:entailment:max,signal,xnli_mdeberta_en,entailment,1,max,0.7635,0.0183,0.6782,0.8407,0.2528,0.0272
laya_multi_en_m2m100:panel[nli_order_mean+p3_inferable+p4_supports+p8_similarity]:noisy_or,panel,laya_multi_en_m2m100,nli_order_mean+p3_inferable+p4_supports+p8_similarity,4,noisy_or,0.7634,0.0162,0.6849,0.8506,0.2123,0.0186
laya_multi_en:p1_nli:concatenated,signal,laya_multi_en,p1_nli,1,concatenated,0.7633,0.0178,0.6642,0.8369,0.2444,0.0256
laya_multi_en_m2m100:panel[nli_order_mean+p3_inferable+p4_supports+position_order_mean+p7_coverage]:noisy_or,panel,laya_multi_en_m2m100,nli_order_mean+p3_inferable+p4_supports+position_order_mean+p7_coverage,5,noisy_or,0.7633,0.0168,0.6793,0.8582,0.2082,0.0191
laya_multi_en_m2m100:panel[p3_inferable+position_order_mean+p8_similarity]:max,panel,laya_multi_en_m2m100,p3_inferable+position_order_mean+p8_similarity,3,max,0.7633,0.0144,0.6939,0.8449,0.1933,0.0147
laya_multi_pt:panel[p3_inferable+p7_coverage]:top2_mean,panel,laya_multi_pt,p3_inferable+p7_coverage,2,top2_mean,0.7633,0.0141,0.6916,0.826,0.2901,0.0185
laya_multi_en:panel[nli_order_mean+p3_inferable+p4_supports+p8_similarity]:concatenated,panel,laya_multi_en,nli_order_mean+p3_inferable+p4_supports+p8_similarity,4,concatenated,0.7632,0.0185,0.6509,0.8297,0.2294,0.0252
laya_multi_en_m2m100:panel[nli_order_mean+p7_coverage]:max,panel,laya_multi_en_m2m100,nli_order_mean+p7_coverage,2,max,0.7632,0.0164,0.6765,0.8575,0.2002,0.0202
laya_multi_pt:panel[nli_order_mean+p4_supports+position_order_mean+p7_coverage+p8_similarity]:top2_mean,panel,laya_multi_pt,nli_order_mean+p4_supports+position_order_mean+p7_coverage+p8_similarity,5,top2_mean,0.7632,0.0136,0.6872,0.817,0.2869,0.0199
laya_multi_pt:panel[nli_order_mean+p4_supports+position_order_mean+p8_similarity]:concatenated,panel,laya_multi_pt,nli_order_mean+p4_supports+position_order_mean+p8_similarity,4,concatenated,0.7631,0.0142,0.6956,0.809,0.2986,0.0217
laya_en_en:panel[p7_coverage+p8_similarity]:top2_mean,panel,laya_en_en,p7_coverage+p8_similarity,2,top2_mean,0.763,0.013,0.7033,0.8289,0.2776,0.0199
laya_multi_pt:panel[p3_inferable+p4_supports+p7_coverage+p8_similarity]:top2_mean,panel,laya_multi_pt,p3_inferable+p4_supports+p7_coverage+p8_similarity,4,top2_mean,0.763,0.0147,0.6847,0.8249,0.2935,0.0194
laya_multi_pt:panel[p3_inferable+p4_supports+position_order_mean+p7_coverage+p8_similarity]:top2_mean,panel,laya_multi_pt,p3_inferable+p4_supports+position_order_mean+p7_coverage+p8_similarity,5,top2_mean,0.763,0.0141,0.6871,0.8197,0.2867,0.0188
laya_multi_en:nli_order_mean:concatenated,signal,laya_multi_en,nli_order_mean,1,concatenated,0.763,0.0177,0.6626,0.8353,0.2393,0.0257
laya_multi_en_m2m100:panel[nli_order_mean+p4_supports+p7_coverage]:top2_mean,panel,laya_multi_en_m2m100,nli_order_mean+p4_supports+p7_coverage,3,top2_mean,0.7629,0.0181,0.6779,0.8663,0.2109,0.018
laya_multi_pt:panel[p3_inferable+p7_coverage]:noisy_or,panel,laya_multi_pt,p3_inferable+p7_coverage,2,noisy_or,0.7628,0.0139,0.6945,0.8244,0.287,0.02
laya_multi_pt:panel[p3_inferable+p4_supports+position_order_mean]:mean,panel,laya_multi_pt,p3_inferable+p4_supports+position_order_mean,3,mean,0.7628,0.0151,0.688,0.8207,0.2853,0.0182
laya_multi_pt:panel[p3_inferable+p4_supports+position_order_mean+p8_similarity]:concatenated,panel,laya_multi_pt,p3_inferable+p4_supports+position_order_mean+p8_similarity,4,concatenated,0.7627,0.0142,0.6927,0.8066,0.2971,0.0237
laya_multi_en:panel[p3_inferable+p8_similarity]:max,panel,laya_multi_en,p3_inferable+p8_similarity,2,max,0.7627,0.0145,0.6853,0.8431,0.2149,0.0179
laya_multi_pt:panel[nli_order_mean+p3_inferable+position_order_mean]:mean,panel,laya_multi_pt,nli_order_mean+p3_inferable+position_order_mean,3,mean,0.7627,0.0145,0.6917,0.819,0.2966,0.0212
laya_multi_en_m2m100:panel[nli_order_mean+p3_inferable+p4_supports+position_order_mean+p7_coverage]:top2_mean,panel,laya_multi_en_m2m100,nli_order_mean+p3_inferable+p4_supports+position_order_mean+p7_coverage,5,top2_mean,0.7626,0.0177,0.6786,0.8598,0.2143,0.0189
laya_en_en_m2m100:panel[p4_supports+p7_coverage+p8_similarity]:mean,panel,laya_en_en_m2m100,p4_supports+p7_coverage+p8_similarity,3,mean,0.7626,0.0154,0.6955,0.838,0.3116,0.0247
laya_multi_pt:panel[nli_order_mean+p3_inferable+position_order_mean+p7_coverage+p8_similarity]:concatenated,panel,laya_multi_pt,nli_order_mean+p3_inferable+position_order_mean+p7_coverage+p8_similarity,5,concatenated,0.7626,0.0138,0.693,0.8068,0.2812,0.0215
laya_en_en_m2m100:panel[p3_inferable+position_order_mean+p7_coverage]:mean,panel,laya_en_en_m2m100,p3_inferable+position_order_mean+p7_coverage,3,mean,0.7626,0.0153,0.6963,0.8314,0.3221,0.026
laya_en_en_m2m100:position_order_mean:concatenated,signal,laya_en_en_m2m100,position_order_mean,1,concatenated,0.7625,0.0149,0.7013,0.8231,0.2596,0.0271
laya_multi_en:panel[nli_order_mean+p3_inferable+p4_supports+p7_coverage]:noisy_or,panel,laya_multi_en,nli_order_mean+p3_inferable+p4_supports+p7_coverage,4,noisy_or,0.7623,0.0148,0.6852,0.8426,0.2322,0.019
laya_multi_en:panel[p3_inferable+position_order_mean]:max,panel,laya_multi_en,p3_inferable+position_order_mean,2,max,0.7623,0.0131,0.6957,0.8346,0.2564,0.0244
laya_multi_en:panel[p4_supports+p8_similarity]:max,panel,laya_multi_en,p4_supports+p8_similarity,2,max,0.7622,0.0146,0.6803,0.8452,0.2219,0.0207
laya_multi_en_m2m100:panel[nli_order_mean+position_order_mean]:max,panel,laya_multi_en_m2m100,nli_order_mean+position_order_mean,2,max,0.7622,0.0141,0.6936,0.8401,0.2129,0.0187
laya_multi_en_m2m100:panel[nli_order_mean+p4_supports+position_order_mean]:noisy_or,panel,laya_multi_en_m2m100,nli_order_mean+p4_supports+position_order_mean,3,noisy_or,0.7622,0.016,0.6784,0.8472,0.2094,0.0169
xnli_mdeberta:entailment:max,signal,xnli_mdeberta,entailment,1,max,0.7621,0.0183,0.6542,0.8307,0.2711,0.0226
laya_en_en_m2m100:panel[position_order_mean+p7_coverage]:concatenated,panel,laya_en_en_m2m100,position_order_mean+p7_coverage,2,concatenated,0.7621,0.0139,0.7049,0.8246,0.2698,0.0244
laya_multi_en_m2m100:panel[nli_order_mean+p3_inferable+p7_coverage]:top2_mean,panel,laya_multi_en_m2m100,nli_order_mean+p3_inferable+p7_coverage,3,top2_mean,0.7621,0.0184,0.6747,0.8678,0.2076,0.0179
laya_multi_en:panel[nli_order_mean+p3_inferable+p4_supports+p7_coverage]:concatenated,panel,laya_multi_en,nli_order_mean+p3_inferable+p4_supports+p7_coverage,4,concatenated,0.7621,0.0179,0.6545,0.8353,0.245,0.0261
laya_multi_en:panel[p3_inferable+p4_supports+p7_coverage+p8_similarity]:max,panel,laya_multi_en,p3_inferable+p4_supports+p7_coverage+p8_similarity,4,max,0.762,0.0145,0.6846,0.8461,0.2194,0.0189
laya_multi_pt:panel[p3_inferable+position_order_mean+p7_coverage]:top2_mean,panel,laya_multi_pt,p3_inferable+position_order_mean+p7_coverage,3,top2_mean,0.762,0.0135,0.6899,0.8163,0.2676,0.02
laya_en_en_m2m100:p6_position_reversed:concatenated,signal,laya_en_en_m2m100,p6_position_reversed,1,concatenated,0.762,0.0154,0.7038,0.8288,0.2643,0.0265
laya_multi_pt:panel[p3_inferable+p8_similarity]:top2_mean,panel,laya_multi_pt,p3_inferable+p8_similarity,2,top2_mean,0.762,0.0152,0.6875,0.8235,0.2851,0.0195
laya_en_en_m2m100:p5_position:concatenated,signal,laya_en_en_m2m100,p5_position,1,concatenated,0.762,0.0145,0.6975,0.8168,0.2675,0.0252
laya_multi_en:panel[nli_order_mean+p4_supports+p7_coverage+p8_similarity]:max,panel,laya_multi_en,nli_order_mean+p4_supports+p7_coverage+p8_similarity,4,max,0.7619,0.015,0.6798,0.8464,0.2172,0.0201
laya_en_en_m2m100:p8_similarity:top2_mean,signal,laya_en_en_m2m100,p8_similarity,1,top2_mean,0.7619,0.0153,0.6958,0.8412,0.2556,0.0227
laya_multi_en:panel[p4_supports+position_order_mean]:max,panel,laya_multi_en,p4_supports+position_order_mean,2,max,0.7619,0.0132,0.6916,0.8374,0.2598,0.0231
laya_multi_pt:panel[nli_order_mean+p4_supports+position_order_mean]:mean,panel,laya_multi_pt,nli_order_mean+p4_supports+position_order_mean,3,mean,0.7618,0.0145,0.689,0.819,0.2816,0.0163
laya_multi_en:panel[nli_order_mean+p3_inferable+p7_coverage+p8_similarity]:max,panel,laya_multi_en,nli_order_mean+p3_inferable+p7_coverage+p8_similarity,4,max,0.7618,0.0151,0.681,0.8457,0.2245,0.019
laya_multi_en:panel[p3_inferable+p4_supports+position_order_mean+p7_coverage+p8_similarity]:max,panel,laya_multi_en,p3_inferable+p4_supports+position_order_mean+p7_coverage+p8_similarity,5,max,0.7617,0.0144,0.6825,0.8415,0.2292,0.0191
laya_multi_en:panel[nli_order_mean+p4_supports+position_order_mean+p7_coverage+p8_similarity]:max,panel,laya_multi_en,nli_order_mean+p4_supports+position_order_mean+p7_coverage+p8_similarity,5,max,0.7617,0.015,0.6782,0.843,0.2318,0.0212
laya_multi_pt:panel[p3_inferable+p4_supports+position_order_mean+p7_coverage+p8_similarity]:concatenated,panel,laya_multi_pt,p3_inferable+p4_supports+position_order_mean+p7_coverage+p8_similarity,5,concatenated,0.7617,0.0139,0.6928,0.8045,0.2809,0.0251
laya_multi_en_m2m100:panel[nli_order_mean+p8_similarity]:max,panel,laya_multi_en_m2m100,nli_order_mean+p8_similarity,2,max,0.7617,0.0154,0.6848,0.8469,0.197,0.0187
laya_multi_en:panel[nli_order_mean+p3_inferable+position_order_mean+p7_coverage+p8_similarity]:max,panel,laya_multi_en,nli_order_mean+p3_inferable+position_order_mean+p7_coverage+p8_similarity,5,max,0.7616,0.015,0.6793,0.8416,0.2349,0.0217
laya_multi_pt:panel[p4_supports+p7_coverage]:top2_mean,panel,laya_multi_pt,p4_supports+p7_coverage,2,top2_mean,0.7616,0.0144,0.6854,0.826,0.2692,0.0191
laya_multi_pt:panel[nli_order_mean+p4_supports+position_order_mean+p7_coverage+p8_similarity]:concatenated,panel,laya_multi_pt,nli_order_mean+p4_supports+position_order_mean+p7_coverage+p8_similarity,5,concatenated,0.7616,0.0141,0.6925,0.8068,0.2707,0.0212
laya_multi_en:panel[nli_order_mean+p3_inferable+p4_supports+position_order_mean]:top2_mean,panel,laya_multi_en,nli_order_mean+p3_inferable+p4_supports+position_order_mean,4,top2_mean,0.7616,0.0159,0.6772,0.8417,0.2726,0.026
laya_multi_en_m2m100:panel[p3_inferable+p4_supports+position_order_mean]:top2_mean,panel,laya_multi_en_m2m100,p3_inferable+p4_supports+position_order_mean,3,top2_mean,0.7616,0.0178,0.6788,0.8543,0.2368,0.0186
laya_multi_en_m2m100:panel[nli_order_mean+p3_inferable+position_order_mean]:noisy_or,panel,laya_multi_en_m2m100,nli_order_mean+p3_inferable+position_order_mean,3,noisy_or,0.7616,0.0161,0.6777,0.8475,0.2156,0.019
laya_multi_en_m2m100:panel[p3_inferable+p4_supports+p8_similarity]:top2_mean,panel,laya_multi_en_m2m100,p3_inferable+p4_supports+p8_similarity,3,top2_mean,0.7616,0.0181,0.6795,0.8596,0.2199,0.0177
laya_multi_pt:panel[p3_inferable+p4_supports+p7_coverage+p8_similarity]:noisy_or,panel,laya_multi_pt,p3_inferable+p4_supports+p7_coverage+p8_similarity,4,noisy_or,0.7616,0.0145,0.6853,0.8214,0.2832,0.0207
laya_multi_pt:panel[p3_inferable+p8_similarity]:concatenated,panel,laya_multi_pt,p3_inferable+p8_similarity,2,concatenated,0.7616,0.0149,0.6872,0.8049,0.2839,0.0238
laya_multi_en:panel[nli_order_mean+p3_inferable+position_order_mean]:noisy_or,panel,laya_multi_en,nli_order_mean+p3_inferable+position_order_mean,3,noisy_or,0.7615,0.0144,0.6812,0.835,0.247,0.0203
laya_multi_en_m2m100:panel[nli_order_mean+p3_inferable+p4_supports+p7_coverage+p8_similarity]:top2_mean,panel,laya_multi_en_m2m100,nli_order_mean+p3_inferable+p4_supports+p7_coverage+p8_similarity,5,top2_mean,0.7614,0.018,0.6789,0.8623,0.205,0.0181
laya_multi_en:panel[nli_order_mean+p4_supports+position_order_mean]:noisy_or,panel,laya_multi_en,nli_order_mean+p4_supports+position_order_mean,3,noisy_or,0.7614,0.0145,0.6789,0.836,0.24,0.0218
laya_multi_pt:panel[nli_order_mean+p3_inferable+p7_coverage+p8_similarity]:noisy_or,panel,laya_multi_pt,nli_order_mean+p3_inferable+p7_coverage+p8_similarity,4,noisy_or,0.7614,0.0134,0.6915,0.8171,0.2871,0.0172
laya_multi_en:panel[nli_order_mean+p3_inferable+p8_similarity]:concatenated,panel,laya_multi_en,nli_order_mean+p3_inferable+p8_similarity,3,concatenated,0.7613,0.0185,0.6498,0.8271,0.2442,0.0247
laya_en_en_m2m100:panel[position_order_mean+p7_coverage+p8_similarity]:noisy_or,panel,laya_en_en_m2m100,position_order_mean+p7_coverage+p8_similarity,3,noisy_or,0.7612,0.0147,0.6959,0.8343,0.2771,0.0222
laya_multi_en:p2_nli_reversed:concatenated,signal,laya_multi_en,p2_nli_reversed,1,concatenated,0.7612,0.0175,0.6613,0.8308,0.2404,0.024
laya_multi_pt:panel[p3_inferable+position_order_mean+p8_similarity]:top2_mean,panel,laya_multi_pt,p3_inferable+position_order_mean+p8_similarity,3,top2_mean,0.7611,0.0139,0.6893,0.8128,0.2669,0.0173
laya_en_en_m2m100:panel[p3_inferable+p7_coverage+p8_similarity]:mean,panel,laya_en_en_m2m100,p3_inferable+p7_coverage+p8_similarity,3,mean,0.761,0.0156,0.6923,0.8355,0.2982,0.0243
laya_multi_pt:panel[p4_supports+p7_coverage]:concatenated,panel,laya_multi_pt,p4_supports+p7_coverage,2,concatenated,0.761,0.0142,0.6883,0.8063,0.2849,0.0248
laya_multi_pt:panel[p3_inferable+p4_supports+position_order_mean+p7_coverage+p8_similarity]:noisy_or,panel,laya_multi_pt,p3_inferable+p4_supports+position_order_mean+p7_coverage+p8_similarity,5,noisy_or,0.761,0.0138,0.6887,0.8168,0.2737,0.0201
laya_en_en_m2m100:panel[nli_order_mean+position_order_mean+p7_coverage+p8_similarity]:mean,panel,laya_en_en_m2m100,nli_order_mean+position_order_mean+p7_coverage+p8_similarity,4,mean,0.7609,0.0151,0.6952,0.8348,0.2885,0.0235
laya_multi_pt:panel[p3_inferable+position_order_mean+p7_coverage]:noisy_or,panel,laya_multi_pt,p3_inferable+position_order_mean+p7_coverage,3,noisy_or,0.7609,0.0132,0.6936,0.8164,0.2727,0.0186
laya_multi_en:panel[nli_order_mean+p4_supports+p8_similarity]:concatenated,panel,laya_multi_en,nli_order_mean+p4_supports+p8_similarity,3,concatenated,0.7609,0.0185,0.6505,0.8282,0.2318,0.0241
laya_multi_pt:panel[nli_order_mean+p4_supports+p7_coverage+p8_similarity]:noisy_or,panel,laya_multi_pt,nli_order_mean+p4_supports+p7_coverage+p8_similarity,4,noisy_or,0.7607,0.0135,0.6896,0.8178,0.2667,0.0198
laya_multi_pt:panel[p4_supports+position_order_mean+p7_coverage]:top2_mean,panel,laya_multi_pt,p4_supports+position_order_mean+p7_coverage,3,top2_mean,0.7607,0.0137,0.6855,0.8171,0.2763,0.0192
laya_multi_en:panel[nli_order_mean+p3_inferable+p4_supports+position_order_mean]:concatenated,panel,laya_multi_en,nli_order_mean+p3_inferable+p4_supports+position_order_mean,4,concatenated,0.7606,0.0183,0.6468,0.8347,0.2311,0.0249
laya_multi_pt:panel[p4_supports+p7_coverage]:noisy_or,panel,laya_multi_pt,p4_supports+p7_coverage,2,noisy_or,0.7606,0.0139,0.6893,0.8242,0.2725,0.0209
laya_multi_en:panel[nli_order_mean+p3_inferable+p4_supports+p8_similarity]:top2_mean,panel,laya_multi_en,nli_order_mean+p3_inferable+p4_supports+p8_similarity,4,top2_mean,0.7605,0.0163,0.6739,0.8442,0.2383,0.0257
laya_multi_en_m2m100:panel[nli_order_mean+p4_supports+position_order_mean]:top2_mean,panel,laya_multi_en_m2m100,nli_order_mean+p4_supports+position_order_mean,3,top2_mean,0.7605,0.0172,0.6783,0.8506,0.2167,0.0186
laya_multi_en:panel[nli_order_mean+p3_inferable+p4_supports+p7_coverage]:top2_mean,panel,laya_multi_en,nli_order_mean+p3_inferable+p4_supports+p7_coverage,4,top2_mean,0.7604,0.0158,0.6775,0.8456,0.2423,0.0217
laya_multi_pt:panel[nli_order_mean+p7_coverage]:top2_mean,panel,laya_multi_pt,nli_order_mean+p7_coverage,2,top2_mean,0.7604,0.0127,0.6943,0.8177,0.2687,0.0171
laya_multi_pt:panel[nli_order_mean+p3_inferable+p4_supports+position_order_mean+p7_coverage]:mean,panel,laya_multi_pt,nli_order_mean+p3_inferable+p4_supports+position_order_mean+p7_coverage,5,mean,0.7603,0.0141,0.6893,0.8186,0.2966,0.0201
laya_multi_en_m2m100:panel[nli_order_mean+p3_inferable+p4_supports+p7_coverage]:mean,panel,laya_multi_en_m2m100,nli_order_mean+p3_inferable+p4_supports+p7_coverage,4,mean,0.7601,0.0181,0.6767,0.862,0.2181,0.0226
laya_multi_pt:panel[nli_order_mean+p3_inferable+position_order_mean+p7_coverage+p8_similarity]:noisy_or,panel,laya_multi_pt,nli_order_mean+p3_inferable+position_order_mean+p7_coverage+p8_similarity,5,noisy_or,0.7601,0.013,0.6924,0.8124,0.2793,0.0191
laya_multi_en:panel[nli_order_mean+p3_inferable+p4_supports+position_order_mean+p7_coverage]:noisy_or,panel,laya_multi_en,nli_order_mean+p3_inferable+p4_supports+position_order_mean+p7_coverage,5,noisy_or,0.7601,0.0149,0.6806,0.8388,0.2312,0.0228
laya_multi_en_m2m100:panel[nli_order_mean+position_order_mean+p7_coverage+p8_similarity]:max,panel,laya_multi_en_m2m100,nli_order_mean+position_order_mean+p7_coverage+p8_similarity,4,max,0.76,0.0143,0.684,0.8439,0.197,0.0167
laya_multi_en:panel[nli_order_mean+p3_inferable+p7_coverage]:concatenated,panel,laya_multi_en,nli_order_mean+p3_inferable+p7_coverage,3,concatenated,0.76,0.0181,0.6516,0.8341,0.2367,0.0253
laya_multi_en:panel[nli_order_mean+position_order_mean]:max,panel,laya_multi_en,nli_order_mean+position_order_mean,2,max,0.76,0.0143,0.6856,0.8346,0.2422,0.0242
laya_multi_pt:panel[nli_order_mean+position_order_mean+p7_coverage]:top2_mean,panel,laya_multi_pt,nli_order_mean+position_order_mean+p7_coverage,3,top2_mean,0.76,0.0126,0.6907,0.8103,0.2685,0.017
laya_multi_pt:panel[p4_supports+position_order_mean+p8_similarity]:top2_mean,panel,laya_multi_pt,p4_supports+position_order_mean+p8_similarity,3,top2_mean,0.7599,0.014,0.6849,0.8132,0.2703,0.0192
laya_multi_en:panel[p3_inferable+p4_supports+position_order_mean]:noisy_or,panel,laya_multi_en,p3_inferable+p4_supports+position_order_mean,3,noisy_or,0.7598,0.0144,0.6794,0.8359,0.2185,0.0187
laya_multi_en_m2m100:panel[p3_inferable+p4_supports+position_order_mean+p7_coverage]:top2_mean,panel,laya_multi_en_m2m100,p3_inferable+p4_supports+position_order_mean+p7_coverage,4,top2_mean,0.7598,0.0178,0.6746,0.8581,0.2107,0.0178
laya_multi_pt:panel[p4_supports+p8_similarity]:top2_mean,panel,laya_multi_pt,p4_supports+p8_similarity,2,top2_mean,0.7598,0.0152,0.682,0.8207,0.279,0.0204
laya_multi_pt:panel[p3_inferable+p4_supports+p7_coverage]:mean,panel,laya_multi_pt,p3_inferable+p4_supports+p7_coverage,3,mean,0.7598,0.0147,0.6885,0.8231,0.309,0.0205
laya_multi_en_m2m100:panel[nli_order_mean+p4_supports+p8_similarity]:top2_mean,panel,laya_multi_en_m2m100,nli_order_mean+p4_supports+p8_similarity,3,top2_mean,0.7598,0.0176,0.677,0.8536,0.2135,0.0178
laya_multi_en:panel[p3_inferable+position_order_mean+p8_similarity]:max,panel,laya_multi_en,p3_inferable+position_order_mean+p8_similarity,3,max,0.7597,0.0139,0.6861,0.8337,0.2125,0.0201
laya_multi_pt:panel[nli_order_mean+p8_similarity]:top2_mean,panel,laya_multi_pt,nli_order_mean+p8_similarity,2,top2_mean,0.7597,0.0139,0.6874,0.8134,0.2613,0.0203
laya_multi_pt:panel[nli_order_mean+p3_inferable+p7_coverage]:mean,panel,laya_multi_pt,nli_order_mean+p3_inferable+p7_coverage,3,mean,0.7596,0.014,0.694,0.8204,0.2955,0.0183
laya_multi_en:panel[nli_order_mean+p3_inferable+p4_supports+position_order_mean+p7_coverage]:top2_mean,panel,laya_multi_en,nli_order_mean+p3_inferable+p4_supports+position_order_mean+p7_coverage,5,top2_mean,0.7596,0.0159,0.6754,0.8438,0.2412,0.0243
laya_multi_en:panel[nli_order_mean+p4_supports+p7_coverage]:concatenated,panel,laya_multi_en,nli_order_mean+p4_supports+p7_coverage,3,concatenated,0.7596,0.0181,0.653,0.8352,0.2427,0.0231
laya_multi_pt:panel[nli_order_mean+p4_supports+position_order_mean+p7_coverage+p8_similarity]:noisy_or,panel,laya_multi_pt,nli_order_mean+p4_supports+position_order_mean+p7_coverage+p8_similarity,5,noisy_or,0.7596,0.0131,0.6906,0.8132,0.2807,0.0192
laya_multi_en:panel[p4_supports+position_order_mean+p8_similarity]:max,panel,laya_multi_en,p4_supports+position_order_mean+p8_similarity,3,max,0.7595,0.0141,0.6826,0.837,0.2166,0.0213
laya_multi_en_m2m100:panel[nli_order_mean+p3_inferable+p4_supports+position_order_mean+p8_similarity]:top2_mean,panel,laya_multi_en_m2m100,nli_order_mean+p3_inferable+p4_supports+position_order_mean+p8_similarity,5,top2_mean,0.7595,0.0175,0.6753,0.8522,0.2064,0.0175
laya_multi_en_m2m100:panel[nli_order_mean+p3_inferable+position_order_mean]:top2_mean,panel,laya_multi_en_m2m100,nli_order_mean+p3_inferable+position_order_mean,3,top2_mean,0.7594,0.0173,0.6765,0.8509,0.2091,0.0154
laya_multi_pt:panel[nli_order_mean+p3_inferable+p4_supports+p8_similarity]:mean,panel,laya_multi_pt,nli_order_mean+p3_inferable+p4_supports+p8_similarity,4,mean,0.7594,0.015,0.6853,0.8176,0.3003,0.0227
laya_multi_pt:panel[p4_supports+position_order_mean+p7_coverage]:noisy_or,panel,laya_multi_pt,p4_supports+position_order_mean+p7_coverage,3,noisy_or,0.7594,0.0133,0.6897,0.8161,0.2632,0.0193
laya_multi_en_m2m100:panel[nli_order_mean+p3_inferable+p4_supports+p7_coverage+p8_similarity]:noisy_or,panel,laya_multi_en_m2m100,nli_order_mean+p3_inferable+p4_supports+p7_coverage+p8_similarity,5,noisy_or,0.7593,0.0167,0.6775,0.8538,0.2021,0.0191
laya_en_en:p7_coverage:top2_mean,signal,laya_en_en,p7_coverage,1,top2_mean,0.7592,0.0129,0.7007,0.823,0.274,0.0166
laya_multi_en:panel[nli_order_mean+p3_inferable+position_order_mean]:top2_mean,panel,laya_multi_en,nli_order_mean+p3_inferable+position_order_mean,3,top2_mean,0.7592,0.0156,0.6757,0.837,0.2479,0.022
laya_en_en:p8_similarity:concatenated,signal,laya_en_en,p8_similarity,1,concatenated,0.7592,0.0118,0.7089,0.812,0.29,0.0231
laya_multi_en:panel[nli_order_mean+p3_inferable+p4_supports+p7_coverage+p8_similarity]:concatenated,panel,laya_multi_en,nli_order_mean+p3_inferable+p4_supports+p7_coverage+p8_similarity,5,concatenated,0.7591,0.0181,0.6487,0.8289,0.2288,0.0248
laya_multi_pt:panel[p3_inferable+position_order_mean]:concatenated,panel,laya_multi_pt,p3_inferable+position_order_mean,2,concatenated,0.7591,0.0141,0.6913,0.803,0.2871,0.0236
laya_multi_en:panel[nli_order_mean+p4_supports+position_order_mean]:top2_mean,panel,laya_multi_en,nli_order_mean+p4_supports+position_order_mean,3,top2_mean,0.759,0.0158,0.6731,0.8382,0.2525,0.024
laya_multi_en_m2m100:panel[nli_order_mean+position_order_mean+p8_similarity]:max,panel,laya_multi_en_m2m100,nli_order_mean+position_order_mean+p8_similarity,3,max,0.759,0.0139,0.6901,0.8379,0.1904,0.0165
laya_multi_en:panel[nli_order_mean+p3_inferable+p4_supports+position_order_mean+p8_similarity]:concatenated,panel,laya_multi_en,nli_order_mean+p3_inferable+p4_supports+position_order_mean+p8_similarity,5,concatenated,0.7589,0.0186,0.6434,0.8285,0.2219,0.0252
laya_multi_en_m2m100:panel[nli_order_mean+p4_supports+position_order_mean+p7_coverage]:top2_mean,panel,laya_multi_en_m2m100,nli_order_mean+p4_supports+position_order_mean+p7_coverage,4,top2_mean,0.7589,0.0173,0.6739,0.8549,0.2047,0.0175
laya_multi_en_m2m100:panel[nli_order_mean+p3_inferable+p8_similarity]:top2_mean,panel,laya_multi_en_m2m100,nli_order_mean+p3_inferable+p8_similarity,3,top2_mean,0.7587,0.0179,0.6743,0.8547,0.2118,0.0188
laya_multi_en:panel[nli_order_mean+p8_similarity]:max,panel,laya_multi_en,nli_order_mean+p8_similarity,2,max,0.7587,0.0156,0.6723,0.8419,0.2145,0.0208
laya_en_en_m2m100:panel[p4_supports+position_order_mean+p7_coverage+p8_similarity]:mean,panel,laya_en_en_m2m100,p4_supports+position_order_mean+p7_coverage+p8_similarity,4,mean,0.7587,0.0154,0.691,0.832,0.2971,0.0235
laya_multi_en:panel[nli_order_mean+p3_inferable+p4_supports+position_order_mean+p8_similarity]:top2_mean,panel,laya_multi_en,nli_order_mean+p3_inferable+p4_supports+position_order_mean+p8_similarity,5,top2_mean,0.7587,0.016,0.6723,0.8397,0.2347,0.026
laya_multi_en_m2m100:panel[nli_order_mean+p7_coverage+p8_similarity]:max,panel,laya_multi_en_m2m100,nli_order_mean+p7_coverage+p8_similarity,3,max,0.7586,0.0157,0.6753,0.8511,0.1933,0.0174
laya_multi_en_m2m100:panel[p3_inferable+p4_supports+p7_coverage+p8_similarity]:top2_mean,panel,laya_multi_en_m2m100,p3_inferable+p4_supports+p7_coverage+p8_similarity,4,top2_mean,0.7586,0.0181,0.6749,0.8621,0.2044,0.0145
laya_multi_pt:panel[nli_order_mean+position_order_mean+p8_similarity]:top2_mean,panel,laya_multi_pt,nli_order_mean+position_order_mean+p8_similarity,3,top2_mean,0.7586,0.0131,0.6879,0.8071,0.2571,0.0191
laya_multi_en_m2m100:panel[p3_inferable+p4_supports+p8_similarity]:noisy_or,panel,laya_multi_en_m2m100,p3_inferable+p4_supports+p8_similarity,3,noisy_or,0.7586,0.0165,0.6795,0.8495,0.2065,0.0177
laya_multi_en:panel[p3_inferable+p4_supports+p8_similarity]:concatenated,panel,laya_multi_en,p3_inferable+p4_supports+p8_similarity,3,concatenated,0.7585,0.0185,0.6429,0.8213,0.2361,0.0252
laya_multi_en_m2m100:panel[p3_inferable+p4_supports+position_order_mean+p7_coverage]:noisy_or,panel,laya_multi_en_m2m100,p3_inferable+p4_supports+position_order_mean+p7_coverage,4,noisy_or,0.7585,0.0171,0.6713,0.8557,0.1968,0.0196
laya_multi_en_m2m100:panel[nli_order_mean+p3_inferable+position_order_mean+p7_coverage]:top2_mean,panel,laya_multi_en_m2m100,nli_order_mean+p3_inferable+position_order_mean+p7_coverage,4,top2_mean,0.7584,0.0175,0.672,0.8562,0.2031,0.0163
laya_multi_pt:panel[nli_order_mean+p4_supports+p7_coverage]:mean,panel,laya_multi_pt,nli_order_mean+p4_supports+p7_coverage,3,mean,0.7583,0.0141,0.6905,0.82,0.2963,0.0192
laya_multi_en_m2m100:panel[nli_order_mean+p3_inferable+p4_supports+position_order_mean+p7_coverage+p8_similarity]:top2_mean,panel,laya_multi_en_m2m100,nli_order_mean+p3_inferable+p4_supports+position_order_mean+p7_coverage+p8_similarity,6,top2_mean,0.7583,0.0176,0.6735,0.8551,0.2225,0.0153
laya_multi_en:panel[p3_inferable+position_order_mean+p7_coverage]:max,panel,laya_multi_en,p3_inferable+position_order_mean+p7_coverage,3,max,0.7583,0.0141,0.6865,0.8352,0.2107,0.0206
laya_multi_en_m2m100:panel[nli_order_mean+p3_inferable+p4_supports]:concatenated,panel,laya_multi_en_m2m100,nli_order_mean+p3_inferable+p4_supports,3,concatenated,0.7582,0.0178,0.6851,0.8399,0.258,0.026
laya_multi_pt:panel[p3_inferable+p8_similarity]:noisy_or,panel,laya_multi_pt,p3_inferable+p8_similarity,2,noisy_or,0.7581,0.0147,0.6811,0.816,0.2749,0.02
laya_multi_en_m2m100:panel[p3_inferable+p4_supports]:concatenated,panel,laya_multi_en_m2m100,p3_inferable+p4_supports,2,concatenated,0.7581,0.0183,0.6769,0.8455,0.2583,0.0269
laya_multi_en:panel[p3_inferable+p4_supports+position_order_mean]:top2_mean,panel,laya_multi_en,p3_inferable+p4_supports+position_order_mean,3,top2_mean,0.7579,0.0156,0.6765,0.8383,0.25,0.0239
laya_multi_pt:panel[p3_inferable+p7_coverage+p8_similarity]:concatenated,panel,laya_multi_pt,p3_inferable+p7_coverage+p8_similarity,3,concatenated,0.7579,0.0144,0.6806,0.7996,0.2669,0.0204
laya_multi_en_m2m100:panel[p4_supports+p7_coverage]:top2_mean,panel,laya_multi_en_m2m100,p4_supports+p7_coverage,2,top2_mean,0.7579,0.0181,0.6715,0.863,0.1932,0.0176
laya_multi_en:panel[nli_order_mean+p4_supports+position_order_mean]:concatenated,panel,laya_multi_en,nli_order_mean+p4_supports+position_order_mean,3,concatenated,0.7579,0.0184,0.6433,0.8336,0.224,0.025
laya_multi_en:panel[nli_order_mean+p3_inferable+p7_coverage]:noisy_or,panel,laya_multi_en,nli_order_mean+p3_inferable+p7_coverage,3,noisy_or,0.7578,0.0145,0.6847,0.8356,0.2135,0.0208
laya_multi_en:panel[nli_order_mean+p3_inferable+position_order_mean]:concatenated,panel,laya_multi_en,nli_order_mean+p3_inferable+position_order_mean,3,concatenated,0.7578,0.0185,0.642,0.8319,0.2268,0.0253
laya_multi_en:panel[nli_order_mean+p3_inferable+p4_supports+position_order_mean+p7_coverage]:concatenated,panel,laya_multi_en,nli_order_mean+p3_inferable+p4_supports+position_order_mean+p7_coverage,5,concatenated,0.7578,0.0184,0.6438,0.8344,0.2165,0.0247
laya_multi_en:panel[nli_order_mean+p4_supports+p7_coverage]:noisy_or,panel,laya_multi_en,nli_order_mean+p4_supports+p7_coverage,3,noisy_or,0.7577,0.0146,0.6816,0.8366,0.2328,0.0225
laya_multi_en_m2m100:p3_inferable:concatenated,signal,laya_multi_en_m2m100,p3_inferable,1,concatenated,0.7577,0.0183,0.6802,0.8456,0.2392,0.0267
laya_multi_en:panel[p3_inferable+p7_coverage]:max,panel,laya_multi_en,p3_inferable+p7_coverage,2,max,0.7577,0.0139,0.6921,0.8369,0.2247,0.0217
laya_multi_en_m2m100:panel[nli_order_mean+p3_inferable+p4_supports+position_order_mean+p8_similarity]:noisy_or,panel,laya_multi_en_m2m100,nli_order_mean+p3_inferable+p4_supports+position_order_mean+p8_similarity,5,noisy_or,0.7576,0.016,0.6743,0.8434,0.1841,0.0167
laya_multi_en:panel[p4_supports+position_order_mean+p7_coverage]:max,panel,laya_multi_en,p4_supports+position_order_mean+p7_coverage,3,max,0.7576,0.0141,0.6839,0.8362,0.1998,0.022
laya_multi_en_m2m100:panel[p3_inferable+p7_coverage]:top2_mean,panel,laya_multi_en_m2m100,p3_inferable+p7_coverage,2,top2_mean,0.7575,0.0186,0.6679,0.8665,0.1925,0.0179
laya_multi_en:panel[nli_order_mean+position_order_mean+p8_similarity]:max,panel,laya_multi_en,nli_order_mean+position_order_mean+p8_similarity,3,max,0.7574,0.0151,0.676,0.8346,0.2236,0.0243
laya_multi_pt:panel[nli_order_mean+p7_coverage]:noisy_or,panel,laya_multi_pt,nli_order_mean+p7_coverage,2,noisy_or,0.7573,0.0125,0.695,0.8152,0.2687,0.0186
laya_multi_en_m2m100:panel[nli_order_mean+p4_supports+position_order_mean+p7_coverage]:noisy_or,panel,laya_multi_en_m2m100,nli_order_mean+p4_supports+position_order_mean+p7_coverage,4,noisy_or,0.7573,0.0166,0.671,0.8513,0.2029,0.0231
laya_multi_pt:panel[nli_order_mean+p7_coverage]:concatenated,panel,laya_multi_pt,nli_order_mean+p7_coverage,2,concatenated,0.7573,0.0142,0.6849,0.8092,0.2622,0.0249
laya_en_en_m2m100:panel[p3_inferable+position_order_mean+p7_coverage+p8_similarity]:mean,panel,laya_en_en_m2m100,p3_inferable+position_order_mean+p7_coverage+p8_similarity,4,mean,0.7573,0.0156,0.6881,0.8298,0.2994,0.0239
laya_multi_en_m2m100:panel[nli_order_mean+p4_supports+p8_similarity]:noisy_or,panel,laya_multi_en_m2m100,nli_order_mean+p4_supports+p8_similarity,3,noisy_or,0.7572,0.0162,0.6771,0.8439,0.2032,0.016
laya_multi_en:panel[nli_order_mean+p4_supports+p8_similarity]:top2_mean,panel,laya_multi_en,nli_order_mean+p4_supports+p8_similarity,3,top2_mean,0.7572,0.0162,0.6702,0.8404,0.2358,0.0213
laya_multi_en:panel[p4_supports+p7_coverage]:max,panel,laya_multi_en,p4_supports+p7_coverage,2,max,0.7572,0.0139,0.6891,0.8394,0.2323,0.0223
laya_multi_en_m2m100:p4_supports:concatenated,signal,laya_multi_en_m2m100,p4_supports,1,concatenated,0.7572,0.0184,0.6731,0.8432,0.2527,0.0249
laya_multi_en:panel[nli_order_mean+p3_inferable+p7_coverage]:top2_mean,panel,laya_multi_en,nli_order_mean+p3_inferable+p7_coverage,3,top2_mean,0.7571,0.0154,0.6775,0.839,0.2418,0.0239
laya_multi_en:panel[nli_order_mean+p4_supports+p7_coverage]:top2_mean,panel,laya_multi_en,nli_order_mean+p4_supports+p7_coverage,3,top2_mean,0.7571,0.0155,0.676,0.8405,0.2253,0.018
laya_multi_en_m2m100:panel[nli_order_mean+p4_supports]:concatenated,panel,laya_multi_en_m2m100,nli_order_mean+p4_supports,2,concatenated,0.7571,0.0175,0.6858,0.8355,0.2635,0.0223
laya_multi_pt:panel[p3_inferable+position_order_mean+p7_coverage]:concatenated,panel,laya_multi_pt,p3_inferable+position_order_mean+p7_coverage,3,concatenated,0.7571,0.0137,0.6904,0.8031,0.2747,0.0226
laya_multi_en:panel[nli_order_mean+p3_inferable+p8_similarity]:top2_mean,panel,laya_multi_en,nli_order_mean+p3_inferable+p8_similarity,3,top2_mean,0.7571,0.016,0.6721,0.8388,0.2346,0.0203
laya_multi_en:panel[p3_inferable+p4_supports+p7_coverage]:concatenated,panel,laya_multi_en,p3_inferable+p4_supports+p7_coverage,3,concatenated,0.7571,0.0177,0.6472,0.8302,0.2263,0.0253
laya_multi_en_m2m100:panel[nli_order_mean+p3_inferable+position_order_mean+p7_coverage]:noisy_or,panel,laya_multi_en_m2m100,nli_order_mean+p3_inferable+position_order_mean+p7_coverage,4,noisy_or,0.757,0.0167,0.6697,0.8525,0.2261,0.0197
laya_multi_en_m2m100:panel[nli_order_mean+p3_inferable+p4_supports+position_order_mean]:mean,panel,laya_multi_en_m2m100,nli_order_mean+p3_inferable+p4_supports+position_order_mean,4,mean,0.7569,0.0178,0.6697,0.847,0.2227,0.0199
laya_multi_pt:panel[p3_inferable+position_order_mean+p7_coverage+p8_similarity]:top2_mean,panel,laya_multi_pt,p3_inferable+position_order_mean+p7_coverage+p8_similarity,4,top2_mean,0.7569,0.0133,0.6844,0.808,0.2596,0.0202
laya_multi_en_m2m100:panel[p3_inferable+p4_supports+p7_coverage]:mean,panel,laya_multi_en_m2m100,p3_inferable+p4_supports+p7_coverage,3,mean,0.7569,0.0181,0.6735,0.8607,0.2283,0.0188
laya_multi_pt:panel[p3_inferable+position_order_mean]:mean,panel,laya_multi_pt,p3_inferable+position_order_mean,2,mean,0.7568,0.0142,0.6844,0.8103,0.2912,0.0186
laya_multi_en:panel[nli_order_mean+p3_inferable+p4_supports+position_order_mean+p7_coverage+p8_similarity]:top2_mean,panel,laya_multi_en,nli_order_mean+p3_inferable+p4_supports+position_order_mean+p7_coverage+p8_similarity,6,top2_mean,0.7568,0.0157,0.6713,0.84,0.2349,0.022
laya_multi_en:panel[nli_order_mean+p3_inferable+p4_supports+p7_coverage+p8_similarity]:top2_mean,panel,laya_multi_en,nli_order_mean+p3_inferable+p4_supports+p7_coverage+p8_similarity,5,top2_mean,0.7567,0.0157,0.6728,0.8422,0.2263,0.0187
laya_multi_en:panel[nli_order_mean+p3_inferable+position_order_mean+p7_coverage]:top2_mean,panel,laya_multi_en,nli_order_mean+p3_inferable+position_order_mean+p7_coverage,4,top2_mean,0.7567,0.0156,0.6736,0.8377,0.2397,0.0251
laya_multi_en_m2m100:panel[nli_order_mean+p4_supports+p7_coverage+p8_similarity]:top2_mean,panel,laya_multi_en_m2m100,nli_order_mean+p4_supports+p7_coverage+p8_similarity,4,top2_mean,0.7567,0.0176,0.6728,0.8567,0.1863,0.0167
laya_multi_en:panel[p3_inferable+position_order_mean+p7_coverage+p8_similarity]:max,panel,laya_multi_en,p3_inferable+position_order_mean+p7_coverage+p8_similarity,4,max,0.7566,0.0146,0.6801,0.8341,0.2151,0.0175
laya_multi_en:panel[nli_order_mean+p3_inferable+p4_supports+p8_similarity]:noisy_or,panel,laya_multi_en,nli_order_mean+p3_inferable+p4_supports+p8_similarity,4,noisy_or,0.7566,0.0153,0.6737,0.8412,0.2154,0.0163
laya_en_en_m2m100:p8_similarity:concatenated,signal,laya_en_en_m2m100,p8_similarity,1,concatenated,0.7566,0.0135,0.7019,0.8211,0.2718,0.0212
laya_multi_en:panel[nli_order_mean+p3_inferable+p4_supports+position_order_mean]:mean,panel,laya_multi_en,nli_order_mean+p3_inferable+p4_supports+position_order_mean,4,mean,0.7566,0.0161,0.6695,0.8349,0.2373,0.0224
laya_multi_en:panel[nli_order_mean+position_order_mean+p7_coverage]:max,panel,laya_multi_en,nli_order_mean+position_order_mean+p7_coverage,3,max,0.7565,0.015,0.6776,0.8333,0.2242,0.022
laya_multi_en:panel[p3_inferable+p4_supports+p8_similarity]:top2_mean,panel,laya_multi_en,p3_inferable+p4_supports+p8_similarity,3,top2_mean,0.7565,0.016,0.6736,0.8404,0.2412,0.0197
laya_multi_pt:panel[nli_order_mean+position_order_mean+p7_coverage]:noisy_or,panel,laya_multi_pt,nli_order_mean+position_order_mean+p7_coverage,3,noisy_or,0.7564,0.0121,0.6942,0.8083,0.2585,0.0163
laya_multi_en:panel[p3_inferable+p4_supports+p7_coverage]:noisy_or,panel,laya_multi_en,p3_inferable+p4_supports+p7_coverage,3,noisy_or,0.7564,0.0147,0.6822,0.8372,0.2187,0.0199
laya_multi_en_m2m100:panel[nli_order_mean+p3_inferable]:concatenated,panel,laya_multi_en_m2m100,nli_order_mean+p3_inferable,2,concatenated,0.7563,0.0177,0.6854,0.8381,0.2571,0.0221
laya_multi_pt:panel[p4_supports+p8_similarity]:concatenated,panel,laya_multi_pt,p4_supports+p8_similarity,2,concatenated,0.7562,0.016,0.6799,0.8052,0.2879,0.0262
laya_multi_en_m2m100:panel[nli_order_mean+p3_inferable+p7_coverage+p8_similarity]:top2_mean,panel,laya_multi_en_m2m100,nli_order_mean+p3_inferable+p7_coverage+p8_similarity,4,top2_mean,0.7562,0.0179,0.6706,0.8584,0.1833,0.0173
laya_multi_pt:panel[p3_inferable+position_order_mean+p8_similarity]:concatenated,panel,laya_multi_pt,p3_inferable+position_order_mean+p8_similarity,3,concatenated,0.7562,0.0143,0.6843,0.7995,0.2748,0.0221
laya_multi_en_m2m100:panel[nli_order_mean+p3_inferable+p8_similarity]:noisy_or,panel,laya_multi_en_m2m100,nli_order_mean+p3_inferable+p8_similarity,3,noisy_or,0.7562,0.0162,0.6753,0.8446,0.1917,0.0154
laya_multi_en:panel[nli_order_mean+p4_supports+position_order_mean+p7_coverage]:top2_mean,panel,laya_multi_en,nli_order_mean+p4_supports+position_order_mean+p7_coverage,4,top2_mean,0.7561,0.0157,0.6728,0.8382,0.2366,0.0252
laya_multi_pt:panel[p3_inferable+position_order_mean+p8_similarity]:noisy_or,panel,laya_multi_pt,p3_inferable+position_order_mean+p8_similarity,3,noisy_or,0.7561,0.0135,0.6835,0.8062,0.2577,0.0178
laya_multi_en:panel[nli_order_mean+p3_inferable+p7_coverage+p8_similarity]:concatenated,panel,laya_multi_en,nli_order_mean+p3_inferable+p7_coverage+p8_similarity,4,concatenated,0.756,0.0183,0.6436,0.8245,0.2268,0.0246
laya_multi_pt:panel[nli_order_mean+p3_inferable+p4_supports+position_order_mean+p8_similarity]:mean,panel,laya_multi_pt,nli_order_mean+p3_inferable+p4_supports+position_order_mean+p8_similarity,5,mean,0.7559,0.0144,0.6827,0.8106,0.286,0.0205
laya_multi_pt:panel[p3_inferable+p4_supports+position_order_mean+p7_coverage]:mean,panel,laya_multi_pt,p3_inferable+p4_supports+position_order_mean+p7_coverage,4,mean,0.7559,0.0143,0.6834,0.8149,0.308,0.0192
laya_multi_en:panel[nli_order_mean+p4_supports+p7_coverage+p8_similarity]:concatenated,panel,laya_multi_en,nli_order_mean+p4_supports+p7_coverage+p8_similarity,4,concatenated,0.7559,0.0183,0.645,0.8267,0.2268,0.0225
laya_multi_en:panel[p3_inferable+p4_supports+p7_coverage]:top2_mean,panel,laya_multi_en,p3_inferable+p4_supports+p7_coverage,3,top2_mean,0.7559,0.0155,0.6776,0.8431,0.2397,0.0226
laya_multi_pt:panel[p4_supports+position_order_mean]:concatenated,panel,laya_multi_pt,p4_supports+position_order_mean,2,concatenated,0.7559,0.0146,0.6886,0.8016,0.2921,0.0238
laya_multi_en_m2m100:panel[p3_inferable+p4_supports+position_order_mean+p8_similarity]:top2_mean,panel,laya_multi_en_m2m100,p3_inferable+p4_supports+position_order_mean+p8_similarity,4,top2_mean,0.7558,0.0176,0.6705,0.849,0.1974,0.0155
laya_multi_pt:panel[p4_supports+p8_similarity]:noisy_or,panel,laya_multi_pt,p4_supports+p8_similarity,2,noisy_or,0.7558,0.0153,0.6747,0.8162,0.2783,0.0212
laya_multi_pt:panel[p3_inferable+p7_coverage+p8_similarity]:top2_mean,panel,laya_multi_pt,p3_inferable+p7_coverage+p8_similarity,3,top2_mean,0.7558,0.0139,0.6808,0.8141,0.2708,0.0173
laya_multi_en:panel[nli_order_mean+p3_inferable+p4_supports+position_order_mean+p7_coverage+p8_similarity]:concatenated,panel,laya_multi_en,nli_order_mean+p3_inferable+p4_supports+position_order_mean+p7_coverage+p8_similarity,6,concatenated,0.7558,0.0185,0.6404,0.8289,0.225,0.0257
laya_multi_en:panel[nli_order_mean+p3_inferable+position_order_mean+p8_similarity]:top2_mean,panel,laya_multi_en,nli_order_mean+p3_inferable+position_order_mean+p8_similarity,4,top2_mean,0.7558,0.0156,0.6702,0.8345,0.2231,0.0251
laya_multi_en:panel[p4_supports+position_order_mean+p7_coverage+p8_similarity]:max,panel,laya_multi_en,p4_supports+position_order_mean+p7_coverage+p8_similarity,4,max,0.7557,0.0146,0.6766,0.8351,0.2171,0.0178
laya_multi_en_m2m100:panel[p4_supports+p7_coverage]:noisy_or,panel,laya_multi_en_m2m100,p4_supports+p7_coverage,2,noisy_or,0.7557,0.0176,0.6721,0.8587,0.2092,0.0231
laya_multi_en:panel[nli_order_mean+p4_supports+position_order_mean+p8_similarity]:top2_mean,panel,laya_multi_en,nli_order_mean+p4_supports+position_order_mean+p8_similarity,4,top2_mean,0.7556,0.0159,0.6675,0.8362,0.2229,0.0258
laya_multi_en_m2m100:panel[nli_order_mean+p3_inferable+p4_supports+p8_similarity]:concatenated,panel,laya_multi_en_m2m100,nli_order_mean+p3_inferable+p4_supports+p8_similarity,4,concatenated,0.7556,0.0178,0.6792,0.8389,0.261,0.0239
laya_multi_pt:panel[p4_supports+position_order_mean+p7_coverage+p8_similarity]:top2_mean,panel,laya_multi_pt,p4_supports+position_order_mean+p7_coverage+p8_similarity,4,top2_mean,0.7556,0.0135,0.6806,0.8087,0.2521,0.0202
laya_multi_en:panel[nli_order_mean+p4_supports+position_order_mean+p7_coverage]:noisy_or,panel,laya_multi_en,nli_order_mean+p4_supports+position_order_mean+p7_coverage,4,noisy_or,0.7555,0.0149,0.6767,0.8328,0.2213,0.0225
laya_multi_en:panel[p3_inferable+p4_supports+position_order_mean+p7_coverage]:top2_mean,panel,laya_multi_en,p3_inferable+p4_supports+position_order_mean+p7_coverage,4,top2_mean,0.7555,0.0157,0.6743,0.8404,0.2226,0.0228
laya_multi_pt:panel[p4_supports+position_order_mean]:mean,panel,laya_multi_pt,p4_supports+position_order_mean,2,mean,0.7555,0.0144,0.6811,0.8112,0.2757,0.0186
laya_multi_en:panel[nli_order_mean+p3_inferable+position_order_mean+p7_coverage]:noisy_or,panel,laya_multi_en,nli_order_mean+p3_inferable+position_order_mean+p7_coverage,4,noisy_or,0.7554,0.0148,0.6777,0.8315,0.2178,0.0205
laya_multi_en:panel[nli_order_mean+p4_supports+position_order_mean+p8_similarity]:concatenated,panel,laya_multi_en,nli_order_mean+p4_supports+position_order_mean+p8_similarity,4,concatenated,0.7553,0.0187,0.6394,0.8265,0.2191,0.0229
laya_multi_en:panel[nli_order_mean+p3_inferable+position_order_mean+p8_similarity]:concatenated,panel,laya_multi_en,nli_order_mean+p3_inferable+position_order_mean+p8_similarity,4,concatenated,0.7553,0.0187,0.6376,0.825,0.2277,0.0254
laya_multi_pt:panel[nli_order_mean+p3_inferable+position_order_mean+p7_coverage]:mean,panel,laya_multi_pt,nli_order_mean+p3_inferable+position_order_mean+p7_coverage,4,mean,0.7552,0.0137,0.6882,0.8116,0.2892,0.019
laya_multi_en:panel[p3_inferable+p4_supports+position_order_mean]:concatenated,panel,laya_multi_en,p3_inferable+p4_supports+position_order_mean,3,concatenated,0.7551,0.0181,0.6378,0.827,0.2169,0.0239
laya_multi_en:panel[nli_order_mean+p3_inferable+p4_supports+position_order_mean+p8_similarity]:noisy_or,panel,laya_multi_en,nli_order_mean+p3_inferable+p4_supports+position_order_mean+p8_similarity,5,noisy_or,0.7551,0.0151,0.6712,0.8345,0.2081,0.0191
laya_multi_en:panel[nli_order_mean+p3_inferable+p4_supports+p7_coverage]:mean,panel,laya_multi_en,nli_order_mean+p3_inferable+p4_supports+p7_coverage,4,mean,0.755,0.0156,0.6764,0.8352,0.2352,0.019
laya_multi_en_m2m100:panel[nli_order_mean+p4_supports+position_order_mean+p8_similarity]:top2_mean,panel,laya_multi_en_m2m100,nli_order_mean+p4_supports+position_order_mean+p8_similarity,4,top2_mean,0.755,0.017,0.6696,0.8447,0.1955,0.0152
laya_multi_pt:panel[nli_order_mean+p8_similarity]:concatenated,panel,laya_multi_pt,nli_order_mean+p8_similarity,2,concatenated,0.7549,0.0152,0.672,0.8067,0.2687,0.0216
laya_multi_en_m2m100:panel[p3_inferable+p4_supports+position_order_mean+p7_coverage+p8_similarity]:top2_mean,panel,laya_multi_en_m2m100,p3_inferable+p4_supports+position_order_mean+p7_coverage+p8_similarity,5,top2_mean,0.7549,0.0176,0.6699,0.8528,0.1913,0.0162
laya_multi_en:panel[p3_inferable+p7_coverage+p8_similarity]:max,panel,laya_multi_en,p3_inferable+p7_coverage+p8_similarity,3,max,0.7549,0.0144,0.6826,0.835,0.212,0.0156
laya_multi_en:panel[p3_inferable+p4_supports+position_order_mean+p8_similarity]:top2_mean,panel,laya_multi_en,p3_inferable+p4_supports+position_order_mean+p8_similarity,4,top2_mean,0.7548,0.0158,0.6709,0.8355,0.2294,0.0215
laya_multi_pt:panel[nli_order_mean+position_order_mean+p7_coverage+p8_similarity]:top2_mean,panel,laya_multi_pt,nli_order_mean+position_order_mean+p7_coverage+p8_similarity,4,top2_mean,0.7548,0.0125,0.6857,0.803,0.2466,0.0168
laya_multi_en_m2m100:panel[nli_order_mean+p4_supports+p7_coverage]:mean,panel,laya_multi_en_m2m100,nli_order_mean+p4_supports+p7_coverage,3,mean,0.7548,0.0177,0.6711,0.8557,0.2116,0.0224
laya_multi_en_m2m100:panel[p3_inferable+p7_coverage]:noisy_or,panel,laya_multi_en_m2m100,p3_inferable+p7_coverage,2,noisy_or,0.7548,0.0179,0.6692,0.8612,0.1989,0.0197
laya_multi_en_m2m100:panel[nli_order_mean+p3_inferable+p4_supports+position_order_mean+p7_coverage+p8_similarity]:noisy_or,panel,laya_multi_en_m2m100,nli_order_mean+p3_inferable+p4_supports+position_order_mean+p7_coverage+p8_similarity,6,noisy_or,0.7547,0.0164,0.6702,0.8464,0.1923,0.0178
laya_multi_pt:panel[p4_supports+position_order_mean+p8_similarity]:noisy_or,panel,laya_multi_pt,p4_supports+position_order_mean+p8_similarity,3,noisy_or,0.7547,0.0138,0.6794,0.8069,0.272,0.0199
laya_multi_en:panel[nli_order_mean+p4_supports+position_order_mean+p7_coverage]:concatenated,panel,laya_multi_en,nli_order_mean+p4_supports+position_order_mean+p7_coverage,4,concatenated,0.7545,0.0185,0.6406,0.8335,0.2194,0.0259
laya_multi_en:panel[nli_order_mean+p7_coverage]:max,panel,laya_multi_en,nli_order_mean+p7_coverage,2,max,0.7545,0.0149,0.6771,0.8334,0.2051,0.0203
laya_multi_pt:panel[nli_order_mean+p3_inferable+p4_supports+p7_coverage+p8_similarity]:mean,panel,laya_multi_pt,nli_order_mean+p3_inferable+p4_supports+p7_coverage+p8_similarity,5,mean,0.7545,0.0142,0.6835,0.8127,0.2775,0.0211
laya_multi_en:panel[nli_order_mean+position_order_mean+p7_coverage+p8_similarity]:max,panel,laya_multi_en,nli_order_mean+position_order_mean+p7_coverage+p8_similarity,4,max,0.7544,0.0154,0.671,0.8337,0.2077,0.0206
laya_multi_en:panel[nli_order_mean+p3_inferable+position_order_mean+p7_coverage]:concatenated,panel,laya_multi_en,nli_order_mean+p3_inferable+position_order_mean+p7_coverage,4,concatenated,0.7544,0.0185,0.6387,0.8313,0.2256,0.0245
laya_multi_pt:panel[p3_inferable+p4_supports+p8_similarity]:mean,panel,laya_multi_pt,p3_inferable+p4_supports+p8_similarity,3,mean,0.7544,0.0152,0.6781,0.8131,0.299,0.0202
laya_multi_pt:panel[nli_order_mean+p4_supports+position_order_mean+p7_coverage]:mean,panel,laya_multi_pt,nli_order_mean+p4_supports+position_order_mean+p7_coverage,4,mean,0.7544,0.0136,0.6857,0.811,0.2937,0.0182
laya_multi_en_m2m100:panel[nli_order_mean+p3_inferable+p7_coverage]:mean,panel,laya_multi_en_m2m100,nli_order_mean+p3_inferable+p7_coverage,3,mean,0.7543,0.0179,0.6696,0.8574,0.2197,0.0219
laya_multi_en:panel[p3_inferable+p4_supports+position_order_mean+p7_coverage]:noisy_or,panel,laya_multi_en,p3_inferable+p4_supports+position_order_mean+p7_coverage,4,noisy_or,0.7543,0.0148,0.6769,0.8339,0.2204,0.0225
laya_en_en_m2m100:panel[p7_coverage+p8_similarity]:top2_mean,panel,laya_en_en_m2m100,p7_coverage+p8_similarity,2,top2_mean,0.7543,0.0147,0.6923,0.8286,0.2764,0.0209
laya_multi_pt:panel[p4_supports+position_order_mean+p7_coverage]:concatenated,panel,laya_multi_pt,p4_supports+position_order_mean+p7_coverage,3,concatenated,0.7542,0.014,0.6895,0.8013,0.264,0.0229
laya_multi_en_m2m100:panel[nli_order_mean+p3_inferable+position_order_mean+p8_similarity]:top2_mean,panel,laya_multi_en_m2m100,nli_order_mean+p3_inferable+position_order_mean+p8_similarity,4,top2_mean,0.7541,0.0171,0.6676,0.8454,0.1897,0.015
laya_multi_pt:panel[nli_order_mean+p3_inferable+p8_similarity]:mean,panel,laya_multi_pt,nli_order_mean+p3_inferable+p8_similarity,3,mean,0.754,0.0145,0.6822,0.8103,0.3081,0.0198
laya_multi_en_m2m100:panel[p4_supports+position_order_mean]:top2_mean,panel,laya_multi_en_m2m100,p4_supports+position_order_mean,2,top2_mean,0.754,0.0172,0.6693,0.8407,0.2152,0.016
laya_multi_en_m2m100:panel[nli_order_mean+p3_inferable+p4_supports+p7_coverage]:concatenated,panel,laya_multi_en_m2m100,nli_order_mean+p3_inferable+p4_supports+p7_coverage,4,concatenated,0.754,0.0176,0.6744,0.8372,0.2488,0.0211
laya_multi_pt:panel[position_order_mean+p7_coverage]:max,panel,laya_multi_pt,position_order_mean+p7_coverage,2,max,0.7539,0.0105,0.7012,0.7973,0.2108,0.0174
laya_multi_pt:panel[p4_supports+p7_coverage+p8_similarity]:top2_mean,panel,laya_multi_pt,p4_supports+p7_coverage+p8_similarity,3,top2_mean,0.7539,0.0141,0.6759,0.8144,0.2758,0.0157
laya_multi_en:panel[p4_supports+p7_coverage+p8_similarity]:max,panel,laya_multi_en,p4_supports+p7_coverage+p8_similarity,3,max,0.7539,0.0146,0.6777,0.8366,0.2056,0.0183
laya_multi_en_m2m100:panel[p3_inferable+p4_supports+p8_similarity]:concatenated,panel,laya_multi_en_m2m100,p3_inferable+p4_supports+p8_similarity,3,concatenated,0.7538,0.018,0.6736,0.8404,0.2602,0.0229
laya_multi_en_m2m100:panel[nli_order_mean+p4_supports+p8_similarity]:concatenated,panel,laya_multi_en_m2m100,nli_order_mean+p4_supports+p8_similarity,3,concatenated,0.7538,0.0176,0.6768,0.8349,0.2641,0.0219
laya_multi_pt:panel[p4_supports+p7_coverage+p8_similarity]:concatenated,panel,laya_multi_pt,p4_supports+p7_coverage+p8_similarity,3,concatenated,0.7538,0.0153,0.6728,0.7974,0.274,0.026
laya_multi_en:panel[p3_inferable+p4_supports+p7_coverage+p8_similarity]:concatenated,panel,laya_multi_en,p3_inferable+p4_supports+p7_coverage+p8_similarity,4,concatenated,0.7536,0.018,0.6404,0.8212,0.2201,0.0242
laya_multi_en:panel[nli_order_mean+p3_inferable+position_order_mean+p7_coverage+p8_similarity]:top2_mean,panel,laya_multi_en,nli_order_mean+p3_inferable+position_order_mean+p7_coverage+p8_similarity,5,top2_mean,0.7536,0.0155,0.6685,0.8351,0.2266,0.0211
laya_multi_en_m2m100:panel[nli_order_mean+p4_supports+position_order_mean+p7_coverage+p8_similarity]:top2_mean,panel,laya_multi_en_m2m100,nli_order_mean+p4_supports+position_order_mean+p7_coverage+p8_similarity,5,top2_mean,0.7535,0.0171,0.6678,0.8486,0.197,0.017
laya_multi_pt:panel[p3_inferable+position_order_mean+p7_coverage+p8_similarity]:concatenated,panel,laya_multi_pt,p3_inferable+position_order_mean+p7_coverage+p8_similarity,4,concatenated,0.7535,0.0139,0.6835,0.797,0.2533,0.0237
laya_multi_en_m2m100:panel[p4_supports+p8_similarity]:top2_mean,panel,laya_multi_en_m2m100,p4_supports+p8_similarity,2,top2_mean,0.7535,0.0179,0.67,0.8508,0.1889,0.015
laya_multi_pt:panel[nli_order_mean+position_order_mean]:concatenated,panel,laya_multi_pt,nli_order_mean+position_order_mean,2,concatenated,0.7535,0.0133,0.6891,0.8021,0.2448,0.0201
laya_en_en:panel[p7_coverage+p8_similarity]:noisy_or,panel,laya_en_en,p7_coverage+p8_similarity,2,noisy_or,0.7534,0.0124,0.6871,0.8182,0.2629,0.0185
laya_multi_en:panel[nli_order_mean+p3_inferable+p7_coverage+p8_similarity]:top2_mean,panel,laya_multi_en,nli_order_mean+p3_inferable+p7_coverage+p8_similarity,4,top2_mean,0.7534,0.0152,0.6722,0.8373,0.2239,0.0202
laya_multi_en_m2m100:panel[p4_supports+position_order_mean]:noisy_or,panel,laya_multi_en_m2m100,p4_supports+position_order_mean,2,noisy_or,0.7534,0.0164,0.6662,0.8373,0.2103,0.0195
laya_multi_en_m2m100:panel[nli_order_mean+p3_inferable+p4_supports+position_order_mean+p7_coverage]:mean,panel,laya_multi_en_m2m100,nli_order_mean+p3_inferable+p4_supports+position_order_mean+p7_coverage,5,mean,0.7534,0.0177,0.6661,0.8514,0.219,0.0174
laya_multi_en_m2m100:panel[p3_inferable+p4_supports+p7_coverage+p8_similarity]:noisy_or,panel,laya_multi_en_m2m100,p3_inferable+p4_supports+p7_coverage+p8_similarity,4,noisy_or,0.7534,0.0171,0.6698,0.8526,0.2054,0.0184
laya_multi_pt:panel[nli_order_mean+p4_supports+p8_similarity]:mean,panel,laya_multi_pt,nli_order_mean+p4_supports+p8_similarity,3,mean,0.7533,0.0147,0.6801,0.8103,0.3063,0.0214
laya_multi_en:panel[nli_order_mean+p4_supports+position_order_mean+p7_coverage+p8_similarity]:top2_mean,panel,laya_multi_en,nli_order_mean+p4_supports+position_order_mean+p7_coverage+p8_similarity,5,top2_mean,0.7533,0.0156,0.6683,0.836,0.2191,0.0199
laya_multi_en:panel[nli_order_mean+p4_supports+p7_coverage+p8_similarity]:top2_mean,panel,laya_multi_en,nli_order_mean+p4_supports+p7_coverage+p8_similarity,4,top2_mean,0.7533,0.0153,0.6705,0.8387,0.2244,0.0196
laya_multi_en:panel[p3_inferable+p8_similarity]:concatenated,panel,laya_multi_en,p3_inferable+p8_similarity,2,concatenated,0.7531,0.0188,0.6349,0.8134,0.2364,0.0239
laya_multi_en_m2m100:panel[p3_inferable+position_order_mean]:top2_mean,panel,laya_multi_en_m2m100,p3_inferable+position_order_mean,2,top2_mean,0.7531,0.0175,0.6663,0.8427,0.1947,0.0153
laya_multi_pt:panel[p4_supports+position_order_mean+p8_similarity]:concatenated,panel,laya_multi_pt,p4_supports+position_order_mean+p8_similarity,3,concatenated,0.7531,0.0147,0.6829,0.7985,0.2845,0.024
laya_multi_en_m2m100:panel[p3_inferable+p4_supports+position_order_mean]:mean,panel,laya_multi_en_m2m100,p3_inferable+p4_supports+position_order_mean,3,mean,0.7531,0.018,0.6637,0.8437,0.1989,0.0173
laya_multi_en_m2m100:panel[nli_order_mean+p3_inferable+position_order_mean+p7_coverage+p8_similarity]:top2_mean,panel,laya_multi_en_m2m100,nli_order_mean+p3_inferable+position_order_mean+p7_coverage+p8_similarity,5,top2_mean,0.753,0.0172,0.6661,0.8495,0.1943,0.0162
laya_multi_en:panel[p3_inferable+p4_supports+position_order_mean+p8_similarity]:concatenated,panel,laya_multi_en,p3_inferable+p4_supports+position_order_mean+p8_similarity,4,concatenated,0.7529,0.0185,0.6337,0.8203,0.2161,0.0258
laya_multi_pt:position_order_mean:max,signal,laya_multi_pt,position_order_mean,1,max,0.7528,0.0118,0.6883,0.8035,0.201,0.0151
laya_multi_en:panel[nli_order_mean+position_order_mean]:top2_mean,panel,laya_multi_en,nli_order_mean+position_order_mean,2,top2_mean,0.7528,0.0156,0.6687,0.8284,0.2285,0.0219
laya_multi_en_m2m100:panel[nli_order_mean+p3_inferable+p8_similarity]:concatenated,panel,laya_multi_en_m2m100,nli_order_mean+p3_inferable+p8_similarity,3,concatenated,0.7528,0.0177,0.6765,0.8356,0.2446,0.0224
laya_multi_en_m2m100:panel[p3_inferable+position_order_mean]:noisy_or,panel,laya_multi_en_m2m100,p3_inferable+position_order_mean,2,noisy_or,0.7527,0.0166,0.6646,0.8387,0.1849,0.0153
laya_multi_en:panel[nli_order_mean+p3_inferable+position_order_mean]:mean,panel,laya_multi_en,nli_order_mean+p3_inferable+position_order_mean,3,mean,0.7527,0.0158,0.6666,0.8282,0.2397,0.0203
laya_multi_en:panel[nli_order_mean+position_order_mean]:noisy_or,panel,laya_multi_en,nli_order_mean+position_order_mean,2,noisy_or,0.7527,0.0147,0.6706,0.8248,0.2266,0.0223
laya_multi_pt:panel[nli_order_mean+p7_coverage+p8_similarity]:top2_mean,panel,laya_multi_pt,nli_order_mean+p7_coverage+p8_similarity,3,top2_mean,0.7526,0.0126,0.6845,0.8059,0.2711,0.017
laya_multi_en:panel[p3_inferable+p4_supports+position_order_mean+p7_coverage+p8_similarity]:top2_mean,panel,laya_multi_en,p3_inferable+p4_supports+position_order_mean+p7_coverage+p8_similarity,5,top2_mean,0.7526,0.0157,0.6688,0.8371,0.2157,0.0197
laya_multi_en:panel[p3_inferable+position_order_mean]:top2_mean,panel,laya_multi_en,p3_inferable+position_order_mean,2,top2_mean,0.7525,0.0154,0.6717,0.8292,0.2359,0.0177
laya_multi_en:panel[nli_order_mean+p3_inferable+p4_supports+p7_coverage+p8_similarity]:noisy_or,panel,laya_multi_en,nli_order_mean+p3_inferable+p4_supports+p7_coverage+p8_similarity,5,noisy_or,0.7525,0.0146,0.6742,0.8334,0.218,0.017
laya_multi_en:panel[p3_inferable+p4_supports+position_order_mean+p7_coverage]:concatenated,panel,laya_multi_en,p3_inferable+p4_supports+position_order_mean+p7_coverage,4,concatenated,0.7524,0.0181,0.6362,0.8284,0.2157,0.0266
laya_multi_en:panel[nli_order_mean+p4_supports+position_order_mean]:mean,panel,laya_multi_en,nli_order_mean+p4_supports+position_order_mean,3,mean,0.7523,0.016,0.6642,0.8285,0.229,0.0219
laya_en_en:p7_coverage:noisy_or,signal,laya_en_en,p7_coverage,1,noisy_or,0.7523,0.0122,0.6903,0.8158,0.2588,0.0186
laya_multi_en_m2m100:panel[nli_order_mean+p3_inferable+p4_supports+p7_coverage+p8_similarity]:concatenated,panel,laya_multi_en_m2m100,nli_order_mean+p3_inferable+p4_supports+p7_coverage+p8_similarity,5,concatenated,0.7523,0.0176,0.6709,0.8361,0.242,0.0214
laya_multi_en:panel[nli_order_mean+p4_supports+position_order_mean+p7_coverage+p8_similarity]:concatenated,panel,laya_multi_en,nli_order_mean+p4_supports+position_order_mean+p7_coverage+p8_similarity,5,concatenated,0.7521,0.0185,0.637,0.8261,0.2203,0.0251
laya_multi_en_m2m100:panel[nli_order_mean+p4_supports+p7_coverage+p8_similarity]:noisy_or,panel,laya_multi_en_m2m100,nli_order_mean+p4_supports+p7_coverage+p8_similarity,4,noisy_or,0.7521,0.0167,0.6686,0.8468,0.1832,0.0175
laya_multi_en:panel[nli_order_mean+p3_inferable+position_order_mean+p7_coverage+p8_similarity]:concatenated,panel,laya_multi_en,nli_order_mean+p3_inferable+position_order_mean+p7_coverage+p8_similarity,5,concatenated,0.7521,0.0185,0.6351,0.8245,0.2272,0.0266
laya_multi_en_m2m100:panel[p4_supports+position_order_mean+p7_coverage]:top2_mean,panel,laya_multi_en_m2m100,p4_supports+position_order_mean+p7_coverage,3,top2_mean,0.7521,0.0172,0.6646,0.8473,0.1969,0.0177
laya_multi_en_m2m100:panel[p3_inferable+p8_similarity]:top2_mean,panel,laya_multi_en_m2m100,p3_inferable+p8_similarity,2,top2_mean,0.7521,0.0182,0.6658,0.8529,0.1892,0.0153
laya_multi_en:panel[p3_inferable+position_order_mean]:noisy_or,panel,laya_multi_en,p3_inferable+position_order_mean,2,noisy_or,0.752,0.0144,0.6731,0.8251,0.2253,0.0187
laya_multi_en:panel[p3_inferable+p4_supports+p7_coverage+p8_similarity]:top2_mean,panel,laya_multi_en,p3_inferable+p4_supports+p7_coverage+p8_similarity,4,top2_mean,0.752,0.0155,0.6717,0.8396,0.2266,0.0203
laya_multi_en:panel[p4_supports+p8_similarity]:concatenated,panel,laya_multi_en,p4_supports+p8_similarity,2,concatenated,0.7519,0.0189,0.6354,0.8137,0.2436,0.0227
laya_multi_en_m2m100:panel[p3_inferable+p4_supports+p7_coverage]:concatenated,panel,laya_multi_en_m2m100,p3_inferable+p4_supports+p7_coverage,3,concatenated,0.7519,0.0178,0.6666,0.8359,0.25,0.0216
laya_multi_en:panel[p4_supports+position_order_mean]:top2_mean,panel,laya_multi_en,p4_supports+position_order_mean,2,top2_mean,0.7519,0.0156,0.668,0.831,0.2396,0.0196
laya_multi_pt:panel[position_order_mean+p8_similarity]:max,panel,laya_multi_pt,position_order_mean+p8_similarity,2,max,0.7519,0.0112,0.6832,0.7976,0.2276,0.0174
laya_multi_pt:panel[nli_order_mean+position_order_mean]:mean,panel,laya_multi_pt,nli_order_mean+position_order_mean,2,mean,0.7519,0.0134,0.6844,0.8026,0.2721,0.0211
laya_multi_en:panel[p4_supports+position_order_mean]:noisy_or,panel,laya_multi_en,p4_supports+position_order_mean,2,noisy_or,0.7519,0.0146,0.6701,0.8268,0.2125,0.0196
laya_multi_pt:panel[nli_order_mean+p3_inferable+p4_supports+position_order_mean+p7_coverage+p8_similarity]:mean,panel,laya_multi_pt,nli_order_mean+p3_inferable+p4_supports+position_order_mean+p7_coverage+p8_similarity,6,mean,0.7519,0.0139,0.6816,0.8072,0.2794,0.0193
laya_multi_pt:panel[nli_order_mean+p8_similarity]:noisy_or,panel,laya_multi_pt,nli_order_mean+p8_similarity,2,noisy_or,0.7518,0.0134,0.6826,0.8042,0.2777,0.018
laya_multi_en_m2m100:panel[p3_inferable+p4_supports+position_order_mean+p8_similarity]:noisy_or,panel,laya_multi_en_m2m100,p3_inferable+p4_supports+position_order_mean+p8_similarity,4,noisy_or,0.7518,0.0164,0.6667,0.8396,0.1811,0.0161
laya_multi_en:panel[nli_order_mean+p3_inferable+p4_supports+position_order_mean+p7_coverage+p8_similarity]:noisy_or,panel,laya_multi_en,nli_order_mean+p3_inferable+p4_supports+position_order_mean+p7_coverage+p8_similarity,6,noisy_or,0.7518,0.0149,0.6717,0.8319,0.2143,0.0167
laya_multi_en:panel[nli_order_mean+p8_similarity]:concatenated,panel,laya_multi_en,nli_order_mean+p8_similarity,2,concatenated,0.7517,0.0183,0.6457,0.8141,0.2274,0.0229
laya_multi_en:panel[nli_order_mean+p7_coverage+p8_similarity]:max,panel,laya_multi_en,nli_order_mean+p7_coverage+p8_similarity,3,max,0.7517,0.0154,0.6665,0.8332,0.2092,0.0189
laya_multi_en:panel[nli_order_mean+p4_supports+p8_similarity]:noisy_or,panel,laya_multi_en,nli_order_mean+p4_supports+p8_similarity,3,noisy_or,0.7516,0.0152,0.6685,0.8352,0.2124,0.0167
laya_multi_en_m2m100:panel[p3_inferable+position_order_mean+p7_coverage]:top2_mean,panel,laya_multi_en_m2m100,p3_inferable+position_order_mean+p7_coverage,3,top2_mean,0.7516,0.0175,0.6625,0.8493,0.195,0.0177
laya_multi_en_m2m100:panel[nli_order_mean+p4_supports+position_order_mean]:mean,panel,laya_multi_en_m2m100,nli_order_mean+p4_supports+position_order_mean,3,mean,0.7515,0.0174,0.663,0.8394,0.214,0.0204
laya_multi_en_m2m100:panel[nli_order_mean+p4_supports+p7_coverage]:concatenated,panel,laya_multi_en_m2m100,nli_order_mean+p4_supports+p7_coverage,3,concatenated,0.7515,0.0175,0.6702,0.8326,0.2357,0.0203
laya_multi_en_m2m100:panel[nli_order_mean+p3_inferable+p4_supports+p8_similarity]:mean,panel,laya_multi_en_m2m100,nli_order_mean+p3_inferable+p4_supports+p8_similarity,4,mean,0.7514,0.0176,0.6691,0.8423,0.205,0.0188
laya_multi_en_m2m100:panel[nli_order_mean+p3_inferable+p7_coverage+p8_similarity]:noisy_or,panel,laya_multi_en_m2m100,nli_order_mean+p3_inferable+p7_coverage+p8_similarity,4,noisy_or,0.7514,0.0167,0.6669,0.8476,0.1882,0.0167
laya_multi_pt:panel[p3_inferable+p4_supports+position_order_mean+p8_similarity]:mean,panel,laya_multi_pt,p3_inferable+p4_supports+position_order_mean+p8_similarity,4,mean,0.7514,0.0144,0.6767,0.805,0.2872,0.0197
laya_multi_en_m2m100:panel[nli_order_mean+p7_coverage]:top2_mean,panel,laya_multi_en_m2m100,nli_order_mean+p7_coverage,2,top2_mean,0.7514,0.0176,0.6603,0.8529,0.1881,0.0178
laya_multi_en:panel[nli_order_mean+p3_inferable+p4_supports+position_order_mean+p7_coverage]:mean,panel,laya_multi_en,nli_order_mean+p3_inferable+p4_supports+position_order_mean+p7_coverage,5,mean,0.7513,0.0158,0.6696,0.8313,0.2235,0.022
laya_multi_pt:panel[position_order_mean+p7_coverage+p8_similarity]:max,panel,laya_multi_pt,position_order_mean+p7_coverage+p8_similarity,3,max,0.7512,0.0104,0.6939,0.7936,0.2169,0.019
laya_multi_pt:panel[nli_order_mean+position_order_mean+p7_coverage]:concatenated,panel,laya_multi_pt,nli_order_mean+position_order_mean+p7_coverage,3,concatenated,0.7512,0.0133,0.6834,0.7986,0.2608,0.0234
laya_multi_en:panel[nli_order_mean+p3_inferable+p8_similarity]:noisy_or,panel,laya_multi_en,nli_order_mean+p3_inferable+p8_similarity,3,noisy_or,0.7512,0.015,0.6705,0.8333,0.207,0.0174
laya_multi_pt:panel[p4_supports+position_order_mean+p7_coverage+p8_similarity]:concatenated,panel,laya_multi_pt,p4_supports+position_order_mean+p7_coverage+p8_similarity,4,concatenated,0.751,0.0143,0.6826,0.7956,0.2633,0.0254
laya_multi_en:panel[p3_inferable+p7_coverage]:concatenated,panel,laya_multi_en,p3_inferable+p7_coverage,2,concatenated,0.7509,0.0181,0.6374,0.8248,0.2196,0.0237
laya_multi_en:panel[p3_inferable+p4_supports+position_order_mean]:mean,panel,laya_multi_en,p3_inferable+p4_supports+position_order_mean,3,mean,0.7508,0.0159,0.6653,0.8295,0.2292,0.0208
laya_en_en:position_order_mean:mean,signal,laya_en_en,position_order_mean,1,mean,0.7508,0.0109,0.6786,0.797,0.285,0.0195
laya_multi_pt:panel[nli_order_mean+position_order_mean+p8_similarity]:noisy_or,panel,laya_multi_pt,nli_order_mean+position_order_mean+p8_similarity,3,noisy_or,0.7508,0.0125,0.6856,0.7973,0.2477,0.0183
laya_multi_en_m2m100:panel[nli_order_mean+p3_inferable+position_order_mean]:mean,panel,laya_multi_en_m2m100,nli_order_mean+p3_inferable+position_order_mean,3,mean,0.7508,0.0175,0.6619,0.8404,0.2114,0.0164
laya_multi_en:panel[nli_order_mean+p7_coverage]:concatenated,panel,laya_multi_en,nli_order_mean+p7_coverage,2,concatenated,0.7507,0.0181,0.6472,0.8267,0.2225,0.0243
laya_en_en:p8_similarity:noisy_or,signal,laya_en_en,p8_similarity,1,noisy_or,0.7507,0.012,0.6824,0.8144,0.2604,0.0173
laya_multi_en:panel[p3_inferable+p8_similarity]:top2_mean,panel,laya_multi_en,p3_inferable+p8_similarity,2,top2_mean,0.7507,0.0155,0.6746,0.8324,0.2258,0.0181
laya_multi_pt:panel[nli_order_mean+p7_coverage+p8_similarity]:concatenated,panel,laya_multi_pt,nli_order_mean+p7_coverage+p8_similarity,3,concatenated,0.7506,0.0146,0.6693,0.7998,0.2589,0.0247
laya_multi_en_m2m100:panel[nli_order_mean+p3_inferable+p7_coverage]:concatenated,panel,laya_multi_en_m2m100,nli_order_mean+p3_inferable+p7_coverage,3,concatenated,0.7506,0.0176,0.6714,0.8344,0.2228,0.0214
laya_multi_en_m2m100:panel[nli_order_mean+p4_supports+position_order_mean+p8_similarity]:noisy_or,panel,laya_multi_en_m2m100,nli_order_mean+p4_supports+position_order_mean+p8_similarity,4,noisy_or,0.7505,0.0159,0.6652,0.8355,0.1719,0.0164
cosine_serafim:sentence_max:mean,signal,cosine_serafim,sentence_max,1,mean,0.7504,0.0201,0.6754,0.8242,0.2435,0.0252
laya_multi_en:panel[nli_order_mean+p3_inferable+p7_coverage]:mean,panel,laya_multi_en,nli_order_mean+p3_inferable+p7_coverage,3,mean,0.7504,0.0149,0.6774,0.8282,0.2176,0.0183
laya_multi_en:panel[p4_supports+p8_similarity]:top2_mean,panel,laya_multi_en,p4_supports+p8_similarity,2,top2_mean,0.7502,0.0159,0.669,0.8355,0.2291,0.0184
laya_en_en:p5_position:mean,signal,laya_en_en,p5_position,1,mean,0.7501,0.0111,0.673,0.7971,0.2702,0.0181
laya_en_en:p6_position_reversed:mean,signal,laya_en_en,p6_position_reversed,1,mean,0.7501,0.0108,0.682,0.794,0.2923,0.0194
laya_multi_en:panel[nli_order_mean+p4_supports+p7_coverage]:mean,panel,laya_multi_en,nli_order_mean+p4_supports+p7_coverage,3,mean,0.7501,0.0151,0.6746,0.8297,0.23,0.021
laya_multi_en_m2m100:panel[nli_order_mean+p3_inferable+position_order_mean+p8_similarity]:noisy_or,panel,laya_multi_en_m2m100,nli_order_mean+p3_inferable+position_order_mean+p8_similarity,4,noisy_or,0.7501,0.0159,0.6642,0.8355,0.1688,0.0153
laya_multi_en:panel[p3_inferable+p4_supports+position_order_mean+p7_coverage+p8_similarity]:concatenated,panel,laya_multi_en,p3_inferable+p4_supports+position_order_mean+p7_coverage+p8_similarity,5,concatenated,0.75,0.0182,0.632,0.8202,0.2261,0.0254
laya_multi_pt:panel[nli_order_mean+position_order_mean+p8_similarity]:concatenated,panel,laya_multi_pt,nli_order_mean+position_order_mean+p8_similarity,3,concatenated,0.75,0.0136,0.6805,0.7985,0.2371,0.0199
laya_multi_pt:panel[nli_order_mean+p3_inferable+position_order_mean+p8_similarity]:mean,panel,laya_multi_pt,nli_order_mean+p3_inferable+position_order_mean+p8_similarity,4,mean,0.7499,0.0139,0.6791,0.802,0.2687,0.0191
laya_multi_en:panel[nli_order_mean+p4_supports+position_order_mean+p8_similarity]:noisy_or,panel,laya_multi_en,nli_order_mean+p4_supports+position_order_mean+p8_similarity,4,noisy_or,0.7498,0.0151,0.6648,0.8294,0.2039,0.0202
laya_multi_en:panel[nli_order_mean+p8_similarity]:top2_mean,panel,laya_multi_en,nli_order_mean+p8_similarity,2,top2_mean,0.7497,0.0153,0.6654,0.8295,0.2168,0.0208
laya_en_en:panel[p7_coverage+p8_similarity]:concatenated,panel,laya_en_en,p7_coverage+p8_similarity,2,concatenated,0.7496,0.0117,0.7053,0.8057,0.2356,0.0201
laya_multi_en_m2m100:panel[nli_order_mean+position_order_mean]:top2_mean,panel,laya_multi_en_m2m100,nli_order_mean+position_order_mean,2,top2_mean,0.7496,0.0163,0.6631,0.8345,0.2076,0.0186
laya_multi_en_m2m100:panel[p3_inferable+p4_supports+p7_coverage+p8_similarity]:concatenated,panel,laya_multi_en_m2m100,p3_inferable+p4_supports+p7_coverage+p8_similarity,4,concatenated,0.7496,0.0178,0.6618,0.8349,0.2494,0.0214
laya_multi_en:panel[nli_order_mean+p3_inferable+position_order_mean+p8_similarity]:noisy_or,panel,laya_multi_en,nli_order_mean+p3_inferable+position_order_mean+p8_similarity,4,noisy_or,0.7496,0.0151,0.6654,0.8275,0.2195,0.0175
laya_multi_en_m2m100:panel[nli_order_mean+p4_supports+p7_coverage+p8_similarity]:concatenated,panel,laya_multi_en_m2m100,nli_order_mean+p4_supports+p7_coverage+p8_similarity,4,concatenated,0.7495,0.0175,0.6645,0.8323,0.24,0.0191
laya_multi_en_m2m100:panel[nli_order_mean+p7_coverage]:noisy_or,panel,laya_multi_en_m2m100,nli_order_mean+p7_coverage,2,noisy_or,0.7494,0.0169,0.6617,0.8476,0.1963,0.0198
laya_multi_pt:panel[nli_order_mean+p4_supports+position_order_mean+p8_similarity]:mean,panel,laya_multi_pt,nli_order_mean+p4_supports+position_order_mean+p8_similarity,4,mean,0.7493,0.0141,0.6771,0.8015,0.2731,0.0199
laya_multi_en:panel[p4_supports+p7_coverage]:concatenated,panel,laya_multi_en,p4_supports+p7_coverage,2,concatenated,0.7492,0.0179,0.6394,0.8243,0.2188,0.0235
laya_multi_en:panel[p3_inferable+position_order_mean+p7_coverage]:top2_mean,panel,laya_multi_en,p3_inferable+position_order_mean+p7_coverage,3,top2_mean,0.7491,0.0157,0.6689,0.8314,0.2172,0.0207
laya_multi_en_m2m100:panel[nli_order_mean+p3_inferable+p4_supports+position_order_mean]:concatenated,panel,laya_multi_en_m2m100,nli_order_mean+p3_inferable+p4_supports+position_order_mean,4,concatenated,0.7491,0.0177,0.6729,0.8321,0.2315,0.0214
laya_multi_en_m2m100:panel[p4_supports+p8_similarity]:concatenated,panel,laya_multi_en_m2m100,p4_supports+p8_similarity,2,concatenated,0.749,0.0183,0.6619,0.8356,0.2459,0.024
laya_multi_en:panel[nli_order_mean+position_order_mean+p7_coverage]:top2_mean,panel,laya_multi_en,nli_order_mean+position_order_mean+p7_coverage,3,top2_mean,0.7489,0.0157,0.6674,0.8282,0.216,0.0228
laya_multi_en_m2m100:panel[nli_order_mean+p3_inferable+p4_supports+position_order_mean+p8_similarity]:concatenated,panel,laya_multi_en_m2m100,nli_order_mean+p3_inferable+p4_supports+position_order_mean+p8_similarity,5,concatenated,0.7489,0.0179,0.6694,0.8343,0.2213,0.0225
laya_multi_en:panel[p3_inferable+position_order_mean+p8_similarity]:top2_mean,panel,laya_multi_en,p3_inferable+position_order_mean+p8_similarity,3,top2_mean,0.7489,0.0157,0.6648,0.8282,0.2193,0.0218
laya_multi_en:panel[p4_supports+position_order_mean]:concatenated,panel,laya_multi_en,p4_supports+position_order_mean,2,concatenated,0.7488,0.0178,0.6341,0.8216,0.2215,0.0225
laya_multi_en:panel[p3_inferable+p4_supports+p8_similarity]:noisy_or,panel,laya_multi_en,p3_inferable+p4_supports+p8_similarity,3,noisy_or,0.7488,0.0156,0.6678,0.8345,0.2017,0.0174
laya_multi_en_m2m100:panel[nli_order_mean+position_order_mean+p7_coverage]:top2_mean,panel,laya_multi_en_m2m100,nli_order_mean+position_order_mean+p7_coverage,3,top2_mean,0.7487,0.0167,0.6587,0.8411,0.1975,0.0166
laya_multi_en_m2m100:panel[nli_order_mean+position_order_mean]:noisy_or,panel,laya_multi_en_m2m100,nli_order_mean+position_order_mean,2,noisy_or,0.7486,0.0158,0.6608,0.8314,0.1952,0.02
laya_multi_en:panel[nli_order_mean+position_order_mean+p8_similarity]:top2_mean,panel,laya_multi_en,nli_order_mean+position_order_mean+p8_similarity,3,top2_mean,0.7486,0.0155,0.6615,0.8256,0.2073,0.024
laya_multi_en:panel[p4_supports+position_order_mean+p7_coverage]:top2_mean,panel,laya_multi_en,p4_supports+position_order_mean+p7_coverage,3,top2_mean,0.7486,0.0157,0.6683,0.8326,0.2076,0.0187
laya_multi_pt:panel[p3_inferable+position_order_mean+p7_coverage+p8_similarity]:noisy_or,panel,laya_multi_pt,p3_inferable+position_order_mean+p7_coverage+p8_similarity,4,noisy_or,0.7486,0.0132,0.6801,0.8003,0.2358,0.0186
laya_multi_en_m2m100:panel[p3_inferable+p4_supports+position_order_mean+p7_coverage+p8_similarity]:noisy_or,panel,laya_multi_en_m2m100,p3_inferable+p4_supports+position_order_mean+p7_coverage+p8_similarity,5,noisy_or,0.7486,0.0168,0.6619,0.8422,0.1956,0.0207
laya_multi_en_m2m100:panel[nli_order_mean+p3_inferable+p7_coverage+p8_similarity]:concatenated,panel,laya_multi_en_m2m100,nli_order_mean+p3_inferable+p7_coverage+p8_similarity,4,concatenated,0.7485,0.0177,0.6656,0.8334,0.2309,0.0212
laya_multi_en_m2m100:panel[p3_inferable+p8_similarity]:concatenated,panel,laya_multi_en_m2m100,p3_inferable+p8_similarity,2,concatenated,0.7485,0.0182,0.664,0.8372,0.2398,0.0215
laya_multi_en:panel[p4_supports+position_order_mean+p8_similarity]:top2_mean,panel,laya_multi_en,p4_supports+position_order_mean+p8_similarity,3,top2_mean,0.7484,0.0158,0.6627,0.8299,0.2144,0.0229
laya_multi_en:panel[p3_inferable+position_order_mean]:concatenated,panel,laya_multi_en,p3_inferable+position_order_mean,2,concatenated,0.7484,0.018,0.6296,0.8186,0.2189,0.0225
laya_multi_pt:panel[p3_inferable+p7_coverage]:mean,panel,laya_multi_pt,p3_inferable+p7_coverage,2,mean,0.7483,0.0141,0.6851,0.8094,0.2806,0.02
laya_multi_en_m2m100:panel[nli_order_mean+p3_inferable+p4_supports+position_order_mean+p7_coverage]:concatenated,panel,laya_multi_en_m2m100,nli_order_mean+p3_inferable+p4_supports+position_order_mean+p7_coverage,5,concatenated,0.7483,0.0177,0.6676,0.8328,0.2132,0.024
laya_multi_en:panel[p3_inferable+p4_supports+position_order_mean+p8_similarity]:noisy_or,panel,laya_multi_en,p3_inferable+p4_supports+position_order_mean+p8_similarity,4,noisy_or,0.7482,0.0152,0.6653,0.8284,0.2066,0.0169
laya_multi_en_m2m100:nli_order_mean:concatenated,signal,laya_multi_en_m2m100,nli_order_mean,1,concatenated,0.7482,0.0168,0.6853,0.8209,0.2305,0.0233
laya_multi_en:panel[p3_inferable+p7_coverage]:top2_mean,panel,laya_multi_en,p3_inferable+p7_coverage,2,top2_mean,0.7481,0.0151,0.6763,0.8332,0.2373,0.0227
laya_multi_en_m2m100:panel[p4_supports+p7_coverage+p8_similarity]:top2_mean,panel,laya_multi_en_m2m100,p4_supports+p7_coverage+p8_similarity,3,top2_mean,0.7481,0.0177,0.6629,0.8513,0.1933,0.0176
laya_multi_en:panel[p3_inferable+p4_supports+p7_coverage]:mean,panel,laya_multi_en,p3_inferable+p4_supports+p7_coverage,3,mean,0.748,0.0152,0.6748,0.831,0.2168,0.0209
laya_multi_en_m2m100:panel[nli_order_mean+p8_similarity]:top2_mean,panel,laya_multi_en_m2m100,nli_order_mean+p8_similarity,2,top2_mean,0.748,0.0172,0.6616,0.8411,0.1859,0.019
laya_multi_en_m2m100:panel[p3_inferable+p4_supports+position_order_mean+p7_coverage]:mean,panel,laya_multi_en_m2m100,p3_inferable+p4_supports+position_order_mean+p7_coverage,4,mean,0.7479,0.0178,0.658,0.8465,0.1903,0.0205
laya_multi_en:panel[nli_order_mean+p7_coverage]:top2_mean,panel,laya_multi_en,nli_order_mean+p7_coverage,2,top2_mean,0.7479,0.0148,0.6757,0.8285,0.2167,0.0213
laya_multi_en_m2m100:panel[nli_order_mean+p3_inferable+p4_supports+p7_coverage+p8_similarity]:mean,panel,laya_multi_en_m2m100,nli_order_mean+p3_inferable+p4_supports+p7_coverage+p8_similarity,5,mean,0.7479,0.0174,0.6652,0.8453,0.206,0.0183
laya_multi_pt:p5_position:max,signal,laya_multi_pt,p5_position,1,max,0.7478,0.0128,0.6795,0.808,0.2134,0.0192
laya_multi_en_m2m100:panel[p3_inferable+p7_coverage+p8_similarity]:top2_mean,panel,laya_multi_en_m2m100,p3_inferable+p7_coverage+p8_similarity,3,top2_mean,0.7476,0.0179,0.6594,0.8533,0.1792,0.0151
laya_multi_en_m2m100:p1_nli:concatenated,signal,laya_multi_en_m2m100,p1_nli,1,concatenated,0.7475,0.0166,0.6838,0.8197,0.2236,0.0225
laya_multi_en:panel[nli_order_mean+position_order_mean]:concatenated,panel,laya_multi_en,nli_order_mean+position_order_mean,2,concatenated,0.7475,0.0181,0.6363,0.8225,0.2081,0.0195
laya_multi_en_m2m100:panel[nli_order_mean+p3_inferable+p4_supports+position_order_mean+p7_coverage+p8_similarity]:concatenated,panel,laya_multi_en_m2m100,nli_order_mean+p3_inferable+p4_supports+position_order_mean+p7_coverage+p8_similarity,6,concatenated,0.7475,0.0178,0.6638,0.8328,0.2116,0.023
laya_multi_en:panel[p4_supports+p7_coverage]:top2_mean,panel,laya_multi_en,p4_supports+p7_coverage,2,top2_mean,0.7474,0.0154,0.6727,0.8365,0.2161,0.0222
laya_multi_pt:panel[p4_supports+position_order_mean+p7_coverage+p8_similarity]:noisy_or,panel,laya_multi_pt,p4_supports+position_order_mean+p7_coverage+p8_similarity,4,noisy_or,0.7474,0.0134,0.6769,0.8009,0.2467,0.0188
laya_multi_pt:panel[p3_inferable+p4_supports+p7_coverage+p8_similarity]:mean,panel,laya_multi_pt,p3_inferable+p4_supports+p7_coverage+p8_similarity,4,mean,0.7473,0.0144,0.6757,0.8059,0.2809,0.0201
laya_en_en:panel[position_order_mean+p7_coverage]:mean,panel,laya_en_en,position_order_mean+p7_coverage,2,mean,0.7473,0.0113,0.6737,0.7943,0.2846,0.0189
laya_multi_pt:panel[nli_order_mean+position_order_mean+p7_coverage+p8_similarity]:concatenated,panel,laya_multi_pt,nli_order_mean+position_order_mean+p7_coverage+p8_similarity,4,concatenated,0.7472,0.0136,0.6757,0.7959,0.2425,0.0212
laya_en_en_m2m100:panel[p7_coverage+p8_similarity]:concatenated,panel,laya_en_en_m2m100,p7_coverage+p8_similarity,2,concatenated,0.7471,0.0136,0.6952,0.8132,0.2426,0.0231
laya_multi_en_m2m100:panel[nli_order_mean+p4_supports+position_order_mean+p7_coverage+p8_similarity]:noisy_or,panel,laya_multi_en_m2m100,nli_order_mean+p4_supports+position_order_mean+p7_coverage+p8_similarity,5,noisy_or,0.747,0.0164,0.66,0.8381,0.1864,0.0185
laya_multi_en_m2m100:panel[p4_supports+position_order_mean+p8_similarity]:top2_mean,panel,laya_multi_en_m2m100,p4_supports+position_order_mean+p8_similarity,3,top2_mean,0.747,0.0173,0.6585,0.8368,0.1771,0.0159
laya_multi_en_m2m100:panel[p4_supports+position_order_mean+p7_coverage]:noisy_or,panel,laya_multi_en_m2m100,p4_supports+position_order_mean+p7_coverage,3,noisy_or,0.7469,0.017,0.6574,0.8424,0.1746,0.0192
laya_multi_en_m2m100:panel[p4_supports+p7_coverage]:concatenated,panel,laya_multi_en_m2m100,p4_supports+p7_coverage,2,concatenated,0.7468,0.0181,0.6544,0.8314,0.2335,0.0223
laya_multi_pt:panel[p4_supports+p7_coverage]:mean,panel,laya_multi_pt,p4_supports+p7_coverage,2,mean,0.7465,0.0142,0.6812,0.8102,0.2719,0.0213
laya_en_en:panel[position_order_mean+p8_similarity]:mean,panel,laya_en_en,position_order_mean+p8_similarity,2,mean,0.7465,0.0111,0.671,0.7899,0.2555,0.0188
laya_multi_en:panel[p3_inferable+p7_coverage]:noisy_or,panel,laya_multi_en,p3_inferable+p7_coverage,2,noisy_or,0.7464,0.0141,0.6812,0.8235,0.2103,0.02
laya_multi_en_m2m100:panel[nli_order_mean+p3_inferable+position_order_mean+p7_coverage+p8_similarity]:noisy_or,panel,laya_multi_en_m2m100,nli_order_mean+p3_inferable+position_order_mean+p7_coverage+p8_similarity,5,noisy_or,0.7463,0.0164,0.6593,0.8383,0.1841,0.0169
laya_multi_en_m2m100:p2_nli_reversed:concatenated,signal,laya_multi_en_m2m100,p2_nli_reversed,1,concatenated,0.7463,0.0168,0.6836,0.8172,0.2312,0.0218
laya_multi_en_m2m100:panel[p3_inferable+position_order_mean+p7_coverage]:noisy_or,panel,laya_multi_en_m2m100,p3_inferable+position_order_mean+p7_coverage,3,noisy_or,0.7463,0.0171,0.6567,0.8445,0.182,0.0198
laya_multi_en:panel[nli_order_mean+p4_supports+position_order_mean+p7_coverage]:mean,panel,laya_multi_en,nli_order_mean+p4_supports+position_order_mean+p7_coverage,4,mean,0.7462,0.0156,0.6655,0.8246,0.2172,0.0218
laya_multi_en:panel[nli_order_mean+p3_inferable+p7_coverage+p8_similarity]:noisy_or,panel,laya_multi_en,nli_order_mean+p3_inferable+p7_coverage+p8_similarity,4,noisy_or,0.7462,0.0143,0.6714,0.8248,0.2026,0.017
laya_multi_en_m2m100:panel[nli_order_mean+p4_supports+position_order_mean+p7_coverage]:mean,panel,laya_multi_en_m2m100,nli_order_mean+p4_supports+position_order_mean+p7_coverage,4,mean,0.7462,0.0174,0.6568,0.843,0.2071,0.0193
laya_multi_en:panel[nli_order_mean+p3_inferable+position_order_mean+p7_coverage]:mean,panel,laya_multi_en,nli_order_mean+p3_inferable+position_order_mean+p7_coverage,4,mean,0.7462,0.0154,0.6674,0.8233,0.2266,0.0251
laya_multi_en_m2m100:panel[p3_inferable+position_order_mean+p8_similarity]:top2_mean,panel,laya_multi_en_m2m100,p3_inferable+position_order_mean+p8_similarity,3,top2_mean,0.7462,0.0174,0.6555,0.8383,0.1857,0.0161
laya_multi_pt:panel[p3_inferable+p7_coverage+p8_similarity]:noisy_or,panel,laya_multi_pt,p3_inferable+p7_coverage+p8_similarity,3,noisy_or,0.7462,0.0138,0.6769,0.8036,0.2543,0.0207
laya_multi_en:panel[nli_order_mean+p4_supports+p7_coverage+p8_similarity]:noisy_or,panel,laya_multi_en,nli_order_mean+p4_supports+p7_coverage+p8_similarity,4,noisy_or,0.7462,0.0144,0.6699,0.8264,0.2041,0.0198
laya_multi_en:panel[p3_inferable+position_order_mean+p7_coverage+p8_similarity]:top2_mean,panel,laya_multi_en,p3_inferable+position_order_mean+p7_coverage+p8_similarity,4,top2_mean,0.7461,0.0156,0.6632,0.8294,0.2186,0.0196
laya_en_en_m2m100:p7_coverage:top2_mean,signal,laya_en_en_m2m100,p7_coverage,1,top2_mean,0.746,0.0139,0.6893,0.8163,0.271,0.0219
laya_multi_en_m2m100:panel[p4_supports+p8_similarity]:noisy_or,panel,laya_multi_en_m2m100,p4_supports+p8_similarity,2,noisy_or,0.746,0.0171,0.6616,0.8393,0.1701,0.0189
laya_multi_en:panel[nli_order_mean+p3_inferable+p4_supports+p8_similarity]:mean,panel,laya_multi_en,nli_order_mean+p3_inferable+p4_supports+p8_similarity,4,mean,0.746,0.0165,0.66,0.8305,0.2168,0.0173
laya_multi_pt:panel[nli_order_mean+p3_inferable+p7_coverage+p8_similarity]:mean,panel,laya_multi_pt,nli_order_mean+p3_inferable+p7_coverage+p8_similarity,4,mean,0.7459,0.0138,0.6793,0.8022,0.2707,0.0199
laya_multi_en:panel[p3_inferable+p7_coverage+p8_similarity]:concatenated,panel,laya_multi_en,p3_inferable+p7_coverage+p8_similarity,3,concatenated,0.7459,0.0183,0.6299,0.812,0.2165,0.0226
laya_multi_en:panel[p4_supports+position_order_mean+p8_similarity]:concatenated,panel,laya_multi_en,p4_supports+position_order_mean+p8_similarity,3,concatenated,0.7459,0.0182,0.6291,0.8122,0.2176,0.0207
laya_multi_en:panel[nli_order_mean+p7_coverage]:noisy_or,panel,laya_multi_en,nli_order_mean+p7_coverage,2,noisy_or,0.7459,0.0141,0.6795,0.8197,0.2107,0.0197
laya_multi_en_m2m100:panel[p3_inferable+p7_coverage]:concatenated,panel,laya_multi_en_m2m100,p3_inferable+p7_coverage,2,concatenated,0.7458,0.018,0.6575,0.8321,0.2155,0.022
laya_multi_pt:panel[p3_inferable+position_order_mean+p7_coverage]:mean,panel,laya_multi_pt,p3_inferable+position_order_mean+p7_coverage,3,mean,0.7458,0.0137,0.6802,0.8021,0.2643,0.0181
laya_multi_en:panel[p4_supports+p7_coverage]:noisy_or,panel,laya_multi_en,p4_supports+p7_coverage,2,noisy_or,0.7457,0.0143,0.6782,0.8251,0.2073,0.0198
laya_multi_pt:panel[p3_inferable+p4_supports+position_order_mean+p7_coverage+p8_similarity]:mean,panel,laya_multi_pt,p3_inferable+p4_supports+position_order_mean+p7_coverage+p8_similarity,5,mean,0.7457,0.0141,0.6744,0.8015,0.264,0.0187
laya_multi_en:panel[nli_order_mean+position_order_mean+p7_coverage+p8_similarity]:top2_mean,panel,laya_multi_en,nli_order_mean+position_order_mean+p7_coverage+p8_similarity,4,top2_mean,0.7457,0.0156,0.6619,0.8272,0.2274,0.0215
laya_multi_en:panel[nli_order_mean+p4_supports+position_order_mean+p7_coverage+p8_similarity]:noisy_or,panel,laya_multi_en,nli_order_mean+p4_supports+position_order_mean+p7_coverage+p8_similarity,5,noisy_or,0.7457,0.0148,0.6659,0.8254,0.2025,0.018
laya_multi_en:panel[nli_order_mean+p3_inferable+position_order_mean+p7_coverage+p8_similarity]:noisy_or,panel,laya_multi_en,nli_order_mean+p3_inferable+position_order_mean+p7_coverage+p8_similarity,5,noisy_or,0.7457,0.0147,0.6667,0.8244,0.2023,0.0185
laya_multi_en_m2m100:panel[nli_order_mean+p3_inferable+position_order_mean+p7_coverage]:mean,panel,laya_multi_en_m2m100,nli_order_mean+p3_inferable+position_order_mean+p7_coverage,4,mean,0.7457,0.0175,0.6557,0.844,0.2052,0.0217
laya_multi_en:panel[p3_inferable+position_order_mean+p8_similarity]:concatenated,panel,laya_multi_en,p3_inferable+position_order_mean+p8_similarity,3,concatenated,0.7456,0.0183,0.6256,0.8101,0.2131,0.0228
laya_multi_en:panel[p4_supports+position_order_mean+p7_coverage+p8_similarity]:top2_mean,panel,laya_multi_en,p4_supports+position_order_mean+p7_coverage+p8_similarity,4,top2_mean,0.7456,0.0158,0.6613,0.8306,0.2194,0.0199
laya_multi_pt:p6_position_reversed:max,signal,laya_multi_pt,p6_position_reversed,1,max,0.7456,0.0114,0.6812,0.7893,0.2167,0.018
laya_multi_en_m2m100:panel[p3_inferable+p4_supports+p8_similarity]:mean,panel,laya_multi_en_m2m100,p3_inferable+p4_supports+p8_similarity,3,mean,0.7454,0.0177,0.6635,0.8388,0.1985,0.0185
laya_multi_en:panel[nli_order_mean+p7_coverage+p8_similarity]:concatenated,panel,laya_multi_en,nli_order_mean+p7_coverage+p8_similarity,3,concatenated,0.7452,0.0182,0.6383,0.8134,0.224,0.0225
laya_multi_en:panel[p3_inferable+position_order_mean+p7_coverage]:concatenated,panel,laya_multi_en,p3_inferable+position_order_mean+p7_coverage,3,concatenated,0.7452,0.018,0.628,0.8207,0.2176,0.0217
laya_multi_pt:panel[nli_order_mean+p4_supports+p7_coverage+p8_similarity]:mean,panel,laya_multi_pt,nli_order_mean+p4_supports+p7_coverage+p8_similarity,4,mean,0.7452,0.0139,0.6774,0.8028,0.2776,0.0184
laya_multi_en_m2m100:panel[p3_inferable+p8_similarity]:noisy_or,panel,laya_multi_en_m2m100,p3_inferable+p8_similarity,2,noisy_or,0.7451,0.0171,0.6595,0.8409,0.1712,0.0148
laya_multi_en:panel[p4_supports+p7_coverage+p8_similarity]:concatenated,panel,laya_multi_en,p4_supports+p7_coverage+p8_similarity,3,concatenated,0.745,0.0182,0.6323,0.8115,0.2239,0.0223
laya_multi_en_m2m100:panel[nli_order_mean+p4_supports+position_order_mean]:concatenated,panel,laya_multi_en_m2m100,nli_order_mean+p4_supports+position_order_mean,3,concatenated,0.745,0.0175,0.6691,0.8243,0.2187,0.0238
laya_multi_en:panel[p4_supports+position_order_mean+p7_coverage]:concatenated,panel,laya_multi_en,p4_supports+position_order_mean+p7_coverage,3,concatenated,0.745,0.0179,0.6312,0.8218,0.2113,0.023
laya_multi_en_m2m100:panel[p4_supports+position_order_mean+p7_coverage+p8_similarity]:top2_mean,panel,laya_multi_en_m2m100,p4_supports+position_order_mean+p7_coverage+p8_similarity,4,top2_mean,0.745,0.017,0.6582,0.8396,0.1833,0.0144
laya_multi_en:panel[p3_inferable+p4_supports+p7_coverage+p8_similarity]:noisy_or,panel,laya_multi_en,p3_inferable+p4_supports+p7_coverage+p8_similarity,4,noisy_or,0.745,0.0146,0.6712,0.8266,0.1925,0.0166
laya_multi_en_m2m100:panel[nli_order_mean+p3_inferable+p4_supports+position_order_mean+p8_similarity]:mean,panel,laya_multi_en_m2m100,nli_order_mean+p3_inferable+p4_supports+position_order_mean+p8_similarity,5,mean,0.745,0.0172,0.658,0.8338,0.1792,0.0168
laya_multi_en:panel[nli_order_mean+position_order_mean+p7_coverage]:noisy_or,panel,laya_multi_en,nli_order_mean+position_order_mean+p7_coverage,3,noisy_or,0.7449,0.0149,0.6689,0.8197,0.2109,0.0231
laya_multi_en:panel[p3_inferable+p4_supports+position_order_mean+p7_coverage+p8_similarity]:noisy_or,panel,laya_multi_en,p3_inferable+p4_supports+position_order_mean+p7_coverage+p8_similarity,5,noisy_or,0.7448,0.0148,0.6665,0.8253,0.1975,0.0163
laya_multi_en:panel[p3_inferable+p4_supports+position_order_mean+p7_coverage]:mean,panel,laya_multi_en,p3_inferable+p4_supports+position_order_mean+p7_coverage,4,mean,0.7448,0.0157,0.6661,0.827,0.2079,0.0203
laya_multi_en_m2m100:panel[nli_order_mean+p4_supports+position_order_mean+p8_similarity]:concatenated,panel,laya_multi_en_m2m100,nli_order_mean+p4_supports+position_order_mean+p8_similarity,4,concatenated,0.7447,0.0178,0.664,0.8271,0.2164,0.0231
laya_multi_en_m2m100:panel[p3_inferable+p4_supports+position_order_mean+p8_similarity]:concatenated,panel,laya_multi_en_m2m100,p3_inferable+p4_supports+position_order_mean+p8_similarity,4,concatenated,0.7446,0.0184,0.6602,0.8335,0.2157,0.0251
laya_multi_pt:panel[p4_supports+position_order_mean+p7_coverage]:mean,panel,laya_multi_pt,p4_supports+position_order_mean+p7_coverage,3,mean,0.7446,0.0138,0.6772,0.8014,0.2648,0.0185
laya_multi_en:panel[p3_inferable+position_order_mean+p7_coverage]:noisy_or,panel,laya_multi_en,p3_inferable+position_order_mean+p7_coverage,3,noisy_or,0.7445,0.0148,0.67,0.8218,0.2216,0.0258
laya_multi_en:panel[nli_order_mean+position_order_mean+p8_similarity]:concatenated,panel,laya_multi_en,nli_order_mean+position_order_mean+p8_similarity,3,concatenated,0.7445,0.0184,0.6312,0.8126,0.2097,0.0196
laya_multi_en:panel[p4_supports+position_order_mean+p7_coverage]:noisy_or,panel,laya_multi_en,p4_supports+position_order_mean+p7_coverage,3,noisy_or,0.7444,0.0149,0.6685,0.8226,0.2002,0.0196
laya_multi_pt:panel[p4_supports+p7_coverage+p8_similarity]:noisy_or,panel,laya_multi_pt,p4_supports+p7_coverage+p8_similarity,3,noisy_or,0.7444,0.0141,0.6724,0.8043,0.2489,0.0183
laya_multi_en:panel[nli_order_mean+position_order_mean+p7_coverage]:concatenated,panel,laya_multi_en,nli_order_mean+position_order_mean+p7_coverage,3,concatenated,0.7444,0.0182,0.6344,0.8226,0.2113,0.0207
laya_multi_en_m2m100:panel[nli_order_mean+p3_inferable+position_order_mean]:concatenated,panel,laya_multi_en_m2m100,nli_order_mean+p3_inferable+position_order_mean,3,concatenated,0.7443,0.0176,0.669,0.8265,0.2174,0.0264
laya_en_en_m2m100:p8_similarity:noisy_or,signal,laya_en_en_m2m100,p8_similarity,1,noisy_or,0.7443,0.016,0.6713,0.828,0.2222,0.0188
laya_multi_en_m2m100:panel[p3_inferable+position_order_mean+p7_coverage+p8_similarity]:top2_mean,panel,laya_multi_en_m2m100,p3_inferable+position_order_mean+p7_coverage+p8_similarity,4,top2_mean,0.7443,0.0173,0.6558,0.8412,0.1814,0.0145
laya_multi_en_m2m100:panel[nli_order_mean+p3_inferable+position_order_mean+p8_similarity]:concatenated,panel,laya_multi_en_m2m100,nli_order_mean+p3_inferable+position_order_mean+p8_similarity,4,concatenated,0.7443,0.018,0.6649,0.8294,0.2103,0.0239
laya_multi_en_m2m100:panel[p3_inferable+p4_supports+position_order_mean]:concatenated,panel,laya_multi_en_m2m100,p3_inferable+p4_supports+position_order_mean,3,concatenated,0.7443,0.018,0.6639,0.8311,0.2227,0.0212
laya_multi_pt:panel[nli_order_mean+p3_inferable+position_order_mean+p7_coverage+p8_similarity]:mean,panel,laya_multi_pt,nli_order_mean+p3_inferable+position_order_mean+p7_coverage+p8_similarity,5,mean,0.7441,0.0135,0.6775,0.7973,0.2776,0.0175
laya_multi_en:panel[nli_order_mean+p3_inferable+p4_supports+position_order_mean+p8_similarity]:mean,panel,laya_multi_en,nli_order_mean+p3_inferable+p4_supports+position_order_mean+p8_similarity,5,mean,0.7441,0.0163,0.6564,0.8255,0.2118,0.0193
laya_multi_en_m2m100:panel[nli_order_mean+p4_supports+position_order_mean+p7_coverage]:concatenated,panel,laya_multi_en_m2m100,nli_order_mean+p4_supports+position_order_mean+p7_coverage,4,concatenated,0.744,0.0175,0.6624,0.8263,0.2095,0.0218
laya_multi_en:panel[p3_inferable+p7_coverage+p8_similarity]:top2_mean,panel,laya_multi_en,p3_inferable+p7_coverage+p8_similarity,3,top2_mean,0.744,0.0152,0.6679,0.8312,0.2178,0.0177
laya_multi_en_m2m100:panel[p3_inferable+p4_supports+position_order_mean+p7_coverage]:concatenated,panel,laya_multi_en_m2m100,p3_inferable+p4_supports+position_order_mean+p7_coverage,4,concatenated,0.7439,0.018,0.6575,0.8316,0.211,0.0258
laya_multi_en_m2m100:panel[p4_supports+p7_coverage]:mean,panel,laya_multi_en_m2m100,p4_supports+p7_coverage,2,mean,0.7438,0.0177,0.6628,0.8464,0.2062,0.0229
laya_multi_pt:panel[nli_order_mean+position_order_mean+p7_coverage+p8_similarity]:noisy_or,panel,laya_multi_pt,nli_order_mean+position_order_mean+p7_coverage+p8_similarity,4,noisy_or,0.7438,0.0123,0.6804,0.7928,0.2343,0.0141
laya_multi_en:panel[nli_order_mean+p7_coverage+p8_similarity]:top2_mean,panel,laya_multi_en,nli_order_mean+p7_coverage+p8_similarity,3,top2_mean,0.7437,0.0148,0.668,0.8271,0.2019,0.0204
laya_en_en:panel[position_order_mean+p7_coverage+p8_similarity]:mean,panel,laya_en_en,position_order_mean+p7_coverage+p8_similarity,3,mean,0.7437,0.0115,0.6687,0.7915,0.2696,0.0204
laya_multi_pt:panel[nli_order_mean+p4_supports+position_order_mean+p7_coverage+p8_similarity]:mean,panel,laya_multi_pt,nli_order_mean+p4_supports+position_order_mean+p7_coverage+p8_similarity,5,mean,0.7437,0.0136,0.6753,0.7978,0.2704,0.0173
xnli_mdeberta_en_m2m100:entailment:noisy_or,signal,xnli_mdeberta_en_m2m100,entailment,1,noisy_or,0.7436,0.019,0.6374,0.8246,0.2462,0.0232
laya_multi_en_m2m100:panel[nli_order_mean+p3_inferable+position_order_mean+p7_coverage]:concatenated,panel,laya_multi_en_m2m100,nli_order_mean+p3_inferable+position_order_mean+p7_coverage,4,concatenated,0.7436,0.0177,0.6632,0.8285,0.1987,0.0245
laya_multi_en_m2m100:panel[nli_order_mean+position_order_mean+p8_similarity]:top2_mean,panel,laya_multi_en_m2m100,nli_order_mean+position_order_mean+p8_similarity,3,top2_mean,0.7436,0.0166,0.6525,0.8311,0.1722,0.0162
laya_multi_en:panel[p4_supports+p7_coverage+p8_similarity]:top2_mean,panel,laya_multi_en,p4_supports+p7_coverage+p8_similarity,3,top2_mean,0.7434,0.0153,0.666,0.8331,0.2096,0.0185
laya_multi_en_m2m100:panel[nli_order_mean+p4_supports+p8_similarity]:mean,panel,laya_multi_en_m2m100,nli_order_mean+p4_supports+p8_similarity,3,mean,0.7434,0.0175,0.6605,0.8345,0.2029,0.0169
laya_multi_pt:panel[nli_order_mean+p7_coverage]:mean,panel,laya_multi_pt,nli_order_mean+p7_coverage,2,mean,0.7433,0.013,0.6854,0.8012,0.269,0.0183
laya_en_en_m2m100:panel[p7_coverage+p8_similarity]:noisy_or,panel,laya_en_en_m2m100,p7_coverage+p8_similarity,2,noisy_or,0.7432,0.0152,0.6746,0.8215,0.2301,0.0187
laya_multi_en:panel[nli_order_mean+position_order_mean]:mean,panel,laya_multi_en,nli_order_mean+position_order_mean,2,mean,0.743,0.0157,0.6551,0.8149,0.2074,0.0209
laya_multi_en_m2m100:panel[p4_supports+p7_coverage+p8_similarity]:concatenated,panel,laya_multi_en_m2m100,p4_supports+p7_coverage+p8_similarity,3,concatenated,0.7429,0.0185,0.6446,0.8319,0.212,0.0205
laya_multi_en_m2m100:panel[p3_inferable+p7_coverage]:mean,panel,laya_multi_en_m2m100,p3_inferable+p7_coverage,2,mean,0.7429,0.018,0.6584,0.8488,0.201,0.0195
cosine_serafim:cosine:max,signal,cosine_serafim,cosine,1,max,0.7429,0.0151,0.6892,0.7986,0.2775,0.0258
laya_multi_en_m2m100:panel[p3_inferable+p4_supports+position_order_mean+p7_coverage+p8_similarity]:concatenated,panel,laya_multi_en_m2m100,p3_inferable+p4_supports+position_order_mean+p7_coverage+p8_similarity,5,concatenated,0.7428,0.0182,0.6539,0.8316,0.2171,0.0233
laya_multi_en_m2m100:panel[p3_inferable+p7_coverage+p8_similarity]:concatenated,panel,laya_multi_en_m2m100,p3_inferable+p7_coverage+p8_similarity,3,concatenated,0.7427,0.0182,0.6491,0.8319,0.2084,0.0183
laya_multi_en_m2m100:panel[nli_order_mean+p8_similarity]:concatenated,panel,laya_multi_en_m2m100,nli_order_mean+p8_similarity,2,concatenated,0.7427,0.0173,0.6663,0.8239,0.2184,0.0235
laya_multi_en_m2m100:panel[nli_order_mean+position_order_mean+p7_coverage]:noisy_or,panel,laya_multi_en_m2m100,nli_order_mean+position_order_mean+p7_coverage,3,noisy_or,0.7427,0.0164,0.6518,0.8342,0.1798,0.0195
laya_multi_en:panel[nli_order_mean+p3_inferable+p4_supports+p7_coverage+p8_similarity]:mean,panel,laya_multi_en,nli_order_mean+p3_inferable+p4_supports+p7_coverage+p8_similarity,5,mean,0.7426,0.0151,0.6646,0.8246,0.2047,0.0203
laya_multi_en_m2m100:panel[nli_order_mean+p3_inferable+p8_similarity]:mean,panel,laya_multi_en_m2m100,nli_order_mean+p3_inferable+p8_similarity,3,mean,0.7426,0.0175,0.6584,0.8352,0.1953,0.0154
laya_multi_en_m2m100:panel[nli_order_mean+p4_supports+position_order_mean+p7_coverage+p8_similarity]:concatenated,panel,laya_multi_en_m2m100,nli_order_mean+p4_supports+position_order_mean+p7_coverage+p8_similarity,5,concatenated,0.7426,0.0176,0.658,0.8262,0.2086,0.0227
laya_multi_en_m2m100:panel[nli_order_mean+p7_coverage+p8_similarity]:top2_mean,panel,laya_multi_en_m2m100,nli_order_mean+p7_coverage+p8_similarity,3,top2_mean,0.7425,0.0171,0.6528,0.8407,0.1729,0.017
laya_multi_en_m2m100:panel[nli_order_mean+p3_inferable+p4_supports+position_order_mean+p7_coverage+p8_similarity]:mean,panel,laya_multi_en_m2m100,nli_order_mean+p3_inferable+p4_supports+position_order_mean+p7_coverage+p8_similarity,6,mean,0.7423,0.0173,0.6555,0.8364,0.1944,0.0184
laya_multi_en_m2m100:panel[nli_order_mean+p3_inferable+position_order_mean+p7_coverage+p8_similarity]:concatenated,panel,laya_multi_en_m2m100,nli_order_mean+p3_inferable+position_order_mean+p7_coverage+p8_similarity,5,concatenated,0.7422,0.0178,0.6591,0.8287,0.2137,0.022
laya_en_en_m2m100:p6_position_reversed:mean,signal,laya_en_en_m2m100,p6_position_reversed,1,mean,0.7422,0.0152,0.6806,0.8151,0.2782,0.025
laya_multi_en_m2m100:panel[p4_supports+position_order_mean]:mean,panel,laya_multi_en_m2m100,p4_supports+position_order_mean,2,mean,0.7421,0.0175,0.6505,0.8279,0.1971,0.0186
laya_multi_en:panel[p3_inferable+position_order_mean]:mean,panel,laya_multi_en,p3_inferable+position_order_mean,2,mean,0.742,0.0157,0.6573,0.817,0.2144,0.0178
laya_multi_en:panel[p4_supports+position_order_mean+p7_coverage+p8_similarity]:concatenated,panel,laya_multi_en,p4_supports+position_order_mean+p7_coverage+p8_similarity,4,concatenated,0.7418,0.0179,0.6266,0.8127,0.2211,0.0233
laya_multi_en:panel[p3_inferable+position_order_mean+p7_coverage+p8_similarity]:concatenated,panel,laya_multi_en,p3_inferable+position_order_mean+p7_coverage+p8_similarity,4,concatenated,0.7418,0.018,0.624,0.8112,0.2124,0.0232
laya_multi_pt:panel[nli_order_mean+position_order_mean+p7_coverage]:mean,panel,laya_multi_pt,nli_order_mean+position_order_mean+p7_coverage,3,mean,0.7416,0.0129,0.6803,0.7947,0.2621,0.0186
laya_multi_en:panel[p4_supports+position_order_mean]:mean,panel,laya_multi_en,p4_supports+position_order_mean,2,mean,0.7416,0.016,0.6552,0.8192,0.2087,0.0187
laya_multi_en_m2m100:panel[nli_order_mean+position_order_mean+p7_coverage+p8_similarity]:top2_mean,panel,laya_multi_en_m2m100,nli_order_mean+position_order_mean+p7_coverage+p8_similarity,4,top2_mean,0.7414,0.0167,0.6516,0.8338,0.1782,0.0165
laya_en_en_m2m100:position_order_mean:mean,signal,laya_en_en_m2m100,position_order_mean,1,mean,0.7414,0.0153,0.6777,0.816,0.2769,0.0242
laya_multi_en_m2m100:panel[p3_inferable+position_order_mean]:mean,panel,laya_multi_en_m2m100,p3_inferable+position_order_mean,2,mean,0.7413,0.0176,0.6491,0.8299,0.1847,0.0144
laya_multi_en:panel[nli_order_mean+p3_inferable+p4_supports+position_order_mean+p7_coverage+p8_similarity]:mean,panel,laya_multi_en,nli_order_mean+p3_inferable+p4_supports+position_order_mean+p7_coverage+p8_similarity,6,mean,0.7411,0.0155,0.6604,0.8225,0.211,0.0202
laya_multi_pt:panel[p3_inferable+p8_similarity]:mean,panel,laya_multi_pt,p3_inferable+p8_similarity,2,mean,0.741,0.0149,0.6672,0.798,0.2691,0.0187
laya_multi_en:panel[nli_order_mean+position_order_mean+p7_coverage+p8_similarity]:concatenated,panel,laya_multi_en,nli_order_mean+position_order_mean+p7_coverage+p8_similarity,4,concatenated,0.7406,0.0182,0.629,0.8126,0.2121,0.0218
laya_multi_pt:panel[nli_order_mean+p7_coverage+p8_similarity]:noisy_or,panel,laya_multi_pt,nli_order_mean+p7_coverage+p8_similarity,3,noisy_or,0.7405,0.0128,0.6763,0.7956,0.2353,0.0165
laya_multi_en_m2m100:panel[nli_order_mean+p7_coverage]:concatenated,panel,laya_multi_en_m2m100,nli_order_mean+p7_coverage,2,concatenated,0.7403,0.0173,0.6594,0.8217,0.2109,0.0213
laya_multi_en_m2m100:panel[p3_inferable+p4_supports+p7_coverage+p8_similarity]:mean,panel,laya_multi_en_m2m100,p3_inferable+p4_supports+p7_coverage+p8_similarity,4,mean,0.7399,0.0174,0.6578,0.8398,0.2006,0.0213
laya_multi_en:panel[nli_order_mean+p4_supports+p8_similarity]:mean,panel,laya_multi_en,nli_order_mean+p4_supports+p8_similarity,3,mean,0.7398,0.0162,0.6542,0.8239,0.2034,0.0158
laya_multi_en_m2m100:panel[nli_order_mean+p8_similarity]:noisy_or,panel,laya_multi_en_m2m100,nli_order_mean+p8_similarity,2,noisy_or,0.7397,0.0164,0.6548,0.828,0.1779,0.0173
laya_en_en_m2m100:p7_coverage:noisy_or,signal,laya_en_en_m2m100,p7_coverage,1,noisy_or,0.7396,0.0143,0.6786,0.8113,0.2455,0.017
laya_multi_en:panel[nli_order_mean+p3_inferable+p8_similarity]:mean,panel,laya_multi_en,nli_order_mean+p3_inferable+p8_similarity,3,mean,0.7395,0.016,0.6562,0.8213,0.2073,0.0144
laya_en_en_m2m100:p5_position:mean,signal,laya_en_en_m2m100,p5_position,1,mean,0.7393,0.0155,0.6715,0.8148,0.2758,0.0245
laya_multi_pt:panel[p4_supports+p8_similarity]:mean,panel,laya_multi_pt,p4_supports+p8_similarity,2,mean,0.739,0.0152,0.6624,0.7983,0.2668,0.0191
laya_multi_pt:panel[p3_inferable+position_order_mean+p8_similarity]:mean,panel,laya_multi_pt,p3_inferable+position_order_mean+p8_similarity,3,mean,0.7387,0.0139,0.6674,0.7891,0.2449,0.0182
xnli_mdeberta_en:entailment:noisy_or,signal,xnli_mdeberta_en,entailment,1,noisy_or,0.7386,0.0205,0.6275,0.8191,0.2485,0.0304
laya_multi_en:panel[p3_inferable+p8_similarity]:noisy_or,panel,laya_multi_en,p3_inferable+p8_similarity,2,noisy_or,0.7382,0.0153,0.6598,0.8211,0.2,0.015
laya_multi_en:panel[p4_supports+p8_similarity]:noisy_or,panel,laya_multi_en,p4_supports+p8_similarity,2,noisy_or,0.738,0.0158,0.6568,0.8247,0.1954,0.0152
laya_multi_en_m2m100:panel[p4_supports+position_order_mean+p8_similarity]:noisy_or,panel,laya_multi_en_m2m100,p4_supports+position_order_mean+p8_similarity,3,noisy_or,0.7378,0.0166,0.6496,0.8247,0.1751,0.016
laya_multi_en:panel[nli_order_mean+position_order_mean+p8_similarity]:noisy_or,panel,laya_multi_en,nli_order_mean+position_order_mean+p8_similarity,3,noisy_or,0.7378,0.0154,0.6507,0.8151,0.1826,0.0176
laya_multi_en_m2m100:panel[p3_inferable+p4_supports+position_order_mean+p8_similarity]:mean,panel,laya_multi_en_m2m100,p3_inferable+p4_supports+position_order_mean+p8_similarity,4,mean,0.7378,0.0174,0.6505,0.8283,0.1971,0.0178
laya_multi_en:panel[nli_order_mean+p3_inferable+position_order_mean+p8_similarity]:mean,panel,laya_multi_en,nli_order_mean+p3_inferable+position_order_mean+p8_similarity,4,mean,0.7377,0.0161,0.6505,0.8167,0.2152,0.0199
laya_multi_pt:panel[p4_supports+position_order_mean+p8_similarity]:mean,panel,laya_multi_pt,p4_supports+position_order_mean+p8_similarity,3,mean,0.7376,0.0142,0.6643,0.7897,0.2402,0.0186
laya_multi_en:panel[nli_order_mean+p8_similarity]:noisy_or,panel,laya_multi_en,nli_order_mean+p8_similarity,2,noisy_or,0.7376,0.0151,0.6555,0.8181,0.2019,0.0168
laya_multi_en:panel[p3_inferable+p4_supports+p8_similarity]:mean,panel,laya_multi_en,p3_inferable+p4_supports+p8_similarity,3,mean,0.7375,0.0165,0.6553,0.8236,0.2028,0.0167
laya_multi_en_m2m100:panel[nli_order_mean+p4_supports+p7_coverage+p8_similarity]:mean,panel,laya_multi_en_m2m100,nli_order_mean+p4_supports+p7_coverage+p8_similarity,4,mean,0.7375,0.0171,0.6546,0.834,0.1906,0.0188
laya_multi_en:panel[nli_order_mean+p4_supports+position_order_mean+p8_similarity]:mean,panel,laya_multi_en,nli_order_mean+p4_supports+position_order_mean+p8_similarity,4,mean,0.7375,0.0163,0.6496,0.8178,0.1941,0.0175
laya_multi_en:panel[p4_supports+position_order_mean+p8_similarity]:noisy_or,panel,laya_multi_en,p4_supports+position_order_mean+p8_similarity,3,noisy_or,0.7372,0.0154,0.6527,0.8173,0.1849,0.0169
laya_multi_en:panel[p3_inferable+position_order_mean+p8_similarity]:noisy_or,panel,laya_multi_en,p3_inferable+position_order_mean+p8_similarity,3,noisy_or,0.7372,0.0152,0.6537,0.8153,0.1841,0.0153
laya_multi_en_m2m100:panel[nli_order_mean+p7_coverage+p8_similarity]:concatenated,panel,laya_multi_en_m2m100,nli_order_mean+p7_coverage+p8_similarity,3,concatenated,0.7371,0.0175,0.6489,0.8214,0.2094,0.0227
laya_multi_en_m2m100:panel[nli_order_mean+p3_inferable+p7_coverage+p8_similarity]:mean,panel,laya_multi_en_m2m100,nli_order_mean+p3_inferable+p7_coverage+p8_similarity,4,mean,0.737,0.0171,0.6536,0.8348,0.1905,0.0179
laya_multi_en_m2m100:panel[p4_supports+p7_coverage+p8_similarity]:noisy_or,panel,laya_multi_en_m2m100,p4_supports+p7_coverage+p8_similarity,3,noisy_or,0.7369,0.0171,0.6525,0.8351,0.1801,0.0174
laya_multi_en_m2m100:panel[p3_inferable+position_order_mean+p8_similarity]:noisy_or,panel,laya_multi_en_m2m100,p3_inferable+position_order_mean+p8_similarity,3,noisy_or,0.7368,0.0166,0.6488,0.8254,0.159,0.0166
laya_multi_en_m2m100:panel[nli_order_mean+position_order_mean]:mean,panel,laya_multi_en_m2m100,nli_order_mean+position_order_mean,2,mean,0.7368,0.0167,0.6458,0.8222,0.1893,0.0184
laya_multi_en_m2m100:panel[nli_order_mean+p7_coverage]:mean,panel,laya_multi_en_m2m100,nli_order_mean+p7_coverage,2,mean,0.7366,0.0171,0.652,0.836,0.2082,0.0217
laya_multi_pt:position_order_mean:top2_mean,signal,laya_multi_pt,position_order_mean,1,top2_mean,0.7365,0.0126,0.6685,0.7838,0.2068,0.0145
laya_en_en_m2m100:panel[position_order_mean+p8_similarity]:mean,panel,laya_en_en_m2m100,position_order_mean+p8_similarity,2,mean,0.7364,0.0159,0.6655,0.8135,0.2496,0.0241
cosine_serafim:cosine:top2_mean,signal,cosine_serafim,cosine,1,top2_mean,0.7362,0.0166,0.6767,0.7976,0.2713,0.029
laya_multi_en:panel[nli_order_mean+p7_coverage]:mean,panel,laya_multi_en,nli_order_mean+p7_coverage,2,mean,0.7361,0.0141,0.6732,0.811,0.2016,0.0191
laya_multi_en_m2m100:panel[nli_order_mean+p4_supports+position_order_mean+p8_similarity]:mean,panel,laya_multi_en_m2m100,nli_order_mean+p4_supports+position_order_mean+p8_similarity,4,mean,0.7361,0.017,0.6486,0.8246,0.1758,0.0171
laya_multi_en_m2m100:panel[p3_inferable+p7_coverage+p8_similarity]:noisy_or,panel,laya_multi_en_m2m100,p3_inferable+p7_coverage+p8_similarity,3,noisy_or,0.736,0.0172,0.6494,0.8366,0.1806,0.0173
laya_multi_en_m2m100:panel[p3_inferable+position_order_mean+p8_similarity]:concatenated,panel,laya_multi_en_m2m100,p3_inferable+position_order_mean+p8_similarity,3,concatenated,0.736,0.0186,0.6506,0.8275,0.1937,0.0221
laya_en_en_m2m100:panel[position_order_mean+p7_coverage]:mean,panel,laya_en_en_m2m100,position_order_mean+p7_coverage,2,mean,0.7359,0.0156,0.6678,0.8087,0.261,0.0269
laya_multi_en:panel[p3_inferable+p7_coverage]:mean,panel,laya_multi_en,p3_inferable+p7_coverage,2,mean,0.7359,0.0144,0.6743,0.8156,0.2174,0.0185
laya_multi_en:panel[p3_inferable+p4_supports+position_order_mean+p8_similarity]:mean,panel,laya_multi_en,p3_inferable+p4_supports+position_order_mean+p8_similarity,4,mean,0.7358,0.0164,0.649,0.818,0.2088,0.0177
laya_multi_en:panel[p4_supports+p7_coverage]:mean,panel,laya_multi_en,p4_supports+p7_coverage,2,mean,0.7358,0.0147,0.6712,0.8186,0.2159,0.0182
laya_multi_en_m2m100:panel[nli_order_mean+p3_inferable+position_order_mean+p8_similarity]:mean,panel,laya_multi_en_m2m100,nli_order_mean+p3_inferable+position_order_mean+p8_similarity,4,mean,0.7355,0.017,0.6473,0.8247,0.1711,0.0169
laya_multi_en_m2m100:panel[p4_supports+position_order_mean+p8_similarity]:concatenated,panel,laya_multi_en_m2m100,p4_supports+position_order_mean+p8_similarity,3,concatenated,0.7354,0.0185,0.6479,0.8239,0.1951,0.0238
laya_multi_en_m2m100:panel[p3_inferable+position_order_mean]:concatenated,panel,laya_multi_en_m2m100,p3_inferable+position_order_mean,2,concatenated,0.7354,0.018,0.6552,0.8228,0.1964,0.0215
laya_multi_en_m2m100:panel[p4_supports+position_order_mean]:concatenated,panel,laya_multi_en_m2m100,p4_supports+position_order_mean,2,concatenated,0.7352,0.0178,0.6546,0.8179,0.1946,0.0209
laya_multi_en_m2m100:panel[p3_inferable+position_order_mean+p7_coverage]:concatenated,panel,laya_multi_en_m2m100,p3_inferable+position_order_mean+p7_coverage,3,concatenated,0.7348,0.0183,0.6486,0.8272,0.176,0.0187
laya_multi_en_m2m100:panel[p4_supports+position_order_mean+p7_coverage]:concatenated,panel,laya_multi_en_m2m100,p4_supports+position_order_mean+p7_coverage,3,concatenated,0.7346,0.0181,0.6457,0.823,0.1847,0.02
laya_multi_en:panel[nli_order_mean+p3_inferable+p7_coverage+p8_similarity]:mean,panel,laya_multi_en,nli_order_mean+p3_inferable+p7_coverage+p8_similarity,4,mean,0.7346,0.0145,0.662,0.8143,0.1863,0.0183
laya_en_en:p7_coverage:concatenated,signal,laya_en_en,p7_coverage,1,concatenated,0.7346,0.0124,0.6838,0.7942,0.2345,0.0217
laya_multi_pt:p5_position:top2_mean,signal,laya_multi_pt,p5_position,1,top2_mean,0.7345,0.0132,0.6662,0.7824,0.2211,0.0183
laya_en_en_m2m100:p7_coverage:concatenated,signal,laya_en_en_m2m100,p7_coverage,1,concatenated,0.7344,0.0135,0.6846,0.7989,0.214,0.019
laya_multi_en:panel[nli_order_mean+p4_supports+p7_coverage+p8_similarity]:mean,panel,laya_multi_en,nli_order_mean+p4_supports+p7_coverage+p8_similarity,4,mean,0.7343,0.0148,0.6603,0.8161,0.194,0.0173
laya_multi_en:p6_position_reversed:max,signal,laya_multi_en,p6_position_reversed,1,max,0.7341,0.0142,0.659,0.8036,0.1892,0.0187
laya_multi_en_m2m100:panel[p4_supports+position_order_mean+p7_coverage]:mean,panel,laya_multi_en_m2m100,p4_supports+position_order_mean+p7_coverage,3,mean,0.7341,0.0172,0.6446,0.8298,0.1701,0.0186
laya_multi_en_m2m100:panel[p3_inferable+p4_supports+position_order_mean+p7_coverage+p8_similarity]:mean,panel,laya_multi_en_m2m100,p3_inferable+p4_supports+position_order_mean+p7_coverage+p8_similarity,5,mean,0.734,0.0171,0.6478,0.8294,0.19,0.021
laya_multi_pt:panel[nli_order_mean+p8_similarity]:mean,panel,laya_multi_pt,nli_order_mean+p8_similarity,2,mean,0.7339,0.0138,0.6657,0.7871,0.2556,0.0162
laya_multi_en:panel[nli_order_mean+position_order_mean+p7_coverage]:mean,panel,laya_multi_en,nli_order_mean+position_order_mean+p7_coverage,3,mean,0.7336,0.0154,0.657,0.8086,0.2074,0.0242
laya_multi_en_m2m100:panel[p3_inferable+position_order_mean+p7_coverage]:mean,panel,laya_multi_en_m2m100,p3_inferable+position_order_mean+p7_coverage,3,mean,0.7335,0.0173,0.6442,0.8318,0.1804,0.0197
laya_multi_pt:panel[nli_order_mean+position_order_mean+p8_similarity]:mean,panel,laya_multi_pt,nli_order_mean+position_order_mean+p8_similarity,3,mean,0.7335,0.0131,0.6659,0.7804,0.2379,0.0166
laya_multi_en_m2m100:panel[nli_order_mean+position_order_mean+p8_similarity]:noisy_or,panel,laya_multi_en_m2m100,nli_order_mean+position_order_mean+p8_similarity,3,noisy_or,0.7335,0.0159,0.6456,0.8172,0.1565,0.0159
laya_multi_en_m2m100:panel[p3_inferable+position_order_mean+p7_coverage+p8_similarity]:concatenated,panel,laya_multi_en_m2m100,p3_inferable+position_order_mean+p7_coverage+p8_similarity,4,concatenated,0.7334,0.0185,0.6433,0.8273,0.1862,0.0191
laya_multi_en:panel[p3_inferable+position_order_mean+p7_coverage]:mean,panel,laya_multi_en,p3_inferable+position_order_mean+p7_coverage,3,mean,0.7332,0.0154,0.6574,0.8119,0.2088,0.0248
laya_multi_en_m2m100:panel[p4_supports+position_order_mean+p7_coverage+p8_similarity]:noisy_or,panel,laya_multi_en_m2m100,p4_supports+position_order_mean+p7_coverage+p8_similarity,4,noisy_or,0.733,0.0166,0.645,0.8259,0.1638,0.0184
laya_multi_en:panel[nli_order_mean+p3_inferable+position_order_mean+p7_coverage+p8_similarity]:mean,panel,laya_multi_en,nli_order_mean+p3_inferable+position_order_mean+p7_coverage+p8_similarity,5,mean,0.733,0.0153,0.6542,0.8129,0.1947,0.0183
laya_multi_en:panel[p3_inferable+p4_supports+p7_coverage+p8_similarity]:mean,panel,laya_multi_en,p3_inferable+p4_supports+p7_coverage+p8_similarity,4,mean,0.733,0.0151,0.6602,0.8176,0.1846,0.0149
laya_multi_en:panel[nli_order_mean+p4_supports+position_order_mean+p7_coverage+p8_similarity]:mean,panel,laya_multi_en,nli_order_mean+p4_supports+position_order_mean+p7_coverage+p8_similarity,5,mean,0.7329,0.0155,0.6533,0.8143,0.1942,0.0175
laya_multi_en_m2m100:panel[position_order_mean+p7_coverage]:max,panel,laya_multi_en_m2m100,position_order_mean+p7_coverage,2,max,0.7329,0.0152,0.6523,0.8171,0.1657,0.02
laya_multi_en:panel[p4_supports+position_order_mean+p7_coverage]:mean,panel,laya_multi_en,p4_supports+position_order_mean+p7_coverage,3,mean,0.7329,0.0156,0.6562,0.8136,0.1923,0.0203
laya_multi_en_m2m100:panel[p4_supports+position_order_mean+p7_coverage+p8_similarity]:concatenated,panel,laya_multi_en_m2m100,p4_supports+position_order_mean+p7_coverage+p8_similarity,4,concatenated,0.7328,0.0185,0.6404,0.8238,0.1863,0.02
laya_multi_en_m2m100:panel[p3_inferable+position_order_mean+p7_coverage+p8_similarity]:noisy_or,panel,laya_multi_en_m2m100,p3_inferable+position_order_mean+p7_coverage+p8_similarity,4,noisy_or,0.7323,0.0166,0.6443,0.826,0.166,0.0165
laya_multi_en:panel[p3_inferable+p4_supports+position_order_mean+p7_coverage+p8_similarity]:mean,panel,laya_multi_en,p3_inferable+p4_supports+position_order_mean+p7_coverage+p8_similarity,5,mean,0.7323,0.0156,0.6529,0.8156,0.196,0.016
xnli_mdeberta_en_m2m100:entailment:top2_mean,signal,xnli_mdeberta_en_m2m100,entailment,1,top2_mean,0.7322,0.0192,0.6248,0.8177,0.2454,0.0254
laya_multi_en:panel[position_order_mean+p8_similarity]:max,panel,laya_multi_en,position_order_mean+p8_similarity,2,max,0.7322,0.0157,0.6509,0.8065,0.1915,0.0212
laya_multi_en:panel[nli_order_mean+position_order_mean+p7_coverage+p8_similarity]:noisy_or,panel,laya_multi_en,nli_order_mean+position_order_mean+p7_coverage+p8_similarity,4,noisy_or,0.7322,0.0149,0.6534,0.8098,0.1887,0.0173
laya_multi_pt:position_order_mean:noisy_or,signal,laya_multi_pt,position_order_mean,1,noisy_or,0.7322,0.0124,0.6659,0.7805,0.2027,0.0158
laya_multi_en:panel[p3_inferable+position_order_mean+p7_coverage+p8_similarity]:noisy_or,panel,laya_multi_en,p3_inferable+position_order_mean+p7_coverage+p8_similarity,4,noisy_or,0.7321,0.0148,0.6537,0.8107,0.1878,0.0175
laya_multi_en_m2m100:panel[nli_order_mean+p4_supports+position_order_mean+p7_coverage+p8_similarity]:mean,panel,laya_multi_en_m2m100,nli_order_mean+p4_supports+position_order_mean+p7_coverage+p8_similarity,5,mean,0.7321,0.0169,0.6446,0.8255,0.1799,0.0203
laya_en_en_m2m100:panel[position_order_mean+p7_coverage+p8_similarity]:mean,panel,laya_en_en_m2m100,position_order_mean+p7_coverage+p8_similarity,3,mean,0.7321,0.0159,0.6613,0.81,0.2318,0.0219
laya_multi_en:panel[p4_supports+position_order_mean+p7_coverage+p8_similarity]:noisy_or,panel,laya_multi_en,p4_supports+position_order_mean+p7_coverage+p8_similarity,4,noisy_or,0.7321,0.0151,0.6527,0.8123,0.2088,0.0185
laya_multi_en_m2m100:panel[nli_order_mean+p3_inferable+position_order_mean+p7_coverage+p8_similarity]:mean,panel,laya_multi_en_m2m100,nli_order_mean+p3_inferable+position_order_mean+p7_coverage+p8_similarity,5,mean,0.7317,0.0169,0.6445,0.8255,0.1829,0.0191
laya_multi_en_m2m100:panel[nli_order_mean+position_order_mean+p8_similarity]:concatenated,panel,laya_multi_en_m2m100,nli_order_mean+position_order_mean+p8_similarity,3,concatenated,0.7312,0.0176,0.6555,0.8161,0.1751,0.0207
laya_multi_en_m2m100:panel[nli_order_mean+position_order_mean]:concatenated,panel,laya_multi_en_m2m100,nli_order_mean+position_order_mean,2,concatenated,0.7312,0.0169,0.664,0.8085,0.1873,0.0248
laya_multi_en_m2m100:panel[position_order_mean+p7_coverage+p8_similarity]:max,panel,laya_multi_en_m2m100,position_order_mean+p7_coverage+p8_similarity,3,max,0.7311,0.0151,0.653,0.8164,0.1539,0.0161
laya_multi_pt:p6_position_reversed:top2_mean,signal,laya_multi_pt,p6_position_reversed,1,top2_mean,0.7311,0.0123,0.6672,0.771,0.1793,0.016
laya_multi_en_m2m100:panel[nli_order_mean+p7_coverage+p8_similarity]:noisy_or,panel,laya_multi_en_m2m100,nli_order_mean+p7_coverage+p8_similarity,3,noisy_or,0.731,0.0162,0.6456,0.8245,0.1593,0.0154
laya_multi_pt:panel[position_order_mean+p7_coverage]:top2_mean,panel,laya_multi_pt,position_order_mean+p7_coverage,2,top2_mean,0.7308,0.0132,0.6703,0.776,0.2088,0.0198
laya_multi_en:position_order_mean:max,signal,laya_multi_en,position_order_mean,1,max,0.7308,0.0147,0.659,0.7947,0.2026,0.0205
laya_multi_pt:panel[p3_inferable+position_order_mean+p7_coverage+p8_similarity]:mean,panel,laya_multi_pt,p3_inferable+position_order_mean+p7_coverage+p8_similarity,4,mean,0.7305,0.0138,0.6648,0.7831,0.2273,0.0171
laya_multi_en:panel[p3_inferable+p7_coverage+p8_similarity]:noisy_or,panel,laya_multi_en,p3_inferable+p7_coverage+p8_similarity,3,noisy_or,0.7305,0.0143,0.6606,0.8104,0.1883,0.0168
laya_multi_en_m2m100:panel[nli_order_mean+position_order_mean+p7_coverage]:concatenated,panel,laya_multi_en_m2m100,nli_order_mean+position_order_mean+p7_coverage,3,concatenated,0.7305,0.0173,0.6541,0.8151,0.1689,0.0203
laya_multi_pt:p5_position:noisy_or,signal,laya_multi_pt,p5_position,1,noisy_or,0.7303,0.0127,0.6644,0.7791,0.2131,0.0192
laya_multi_pt:panel[position_order_mean+p8_similarity]:top2_mean,panel,laya_multi_pt,position_order_mean+p8_similarity,2,top2_mean,0.7303,0.0123,0.6651,0.7725,0.2065,0.0148
laya_multi_en:panel[p4_supports+p7_coverage+p8_similarity]:noisy_or,panel,laya_multi_en,p4_supports+p7_coverage+p8_similarity,3,noisy_or,0.7302,0.0145,0.6583,0.8119,0.1825,0.0172
laya_multi_en:panel[nli_order_mean+p7_coverage+p8_similarity]:noisy_or,panel,laya_multi_en,nli_order_mean+p7_coverage+p8_similarity,3,noisy_or,0.7297,0.0141,0.6582,0.8059,0.1721,0.0165
laya_multi_en_m2m100:panel[nli_order_mean+position_order_mean+p7_coverage]:mean,panel,laya_multi_en_m2m100,nli_order_mean+position_order_mean+p7_coverage,3,mean,0.7296,0.0167,0.6389,0.8219,0.177,0.0193
laya_multi_pt:panel[p4_supports+position_order_mean+p7_coverage+p8_similarity]:mean,panel,laya_multi_pt,p4_supports+position_order_mean+p7_coverage+p8_similarity,4,mean,0.7295,0.014,0.6622,0.784,0.2389,0.0169
laya_en_en:p7_coverage:mean,signal,laya_en_en,p7_coverage,1,mean,0.7295,0.0125,0.6568,0.7892,0.2275,0.0205
laya_en_en:panel[p7_coverage+p8_similarity]:mean,panel,laya_en_en,p7_coverage+p8_similarity,2,mean,0.7292,0.0129,0.6536,0.7932,0.2297,0.0199
laya_multi_en:panel[position_order_mean+p7_coverage]:max,panel,laya_multi_en,position_order_mean+p7_coverage,2,max,0.729,0.0154,0.6593,0.8049,0.1749,0.0185
laya_multi_en:panel[position_order_mean+p7_coverage+p8_similarity]:max,panel,laya_multi_en,position_order_mean+p7_coverage+p8_similarity,3,max,0.729,0.0157,0.6519,0.8095,0.1796,0.0201
laya_multi_en_m2m100:panel[nli_order_mean+position_order_mean+p7_coverage+p8_similarity]:concatenated,panel,laya_multi_en_m2m100,nli_order_mean+position_order_mean+p7_coverage+p8_similarity,4,concatenated,0.7289,0.0175,0.6472,0.8159,0.1856,0.0194
laya_multi_en_m2m100:panel[nli_order_mean+position_order_mean+p7_coverage+p8_similarity]:noisy_or,panel,laya_multi_en_m2m100,nli_order_mean+position_order_mean+p7_coverage+p8_similarity,4,noisy_or,0.7289,0.016,0.6414,0.8175,0.1557,0.0181
laya_multi_pt:p6_position_reversed:noisy_or,signal,laya_multi_pt,p6_position_reversed,1,noisy_or,0.7278,0.0124,0.6624,0.7735,0.2001,0.0199
laya_multi_pt:panel[p3_inferable+p7_coverage+p8_similarity]:mean,panel,laya_multi_pt,p3_inferable+p7_coverage+p8_similarity,3,mean,0.7277,0.0142,0.6644,0.7851,0.2457,0.0172
xnli_mdeberta:entailment:noisy_or,signal,xnli_mdeberta,entailment,1,noisy_or,0.7263,0.0207,0.6008,0.8097,0.2758,0.0241
laya_multi_pt:panel[p4_supports+p7_coverage+p8_similarity]:mean,panel,laya_multi_pt,p4_supports+p7_coverage+p8_similarity,3,mean,0.7262,0.0143,0.661,0.7864,0.2396,0.0189
laya_multi_pt:panel[nli_order_mean+position_order_mean+p7_coverage+p8_similarity]:mean,panel,laya_multi_pt,nli_order_mean+position_order_mean+p7_coverage+p8_similarity,4,mean,0.726,0.0132,0.6645,0.777,0.2393,0.017
laya_multi_en_m2m100:panel[position_order_mean+p8_similarity]:max,panel,laya_multi_en_m2m100,position_order_mean+p8_similarity,2,max,0.7257,0.0143,0.6558,0.8036,0.154,0.0158
laya_multi_en_m2m100:panel[p4_supports+p8_similarity]:mean,panel,laya_multi_en_m2m100,p4_supports+p8_similarity,2,mean,0.7253,0.0177,0.6444,0.8205,0.1586,0.0182
laya_multi_en_m2m100:panel[p3_inferable+p8_similarity]:mean,panel,laya_multi_en_m2m100,p3_inferable+p8_similarity,2,mean,0.7246,0.018,0.6406,0.8236,0.1517,0.0163
laya_multi_pt:panel[position_order_mean+p7_coverage+p8_similarity]:top2_mean,panel,laya_multi_pt,position_order_mean+p7_coverage+p8_similarity,3,top2_mean,0.7245,0.0132,0.6607,0.769,0.2124,0.0167
laya_multi_en_m2m100:position_order_mean:max,signal,laya_multi_en_m2m100,position_order_mean,1,max,0.7243,0.0141,0.6558,0.7946,0.1561,0.0152
laya_en_en:p8_similarity:mean,signal,laya_en_en,p8_similarity,1,mean,0.724,0.0128,0.6462,0.7874,0.241,0.0178
laya_multi_en:p6_position_reversed:top2_mean,signal,laya_multi_en,p6_position_reversed,1,top2_mean,0.723,0.0163,0.6297,0.8025,0.1982,0.0203
xnli_mdeberta_en:entailment:top2_mean,signal,xnli_mdeberta_en,entailment,1,top2_mean,0.7223,0.0211,0.6013,0.8097,0.2718,0.0291
laya_multi_pt:panel[nli_order_mean+p7_coverage+p8_similarity]:mean,panel,laya_multi_pt,nli_order_mean+p7_coverage+p8_similarity,3,mean,0.7222,0.0132,0.663,0.7774,0.2248,0.0166
laya_multi_en:panel[nli_order_mean+position_order_mean+p8_similarity]:mean,panel,laya_multi_en,nli_order_mean+position_order_mean+p8_similarity,3,mean,0.7219,0.0161,0.6327,0.7993,0.2004,0.0193
laya_multi_en_m2m100:p6_position_reversed:max,signal,laya_multi_en_m2m100,p6_position_reversed,1,max,0.7214,0.0152,0.6391,0.8002,0.166,0.0182
laya_multi_en:panel[p4_supports+p8_similarity]:mean,panel,laya_multi_en,p4_supports+p8_similarity,2,mean,0.7213,0.0163,0.6404,0.8093,0.1736,0.0135
laya_multi_en:panel[nli_order_mean+p8_similarity]:mean,panel,laya_multi_en,nli_order_mean+p8_similarity,2,mean,0.7212,0.0155,0.6398,0.8006,0.1846,0.0151
laya_multi_en:panel[p3_inferable+p8_similarity]:mean,panel,laya_multi_en,p3_inferable+p8_similarity,2,mean,0.7211,0.0159,0.6433,0.8063,0.1821,0.0136
laya_multi_en:panel[p4_supports+position_order_mean+p8_similarity]:mean,panel,laya_multi_en,p4_supports+position_order_mean+p8_similarity,3,mean,0.721,0.0165,0.6335,0.8037,0.1947,0.0192
laya_multi_en:panel[p3_inferable+position_order_mean+p8_similarity]:mean,panel,laya_multi_en,p3_inferable+position_order_mean+p8_similarity,3,mean,0.7209,0.0163,0.6335,0.8023,0.1973,0.0198
cosine_serafim:cosine:noisy_or,signal,cosine_serafim,cosine,1,noisy_or,0.7191,0.0175,0.6554,0.7834,0.2659,0.0271
laya_multi_en_m2m100:panel[p4_supports+position_order_mean+p8_similarity]:mean,panel,laya_multi_en_m2m100,p4_supports+position_order_mean+p8_similarity,3,mean,0.7191,0.0171,0.6315,0.808,0.1618,0.0171
laya_multi_pt:panel[position_order_mean+p7_coverage]:noisy_or,panel,laya_multi_pt,position_order_mean+p7_coverage,2,noisy_or,0.7188,0.0132,0.663,0.7655,0.2137,0.0192
laya_multi_en_m2m100:panel[p3_inferable+position_order_mean+p8_similarity]:mean,panel,laya_multi_en_m2m100,p3_inferable+position_order_mean+p8_similarity,3,mean,0.7186,0.0171,0.6305,0.8092,0.1577,0.0159
laya_multi_en_m2m100:panel[nli_order_mean+p8_similarity]:mean,panel,laya_multi_en_m2m100,nli_order_mean+p8_similarity,2,mean,0.7185,0.0172,0.6347,0.8103,0.1464,0.0158
laya_multi_pt:position_order_mean:mean,signal,laya_multi_pt,position_order_mean,1,mean,0.7174,0.0129,0.6508,0.7627,0.1947,0.0173
laya_multi_en:position_order_mean:top2_mean,signal,laya_multi_en,position_order_mean,1,top2_mean,0.7172,0.0161,0.6317,0.7923,0.2021,0.0215
laya_multi_en_m2m100:panel[p4_supports+p7_coverage+p8_similarity]:mean,panel,laya_multi_en_m2m100,p4_supports+p7_coverage+p8_similarity,3,mean,0.7172,0.0169,0.6399,0.8158,0.1582,0.0189
laya_en_en_m2m100:panel[p7_coverage+p8_similarity]:mean,panel,laya_en_en_m2m100,p7_coverage+p8_similarity,2,mean,0.717,0.0161,0.6438,0.8001,0.1907,0.019
laya_multi_pt:p5_position:mean,signal,laya_multi_pt,p5_position,1,mean,0.717,0.0129,0.6507,0.7613,0.2005,0.0184
laya_multi_en:panel[position_order_mean+p8_similarity]:top2_mean,panel,laya_multi_en,position_order_mean+p8_similarity,2,top2_mean,0.7168,0.0164,0.6266,0.7984,0.1817,0.0192
laya_multi_en_m2m100:panel[p3_inferable+p7_coverage+p8_similarity]:mean,panel,laya_multi_en_m2m100,p3_inferable+p7_coverage+p8_similarity,3,mean,0.7167,0.0169,0.6377,0.8167,0.1615,0.0188
laya_multi_en:panel[position_order_mean+p7_coverage]:top2_mean,panel,laya_multi_en,position_order_mean+p7_coverage,2,top2_mean,0.7164,0.0173,0.6367,0.8009,0.188,0.0237
laya_multi_en:panel[nli_order_mean+position_order_mean+p7_coverage+p8_similarity]:mean,panel,laya_multi_en,nli_order_mean+position_order_mean+p7_coverage+p8_similarity,4,mean,0.7164,0.0153,0.6388,0.7958,0.175,0.0181
laya_multi_en:p6_position_reversed:noisy_or,signal,laya_multi_en,p6_position_reversed,1,noisy_or,0.7162,0.0156,0.6225,0.7899,0.1848,0.018
laya_multi_en:panel[p4_supports+position_order_mean+p7_coverage+p8_similarity]:mean,panel,laya_multi_en,p4_supports+position_order_mean+p7_coverage+p8_similarity,4,mean,0.716,0.0156,0.6376,0.7993,0.183,0.019
laya_multi_en:panel[p3_inferable+position_order_mean+p7_coverage+p8_similarity]:mean,panel,laya_multi_en,p3_inferable+position_order_mean+p7_coverage+p8_similarity,4,mean,0.7159,0.0153,0.6387,0.7975,0.1763,0.017
laya_multi_en:panel[position_order_mean+p7_coverage+p8_similarity]:top2_mean,panel,laya_multi_en,position_order_mean+p7_coverage+p8_similarity,3,top2_mean,0.7156,0.017,0.6321,0.8024,0.2051,0.0238
laya_en_en_m2m100:p7_coverage:mean,signal,laya_en_en_m2m100,p7_coverage,1,mean,0.7152,0.0154,0.6472,0.7905,0.1911,0.0164
laya_multi_en_m2m100:panel[p4_supports+position_order_mean+p7_coverage+p8_similarity]:mean,panel,laya_multi_en_m2m100,p4_supports+position_order_mean+p7_coverage+p8_similarity,4,mean,0.7151,0.0165,0.6314,0.8084,0.1667,0.0209
laya_en_en_m2m100:p8_similarity:mean,signal,laya_en_en_m2m100,p8_similarity,1,mean,0.7149,0.017,0.6383,0.8049,0.1763,0.0164
laya_multi_en_m2m100:panel[nli_order_mean+position_order_mean+p8_similarity]:mean,panel,laya_multi_en_m2m100,nli_order_mean+position_order_mean+p8_similarity,3,mean,0.7146,0.0166,0.6264,0.8019,0.1632,0.018
laya_multi_en_m2m100:panel[p3_inferable+position_order_mean+p7_coverage+p8_similarity]:mean,panel,laya_multi_en_m2m100,p3_inferable+position_order_mean+p7_coverage+p8_similarity,4,mean,0.7146,0.0166,0.6301,0.8091,0.1606,0.0167
laya_multi_en_m2m100:p5_position:max,signal,laya_multi_en_m2m100,p5_position,1,max,0.7138,0.0152,0.6472,0.7865,0.1443,0.0178
laya_multi_en:p5_position:max,signal,laya_multi_en,p5_position,1,max,0.7135,0.016,0.6556,0.7745,0.1882,0.0184
laya_multi_pt:p6_position_reversed:mean,signal,laya_multi_pt,p6_position_reversed,1,mean,0.7134,0.0129,0.6494,0.7578,0.1812,0.0146
laya_multi_en:panel[p3_inferable+p7_coverage+p8_similarity]:mean,panel,laya_multi_en,p3_inferable+p7_coverage+p8_similarity,3,mean,0.7134,0.0144,0.6478,0.7957,0.158,0.0134
laya_multi_en:panel[p4_supports+p7_coverage+p8_similarity]:mean,panel,laya_multi_en,p4_supports+p7_coverage+p8_similarity,3,mean,0.7134,0.0147,0.6455,0.7973,0.1606,0.0142
laya_multi_en:panel[nli_order_mean+p7_coverage+p8_similarity]:mean,panel,laya_multi_en,nli_order_mean+p7_coverage+p8_similarity,3,mean,0.713,0.0141,0.6463,0.7898,0.1508,0.0153
laya_multi_en_m2m100:panel[position_order_mean+p7_coverage]:top2_mean,panel,laya_multi_en_m2m100,position_order_mean+p7_coverage,2,top2_mean,0.712,0.017,0.6177,0.8014,0.1399,0.0142
laya_multi_en_m2m100:panel[nli_order_mean+p7_coverage+p8_similarity]:mean,panel,laya_multi_en_m2m100,nli_order_mean+p7_coverage+p8_similarity,3,mean,0.7117,0.0162,0.6336,0.8064,0.1708,0.0224
xnli_mdeberta:entailment:top2_mean,signal,xnli_mdeberta,entailment,1,top2_mean,0.7116,0.0214,0.5726,0.7998,0.2707,0.0257
cosine_serafim:cosine:mean,signal,cosine_serafim,cosine,1,mean,0.7114,0.0178,0.6451,0.7788,0.248,0.0271
laya_multi_en_m2m100:panel[nli_order_mean+position_order_mean+p7_coverage+p8_similarity]:mean,panel,laya_multi_en_m2m100,nli_order_mean+position_order_mean+p7_coverage+p8_similarity,4,mean,0.7114,0.0161,0.6272,0.8012,0.1563,0.0173
laya_multi_pt:panel[position_order_mean+p8_similarity]:noisy_or,panel,laya_multi_pt,position_order_mean+p8_similarity,2,noisy_or,0.7098,0.0128,0.6439,0.7527,0.1996,0.0163
laya_multi_en:position_order_mean:noisy_or,signal,laya_multi_en,position_order_mean,1,noisy_or,0.7095,0.0156,0.6231,0.7805,0.1751,0.0193
laya_multi_en_m2m100:p6_position_reversed:top2_mean,signal,laya_multi_en_m2m100,p6_position_reversed,1,top2_mean,0.7079,0.0161,0.6199,0.7895,0.1566,0.0141
laya_multi_en_m2m100:position_order_mean:top2_mean,signal,laya_multi_en_m2m100,position_order_mean,1,top2_mean,0.7067,0.0166,0.6195,0.7868,0.1528,0.0162
laya_multi_pt:position_order_mean:concatenated,signal,laya_multi_pt,position_order_mean,1,concatenated,0.7051,0.0127,0.6528,0.7544,0.1645,0.0169
laya_multi_en_m2m100:panel[position_order_mean+p7_coverage+p8_similarity]:top2_mean,panel,laya_multi_en_m2m100,position_order_mean+p7_coverage+p8_similarity,3,top2_mean,0.7044,0.0168,0.6162,0.7944,0.1455,0.0155
laya_multi_en:panel[position_order_mean+p7_coverage]:noisy_or,panel,laya_multi_en,position_order_mean+p7_coverage,2,noisy_or,0.7042,0.0162,0.6275,0.7792,0.1655,0.0217
laya_multi_en:p6_position_reversed:mean,signal,laya_multi_en,p6_position_reversed,1,mean,0.7041,0.0163,0.6059,0.7831,0.1808,0.0182
laya_multi_pt:panel[position_order_mean+p7_coverage+p8_similarity]:noisy_or,panel,laya_multi_pt,position_order_mean+p7_coverage+p8_similarity,3,noisy_or,0.7035,0.0136,0.6446,0.7503,0.2026,0.0183
laya_multi_en:p5_position:top2_mean,signal,laya_multi_en,p5_position,1,top2_mean,0.7035,0.0161,0.6311,0.7716,0.1736,0.019
laya_multi_pt:panel[position_order_mean+p7_coverage]:mean,panel,laya_multi_pt,position_order_mean+p7_coverage,2,mean,0.7034,0.0141,0.6486,0.7516,0.1977,0.0186
laya_multi_pt:panel[position_order_mean+p8_similarity]:concatenated,panel,laya_multi_pt,position_order_mean+p8_similarity,2,concatenated,0.7034,0.013,0.6427,0.7533,0.1951,0.0193
xnli_mdeberta_en_m2m100:entailment:mean,signal,xnli_mdeberta_en_m2m100,entailment,1,mean,0.7024,0.0215,0.5858,0.805,0.2432,0.0251
laya_multi_en_m2m100:panel[position_order_mean+p8_similarity]:top2_mean,panel,laya_multi_en_m2m100,position_order_mean+p8_similarity,2,top2_mean,0.7023,0.0169,0.6103,0.7871,0.1282,0.013
laya_multi_en_m2m100:p6_position_reversed:noisy_or,signal,laya_multi_en_m2m100,p6_position_reversed,1,noisy_or,0.7013,0.0158,0.612,0.7793,0.1534,0.0166
laya_multi_pt:p6_position_reversed:concatenated,signal,laya_multi_pt,p6_position_reversed,1,concatenated,0.701,0.0137,0.6519,0.754,0.1713,0.0182
laya_multi_en_m2m100:position_order_mean:noisy_or,signal,laya_multi_en_m2m100,position_order_mean,1,noisy_or,0.7009,0.016,0.6129,0.7777,0.1488,0.0147
laya_multi_en_m2m100:panel[position_order_mean+p7_coverage]:noisy_or,panel,laya_multi_en_m2m100,position_order_mean+p7_coverage,2,noisy_or,0.7004,0.0167,0.6114,0.79,0.1448,0.0177
laya_multi_pt:panel[position_order_mean+p7_coverage]:concatenated,panel,laya_multi_pt,position_order_mean+p7_coverage,2,concatenated,0.7001,0.0146,0.6368,0.7635,0.1679,0.0194
laya_multi_pt:p5_position:concatenated,signal,laya_multi_pt,p5_position,1,concatenated,0.6982,0.0126,0.6428,0.744,0.1673,0.0155
laya_multi_pt:panel[position_order_mean+p7_coverage+p8_similarity]:concatenated,panel,laya_multi_pt,position_order_mean+p7_coverage+p8_similarity,3,concatenated,0.698,0.014,0.6297,0.7554,0.1673,0.0194
laya_multi_en_m2m100:p5_position:top2_mean,signal,laya_multi_en_m2m100,p5_position,1,top2_mean,0.6979,0.0175,0.6156,0.7754,0.1517,0.0162
laya_multi_en:position_order_mean:mean,signal,laya_multi_en,position_order_mean,1,mean,0.697,0.0165,0.605,0.7746,0.1751,0.0187
laya_multi_en:p5_position:noisy_or,signal,laya_multi_en,p5_position,1,noisy_or,0.6969,0.0162,0.6215,0.7643,0.1894,0.0203
xnli_mdeberta:entailment:concatenated,signal,xnli_mdeberta,entailment,1,concatenated,0.6963,0.0182,0.577,0.7718,0.1482,0.0197
xnli_mdeberta_en:entailment:mean,signal,xnli_mdeberta_en,entailment,1,mean,0.6962,0.0221,0.564,0.8002,0.2573,0.0279
laya_multi_en_m2m100:p5_position:noisy_or,signal,laya_multi_en_m2m100,p5_position,1,noisy_or,0.6938,0.0165,0.6108,0.7692,0.1351,0.0158
laya_multi_en:panel[position_order_mean+p7_coverage]:mean,panel,laya_multi_en,position_order_mean+p7_coverage,2,mean,0.6925,0.0163,0.6165,0.7675,0.1576,0.0182
laya_multi_en:panel[position_order_mean+p7_coverage]:concatenated,panel,laya_multi_en,position_order_mean+p7_coverage,2,concatenated,0.6918,0.0185,0.587,0.7661,0.1585,0.0174
laya_multi_en:panel[position_order_mean+p8_similarity]:noisy_or,panel,laya_multi_en,position_order_mean+p8_similarity,2,noisy_or,0.6908,0.0165,0.5991,0.7725,0.1429,0.0194
laya_multi_en:panel[position_order_mean+p7_coverage+p8_similarity]:noisy_or,panel,laya_multi_en,position_order_mean+p7_coverage+p8_similarity,3,noisy_or,0.6898,0.0158,0.6111,0.7692,0.1403,0.0153
laya_multi_en:panel[position_order_mean+p7_coverage+p8_similarity]:concatenated,panel,laya_multi_en,position_order_mean+p7_coverage+p8_similarity,3,concatenated,0.6888,0.0181,0.5848,0.7654,0.144,0.0174
laya_multi_en:panel[p7_coverage+p8_similarity]:max,panel,laya_multi_en,p7_coverage+p8_similarity,2,max,0.6888,0.016,0.6253,0.78,0.1699,0.0229
laya_multi_pt:panel[position_order_mean+p8_similarity]:mean,panel,laya_multi_pt,position_order_mean+p8_similarity,2,mean,0.6888,0.0134,0.625,0.7316,0.1585,0.0148
laya_multi_en:panel[position_order_mean+p8_similarity]:concatenated,panel,laya_multi_en,position_order_mean+p8_similarity,2,concatenated,0.6884,0.0172,0.5821,0.7664,0.1318,0.0142
laya_multi_en_m2m100:p6_position_reversed:mean,signal,laya_multi_en_m2m100,p6_position_reversed,1,mean,0.6878,0.0162,0.5977,0.7657,0.158,0.0163
laya_multi_en_m2m100:panel[position_order_mean+p7_coverage]:mean,panel,laya_multi_en_m2m100,position_order_mean+p7_coverage,2,mean,0.6874,0.0168,0.6003,0.7786,0.1452,0.0189
laya_multi_en:position_order_mean:concatenated,signal,laya_multi_en,position_order_mean,1,concatenated,0.6873,0.0165,0.5827,0.7537,0.1381,0.0172
laya_multi_pt:panel[position_order_mean+p7_coverage+p8_similarity]:mean,panel,laya_multi_pt,position_order_mean+p7_coverage+p8_similarity,3,mean,0.6869,0.0143,0.6295,0.7342,0.1775,0.0172
laya_multi_en_m2m100:position_order_mean:mean,signal,laya_multi_en_m2m100,position_order_mean,1,mean,0.6867,0.0164,0.5968,0.7629,0.1403,0.0146
laya_multi_en_m2m100:panel[p7_coverage+p8_similarity]:max,panel,laya_multi_en_m2m100,p7_coverage+p8_similarity,2,max,0.685,0.0182,0.6039,0.7913,0.1545,0.0202
laya_multi_en_m2m100:panel[position_order_mean+p7_coverage+p8_similarity]:noisy_or,panel,laya_multi_en_m2m100,position_order_mean+p7_coverage+p8_similarity,3,noisy_or,0.6846,0.0161,0.6029,0.7727,0.1523,0.0179
laya_multi_en:p5_position:mean,signal,laya_multi_en,p5_position,1,mean,0.6846,0.0168,0.6001,0.7596,0.1848,0.0201
xnli_mdeberta_en:entailment:concatenated,signal,xnli_mdeberta_en,entailment,1,concatenated,0.6838,0.0156,0.592,0.7421,0.1662,0.0203
laya_multi_en:p5_position:concatenated,signal,laya_multi_en,p5_position,1,concatenated,0.683,0.0184,0.573,0.754,0.1351,0.0176
laya_multi_en:p8_similarity:max,signal,laya_multi_en,p8_similarity,1,max,0.6817,0.0174,0.5927,0.7633,0.1522,0.019
laya_multi_en_m2m100:panel[position_order_mean+p8_similarity]:noisy_or,panel,laya_multi_en_m2m100,position_order_mean+p8_similarity,2,noisy_or,0.6813,0.016,0.5964,0.7636,0.114,0.0139
laya_multi_en_m2m100:p5_position:mean,signal,laya_multi_en_m2m100,p5_position,1,mean,0.6802,0.0167,0.5937,0.7547,0.1271,0.0185
laya_multi_en:p6_position_reversed:concatenated,signal,laya_multi_en,p6_position_reversed,1,concatenated,0.6796,0.0148,0.5831,0.7392,0.1442,0.0157
laya_multi_en_m2m100:panel[position_order_mean+p7_coverage+p8_similarity]:concatenated,panel,laya_multi_en_m2m100,position_order_mean+p7_coverage+p8_similarity,3,concatenated,0.6784,0.0186,0.5946,0.7826,0.1242,0.0181
laya_multi_en_m2m100:panel[position_order_mean+p7_coverage]:concatenated,panel,laya_multi_en_m2m100,position_order_mean+p7_coverage,2,concatenated,0.678,0.0182,0.5994,0.7793,0.1229,0.0184
laya_multi_en:panel[p7_coverage+p8_similarity]:top2_mean,panel,laya_multi_en,p7_coverage+p8_similarity,2,top2_mean,0.6766,0.0169,0.6119,0.7707,0.1564,0.0178
xnli_mdeberta:entailment:mean,signal,xnli_mdeberta,entailment,1,mean,0.6761,0.0203,0.5509,0.7691,0.2379,0.0261
laya_multi_en_m2m100:panel[position_order_mean+p8_similarity]:concatenated,panel,laya_multi_en_m2m100,position_order_mean+p8_similarity,2,concatenated,0.6757,0.0179,0.6044,0.7752,0.138,0.02
laya_multi_pt:panel[p7_coverage+p8_similarity]:max,panel,laya_multi_pt,p7_coverage+p8_similarity,2,max,0.6746,0.0162,0.5803,0.7271,0.1997,0.0187
laya_multi_en:panel[position_order_mean+p7_coverage+p8_similarity]:mean,panel,laya_multi_en,position_order_mean+p7_coverage+p8_similarity,3,mean,0.6743,0.0161,0.5957,0.7548,0.1216,0.0152
xnli_mdeberta_en_m2m100:entailment:concatenated,signal,xnli_mdeberta_en_m2m100,entailment,1,concatenated,0.6742,0.0147,0.5906,0.7192,0.1493,0.0162
laya_multi_pt:panel[p7_coverage+p8_similarity]:top2_mean,panel,laya_multi_pt,p7_coverage+p8_similarity,2,top2_mean,0.6732,0.0161,0.6004,0.724,0.1728,0.0205
laya_multi_pt:p8_similarity:max,signal,laya_multi_pt,p8_similarity,1,max,0.6726,0.0162,0.5903,0.7318,0.1485,0.0176
laya_multi_en:p7_coverage:max,signal,laya_multi_en,p7_coverage,1,max,0.6705,0.0168,0.5984,0.7556,0.1734,0.0194
laya_multi_en:panel[position_order_mean+p8_similarity]:mean,panel,laya_multi_en,position_order_mean+p8_similarity,2,mean,0.6704,0.0171,0.5774,0.7527,0.1107,0.0152
laya_multi_en_m2m100:panel[position_order_mean+p7_coverage+p8_similarity]:mean,panel,laya_multi_en_m2m100,position_order_mean+p7_coverage+p8_similarity,3,mean,0.6695,0.0162,0.5902,0.7586,0.135,0.019
laya_multi_en_m2m100:panel[p7_coverage+p8_similarity]:top2_mean,panel,laya_multi_en_m2m100,p7_coverage+p8_similarity,2,top2_mean,0.6688,0.0181,0.5923,0.7722,0.1615,0.0227
laya_multi_en_m2m100:p7_coverage:max,signal,laya_multi_en_m2m100,p7_coverage,1,max,0.6687,0.0199,0.5774,0.7822,0.162,0.0214
laya_multi_en_m2m100:position_order_mean:concatenated,signal,laya_multi_en_m2m100,position_order_mean,1,concatenated,0.6682,0.0162,0.5986,0.7539,0.1164,0.0161
assin2_mdeberta:entailment:max,signal,assin2_mdeberta,entailment,1,max,0.6674,0.0146,0.5768,0.7232,0.1004,0.0089
laya_multi_en_m2m100:p8_similarity:max,signal,laya_multi_en_m2m100,p8_similarity,1,max,0.667,0.0169,0.5891,0.7534,0.1261,0.0192
assin2_mdeberta:entailment:top2_mean,signal,assin2_mdeberta,entailment,1,top2_mean,0.6666,0.0153,0.5724,0.7202,0.1031,0.0105
assin2_mdeberta:entailment:noisy_or,signal,assin2_mdeberta,entailment,1,noisy_or,0.6659,0.0153,0.5714,0.7174,0.1049,0.0106
laya_multi_en:p8_similarity:top2_mean,signal,laya_multi_en,p8_similarity,1,top2_mean,0.6655,0.0178,0.5761,0.7551,0.1084,0.0119
assin2_mdeberta:entailment:mean,signal,assin2_mdeberta,entailment,1,mean,0.6653,0.0153,0.5714,0.7153,0.1049,0.0106
laya_multi_en:p7_coverage:top2_mean,signal,laya_multi_en,p7_coverage,1,top2_mean,0.6643,0.0184,0.5805,0.7567,0.1478,0.0201
laya_multi_en_m2m100:p7_coverage:top2_mean,signal,laya_multi_en_m2m100,p7_coverage,1,top2_mean,0.664,0.0195,0.5842,0.7794,0.1451,0.0228
laya_multi_en_m2m100:p5_position:concatenated,signal,laya_multi_en_m2m100,p5_position,1,concatenated,0.6636,0.0169,0.5894,0.7578,0.1341,0.0164
laya_multi_en_m2m100:p6_position_reversed:concatenated,signal,laya_multi_en_m2m100,p6_position_reversed,1,concatenated,0.6625,0.0145,0.5967,0.7329,0.1061,0.0146
laya_multi_pt:p7_coverage:top2_mean,signal,laya_multi_pt,p7_coverage,1,top2_mean,0.662,0.0177,0.5693,0.7252,0.1692,0.0186
laya_multi_en_m2m100:panel[position_order_mean+p8_similarity]:mean,panel,laya_multi_en_m2m100,position_order_mean+p8_similarity,2,mean,0.6613,0.0161,0.5773,0.7438,0.1129,0.0187
laya_multi_pt:p8_similarity:top2_mean,signal,laya_multi_pt,p8_similarity,1,top2_mean,0.6596,0.016,0.5917,0.7173,0.1164,0.0137
laya_multi_pt:p7_coverage:max,signal,laya_multi_pt,p7_coverage,1,max,0.6587,0.0185,0.5457,0.7291,0.173,0.0142
laya_multi_pt:p7_coverage:noisy_or,signal,laya_multi_pt,p7_coverage,1,noisy_or,0.6577,0.0174,0.5745,0.7194,0.1529,0.0177
laya_multi_en:p7_coverage:noisy_or,signal,laya_multi_en,p7_coverage,1,noisy_or,0.6577,0.0165,0.5904,0.7316,0.1462,0.0155
laya_multi_en_m2m100:p7_coverage:noisy_or,signal,laya_multi_en_m2m100,p7_coverage,1,noisy_or,0.6569,0.0186,0.5815,0.7674,0.1264,0.019
laya_multi_pt:panel[p7_coverage+p8_similarity]:noisy_or,panel,laya_multi_pt,p7_coverage+p8_similarity,2,noisy_or,0.6554,0.0159,0.5895,0.7081,0.1357,0.0172
laya_multi_pt:p7_coverage:mean,signal,laya_multi_pt,p7_coverage,1,mean,0.6553,0.0171,0.5795,0.7165,0.1177,0.0158
laya_multi_en:p7_coverage:mean,signal,laya_multi_en,p7_coverage,1,mean,0.6535,0.016,0.5929,0.7259,0.1182,0.0162
laya_multi_en:panel[p7_coverage+p8_similarity]:concatenated,panel,laya_multi_en,p7_coverage+p8_similarity,2,concatenated,0.6521,0.0201,0.561,0.7363,0.1219,0.0206
laya_multi_en_m2m100:p7_coverage:mean,signal,laya_multi_en_m2m100,p7_coverage,1,mean,0.652,0.0182,0.5821,0.7598,0.1348,0.0191
laya_multi_en:panel[p7_coverage+p8_similarity]:noisy_or,panel,laya_multi_en,p7_coverage+p8_similarity,2,noisy_or,0.6519,0.0153,0.5897,0.7336,0.1336,0.0165
laya_multi_en_m2m100:panel[p7_coverage+p8_similarity]:noisy_or,panel,laya_multi_en_m2m100,p7_coverage+p8_similarity,2,noisy_or,0.6508,0.0169,0.5809,0.7495,0.1202,0.0174
laya_multi_en_m2m100:panel[p7_coverage+p8_similarity]:concatenated,panel,laya_multi_en_m2m100,p7_coverage+p8_similarity,2,concatenated,0.6496,0.0209,0.5295,0.7627,0.1152,0.0176
laya_multi_en:p7_coverage:concatenated,signal,laya_multi_en,p7_coverage,1,concatenated,0.6481,0.0217,0.5612,0.7347,0.1422,0.0256
laya_multi_en_m2m100:p7_coverage:concatenated,signal,laya_multi_en_m2m100,p7_coverage,1,concatenated,0.648,0.0226,0.5415,0.755,0.1447,0.026
laya_multi_pt:panel[p7_coverage+p8_similarity]:mean,panel,laya_multi_pt,p7_coverage+p8_similarity,2,mean,0.6479,0.0159,0.5886,0.7016,0.1274,0.0135
laya_multi_pt:panel[p7_coverage+p8_similarity]:concatenated,panel,laya_multi_pt,p7_coverage+p8_similarity,2,concatenated,0.6457,0.0162,0.5659,0.7156,0.121,0.0178
laya_multi_en_m2m100:p8_similarity:top2_mean,signal,laya_multi_en_m2m100,p8_similarity,1,top2_mean,0.6456,0.0185,0.5614,0.7419,0.0786,0.0142
laya_multi_en_m2m100:panel[p7_coverage+p8_similarity]:mean,panel,laya_multi_en_m2m100,p7_coverage+p8_similarity,2,mean,0.642,0.0163,0.5776,0.7373,0.1056,0.0159
laya_multi_en:panel[p7_coverage+p8_similarity]:mean,panel,laya_multi_en,p7_coverage+p8_similarity,2,mean,0.6411,0.015,0.5812,0.7198,0.1105,0.0166
laya_multi_pt:p7_coverage:concatenated,signal,laya_multi_pt,p7_coverage,1,concatenated,0.6368,0.0183,0.5702,0.7159,0.1329,0.0164
laya_multi_pt:p8_similarity:noisy_or,signal,laya_multi_pt,p8_similarity,1,noisy_or,0.6325,0.0156,0.564,0.6899,0.083,0.0146
laya_multi_pt:p8_similarity:concatenated,signal,laya_multi_pt,p8_similarity,1,concatenated,0.6301,0.015,0.5547,0.6857,0.0695,0.0104
laya_multi_en_m2m100:p8_similarity:concatenated,signal,laya_multi_en_m2m100,p8_similarity,1,concatenated,0.6286,0.0216,0.5216,0.7499,0.0892,0.0169
laya_multi_en:p8_similarity:noisy_or,signal,laya_multi_en,p8_similarity,1,noisy_or,0.6285,0.018,0.5396,0.7218,0.061,0.011
laya_multi_en_m2m100:p8_similarity:noisy_or,signal,laya_multi_en_m2m100,p8_similarity,1,noisy_or,0.6229,0.0168,0.553,0.7148,0.1032,0.0189
laya_multi_en:p8_similarity:concatenated,signal,laya_multi_en,p8_similarity,1,concatenated,0.6222,0.0195,0.5152,0.7205,0.0777,0.0129
laya_multi_pt:p8_similarity:mean,signal,laya_multi_pt,p8_similarity,1,mean,0.6193,0.0153,0.5546,0.6752,0.0707,0.0122
laya_multi_en:p8_similarity:mean,signal,laya_multi_en,p8_similarity,1,mean,0.6116,0.0186,0.5221,0.7066,0.0612,0.0094
laya_multi_en_m2m100:p8_similarity:mean,signal,laya_multi_en_m2m100,p8_similarity,1,mean,0.6101,0.0162,0.5468,0.6975,0.0868,0.017
assin2_mdeberta:entailment:concatenated,signal,assin2_mdeberta,entailment,1,concatenated,0.5958,0.0188,0.5196,0.6743,0.051,0.0141
